planet_name,star_name,planets_in_system,orbital_period,semi_major_axis,radius_earths,mass_earths,radius_jupiters,mass_jupiters,density,equilibrium_temperature,ra,dec_
HD 80653 b,HD 80653,2,0.71957926,0.01657,1.621,5.61,0.14461618,0.01765103,7.24,2438.0,140.3390845,14.3678691
K2-312 c,HD 80653,2,871.32,1.882,12.8,1681.31227303,1.14,5.29,4.41,229.0,140.3390845,14.3678691
XO-2 S d,XO-2 S,4,4696.0,5.46,13.0,1179.14338997,1.16,3.71,2.95,110.98,117.0309753,50.2169068
Kepler-1808 b,Kepler-1808,1,23.3404007,0.1467,3.02511302,9.4,0.26988297,0.0296,1.87,601.0,287.2924737,39.3832039
Kepler-249 d,Kepler-249,3,15.368459,0.097,1.57,3.09,0.14,0.00972,4.39,332.0,296.9853002,43.6586043
Kepler-1408 b,Kepler-1408,1,2.99793191,0.04218,0.89,0.64,0.07940048,0.00201,4.99,1616.0,282.6998783,45.4257884
HR 8799 b,HR 8799,4,170000.0,68.0,13.0,2000.0,1.2,7.0,5.0,1200.0,346.8701486,21.1340376
Kepler-500 b,Kepler-500,1,8.508324398,0.08361,2.58,7.18,0.23017218,0.0226,2.3,909.0,295.9513472,43.8519884
CoRoT-17 b,CoRoT-17,1,3.7681,0.0461,11.43,772.29,1.02,2.43,2.82,1626.0,278.699236,-6.612288
Kepler-1685 b,Kepler-1685,1,20.4905,0.1485,2.57673985,7.16,0.22988133,0.0225,2.3,625.0,296.1882618,43.9368118
Kepler-296 b,Kepler-296,5,10.864384,0.079,1.61,3.22,0.14363458,0.0101,3.0,495.0,286.5400278,49.4372614
TOI-1744.01,TOI-1744,1,22.341702927,0.164086,2.68,7.65,0.239094,0.0241,2.18,598.0,294.2910707,60.881302
TOI-4377 b,TOI-4377,1,4.378081,0.0579,15.10970598,304.1617855,1.348,0.957,0.881,1162.08,164.9324709,-82.2213501
HD 64114 b,HD 64114,1,45.791,0.246,4.41,17.8,0.393,0.05600478,1.14,518.51,117.982556,-11.0337221
TOI-858 B b,TOI-858 B,1,3.2797178,0.04435,14.06727078,349.6112477,1.255,1.1,0.69,1529.0,60.1998256,-54.5929177
HD 27969 b,HD 27969,1,654.5,1.552,12.9,1525.5763536,1.15,4.8,3.91,261.0,66.7068364,42.90872
Kepler-1947 b,Kepler-1947,1,6.963630199,0.07375,1.0101666,1.01,0.09012118,0.00317,5.38,1298.0,296.1040313,42.3425818
Kepler-81 d,Kepler-81,3,20.837846,0.128,1.21,1.92,0.108,0.00606,5.96,418.0,293.6369437,42.8248275
Kepler-900 b,Kepler-900,1,6.9913086,0.0679,2.08,4.98,0.18556517,0.0157,3.04,716.0,296.177272,46.9989635
TOI-1296 b,TOI-1296,1,3.9443736,0.051,14.11645916,95.3,1.2593883,0.29984733,0.19,1414.84,256.7706392,70.2384806
HD 24040 b,HD 24040,2,3668.0,4.92,12.9,1589.142035,1.15,5.0,4.07,143.81,57.5962104,17.4752873
Kepler-638 b,Kepler-638,1,6.07972888,0.06695,1.83,4.01,0.16326166,0.0126,3.6,1111.0,284.9194213,41.6172093
Kepler-375 b,Kepler-375,2,12.125934,0.101,1.45,2.7,0.129,0.00849,4.87,851.0,288.6178715,48.0983639
Kepler-1590 b,Kepler-1590,1,7.61760804,0.07116,1.14,1.55,0.10170399,0.00489,5.75,1020.0,291.4079141,48.0178915
Kepler-666 b,Kepler-666,1,4.49876092,0.0542,2.4,6.35,0.21411366,0.02,2.52,1133.0,298.4568899,48.7915925
Kepler-586 b,Kepler-586,1,2.104722184,0.0331,2.79,8.2,0.24890713,0.0258,2.07,1365.0,293.0571982,45.5511266
HD 180053 b,HD 180053,1,213.72,0.843,13.3,697.31902,1.19,2.194,1.63,542.98,288.4008374,34.9146658
Kepler-1827 b,Kepler-1827,1,3.700619936,0.04647,1.85644292,4.1,0.16562103,0.0129,3.52,1329.0,292.2525301,40.7927895
Kepler-83 b,Kepler-83,3,9.77,0.07295,2.83,2.94,0.252,0.00925027,0.52,460.0,282.2325197,43.6655662
TOI-1410 c,TOI-1410,2,47.56,0.239,5.63,27.0,0.502,0.0849515,0.831,397.45,334.8828486,42.5603141
Kepler-578 b,Kepler-578,1,1.616883696,0.0266,2.0,4.66,0.17842805,0.0147,3.2,1774.0,288.7549882,39.563696
TOI-3807 b,TOI-3807,1,2.8989727,0.0421,18.49481816,330.54154328,1.65,1.04,0.289,1646.0,139.1125648,69.0741284
Kepler-239 b,Kepler-239,2,11.763051,0.095,2.33,6.04,0.208,0.019,2.62,616.0,294.2020505,40.6633313
Kepler-1812 b,Kepler-1812,1,7.165219784,0.0765,2.3249424,6.01,0.20741783,0.0189,2.63,1034.0,298.0845087,40.2832525
HD 191939 c,HD 191939,6,28.579743,0.1752,3.195,8.0,0.2850393,0.02517081,1.35,600.0,302.0256247,66.8503014
Kepler-931 b,Kepler-931,1,8.03755877,0.0719,1.33,2.33,0.11865465,0.00733,5.44,744.0,297.1326937,42.7682885
Kepler-501 c,Kepler-501,2,3.622760057,0.0467,1.68119739,3.47,0.14998664,0.0109,4.01,1304.0,297.2014919,41.7301534
Kepler-1664 b,Kepler-1664,1,14.3868,0.1137,3.03320653,9.45,0.27060456,0.0297,1.86,776.0,286.8527157,49.2616668
WASP-105 b,WASP-105,1,7.87288,0.075,10.76064,572.094,0.96,1.8,2.65,900.0,24.1678686,-50.659308
Kepler-58 b,Kepler-58,4,10.2184954,0.09291,2.78,35.5,0.248,0.11169549,10.1,920.0,296.3586251,39.1152033
GJ 887 b,GJ 887,4,9.2619,0.0683,1.8,3.9,0.161,0.01227077,3.67,426.0,346.5027573,-35.8473489
TOI-1759 b,TOI-1759,1,18.85019,0.1177,3.14,10.8,0.28013252,0.0339806,1.91,443.0,326.8516615,62.7538164
HIP 70849 b,HIP 70849,1,3649.0,3.99,12.9,1430.2278315,1.15,4.5,3.66,78.85,217.3270762,-46.464684
KOI-142 b,KOI-142,3,10.91647,0.09586,3.438,9.5,0.30671782,0.03,1.29,758.0,291.1481028,40.669413
Barnard c,Barnard's star,4,4.1244,0.0274,0.743,0.335,0.0663,0.00105403,4.49,400.0,269.4486144,4.7379808
HATS-62 b,HATS-62,1,3.2768837,0.04163,11.825495,56.89157,1.055,0.179,0.076,1237.0,312.4493079,-24.303506
Kepler-1350 c,Kepler-1350,2,1.766789062,0.0222,1.73,3.64,0.15434026,0.0115,3.86,730.0,288.250611,46.6794847
TOI-1410.01,TOI-1410,2,1.21687,0.0207,3.10083009,12.5,0.27663801,0.0393294,2.3,1236.7,334.8828486,42.5603141
TOI-5110 b,TOI-5110,1,30.158577,0.2157,11.98240037,921.7023803,1.069,2.9,2.95,976.0,94.4042694,31.6103309
GJ 229 A c,GJ 229,2,121.93268,0.384,2.87,8.58136699,0.256,0.027,1.99,188.1,92.6435993,-21.8677233
Kepler-341 c,Kepler-341,4,8.01041,0.08,1.7,3.53,0.152,0.0111,3.95,940.0,289.8615609,43.4727412
TOI-791 c,TOI-791,2,232.0157,0.863,12.94637271,18.6,1.155,0.05852214,0.047,362.8,118.4347574,-69.7017359
Kepler-590 b,Kepler-590,1,5.85296257,0.0647,4.02,15.2,0.35864038,0.0479,1.29,1056.0,296.3855467,48.2334177
HD 180902 b,HD 180902,1,510.9,1.4,13.5,535.54355,1.2,1.685,1.2,412.37,289.8239604,-23.5582432
Qatar-7 b,Qatar-7,1,2.032046,0.0352,19.0553,597.5204,1.7,1.88,0.502,2053.0,358.5151344,37.0218242
TOI-5624 e,TOI-5624,5,21.489936,0.1439,3.247,8.9,0.28967844,0.02800253,1.46,613.8,180.8443476,49.2512257
Kepler-764 b,Kepler-764,1,7.33683936,0.0724,1.64,3.33,0.146311,0.0105,4.15,875.0,297.3931183,47.1645814
TOI-7166 b,TOI-7166,1,12.92063621,0.06191,2.01,4.7,0.1793205,0.0148,3.18,249.0,320.6806363,8.8893975
TOI-6695 b,TOI-6695,2,80.389,0.402,9.52763359,66.74396547,0.85,0.21,0.41,599.0,129.5720221,-23.550217
GJ 3998 b,GJ 3998,3,2.65033,0.03,1.39,2.5,0.124,0.00786588,5.12,733.5,259.0020507,11.0561751
Kepler-656 b,Kepler-656,2,1.260259094,0.02231,3.12,9.91,0.27834776,0.0312,1.79,1569.0,288.3278778,47.381538
Kepler-751 b,Kepler-751,1,17.44490636,0.1263,2.46,6.62,0.2194665,0.0208,2.44,679.0,294.8438103,44.0776872
Kepler-276 d,Kepler-276,3,48.648,0.24666,2.8,16.3,0.25,0.051,0.76,489.0,293.568197,39.0363123
WASP-37 b,WASP-37,1,3.577469,0.0446,13.002,572.07,1.16,1.8,1.53,1232.5,221.9438866,1.0650227
Kepler-122 f,Kepler-122,5,56.268,0.28575,1.75,36.0,0.156,0.113,36.9,543.0,291.1118647,39.9490248
Kepler-397 c,Kepler-397,2,135.498527,0.48,6.18,31.6,0.551,0.0995,0.736,295.0,295.8940373,42.3805156
Kepler-1503 b,Kepler-1503,1,96.16987,0.3771,2.27,5.77,0.20251584,0.0182,2.71,321.0,293.7271604,42.8067119
TOI-1776 b,TOI-1776,1,2.799868,0.0378,1.21612741,1.4,0.10849581,0.00440489,4.13,1269.21,164.7772913,40.9837182
Kepler-1781 b,Kepler-1781,1,4.88752985,0.0574,2.38091029,6.26,0.21241095,0.0197,2.55,1003.0,291.7114906,42.3415097
HAT-P-40 b,HAT-P-40,1,4.45724,0.0608,17.03768,152.5584,1.52,0.48,0.15,1770.0,335.5129199,45.4573423
HD 81688 b,HD 81688,1,183.93,0.648,13.5,525.68818518,1.2,1.654,1.17,958.66,142.1665753,45.6009241
K2-19 d,K2-19,3,2.50827,0.03478,1.044,6.2,0.0931396,0.01950738,31.0,1258.0,174.9602543,0.603596
Kepler-1309 b,Kepler-1309,1,28.8432647,0.1679,2.37,6.21,0.21143724,0.0195,2.56,491.0,298.7351131,40.7641262
HD 169830 c,HD 169830,2,1818.82339,3.075,12.6,2437.42605328,1.13,7.669,6.7,241.03,276.9561859,-29.8167919
TOI-2525 b,TOI-2525,2,23.2856,0.1511,8.67575106,26.69758619,0.774,0.084,0.225,512.97,86.8509737,-60.5213081
Kepler-57 c,Kepler-57,2,11.6,0.09588,2.196,6.86,0.19591434,0.02158397,3.528714,671.0,293.6413146,44.6570692
Kepler-1300 b,Kepler-1300,1,22.2419092,0.16005,1.37,2.45,0.12222321,0.00771,5.24,954.0,289.0330532,40.0869182
K2-104 b,K2-104,1,1.9741954,0.0242,1.79,3.86,0.15969338,0.0121,3.7,798.0,129.6366594,19.7737202
KOI-134 b,KOI-134,2,67.1277,0.363,12.03844527,346.43296363,1.074,1.09,1.09,659.0,295.586598,45.3649371
TOI-1768.01,TOI-1768,1,7.337703649,0.076381,3.453,11.8,0.30805656,0.037,1.57,1566.0,152.1027826,55.5399599
HD 150706 b,HD 150706,1,5894.0,6.7,13.3,772.32302901,1.18,2.43,1.8,108.81,247.8255687,79.7894032
HR 8799 e,HR 8799,4,20815.6,16.4,13.11453,3178.3,1.17,10.0,7.74,1150.0,346.8701486,21.1340376
Kepler-770 b,Kepler-770,3,18.92540274,0.1694,2.3,5.9,0.20519226,0.0186,2.66,1171.0,286.4904589,38.374872
HD 95089 b,HD 95089,2,464.4,1.36,13.7,400.4658,1.22,1.26,0.856,458.34,164.698748,1.7290087
HIP 10090 c,HIP 10090,2,321.82,0.9,13.9,270.15414595,1.24,0.85,0.553,338.35,32.4351198,-30.7470844
Kepler-1600 c,Kepler-1600,2,7.298049927,0.06961,1.94206512,4.43,0.17325974,0.0139,3.32,786.0,291.3993802,38.7877563
TOI-1782.01,TOI-1782,2,4.987641028,0.05024,2.368,6.2,0.21125917,0.0195,2.57,697.84,213.0787718,74.4117909
Kepler-855 b,Kepler-855,1,7.886631104,0.0762,8.35,52.7,0.7449371,0.166,0.497,996.0,295.0949565,43.537565
Kepler-24 e,Kepler-24,4,18.998355,0.138,2.78,26.2118,0.248,0.08247155,0.31,792.0,290.4132621,38.3437283
Kepler-1435 b,Kepler-1435,1,4.45343281,0.05456,0.86,0.566,0.07672406,0.00178,4.89,1331.0,291.1732806,44.9210836
Kepler-1771 b,Kepler-1771,1,88.64399719,0.3815,4.05537256,15.5,0.36179673,0.0487,1.28,391.0,292.0134714,49.0191267
Kepler-338 b,Kepler-338,4,13.726976,0.117,2.44,30.6,0.218,0.096,11.6,1005.0,282.9790593,40.7844188
HD 5583 b,HD 5583,1,139.35,0.53,12.8,1837.0574,1.14,5.78,4.81,964.55,14.486946,34.9853306
HD 188641 b,HD 188641,1,14583.81038,12.027,11.9,9333.03117155,1.06,29.365,30.4,114.36,299.4048303,-37.7448845
K2-39 b,K2-39,1,4.60543,0.05708,6.27704,28.6047,0.56,0.09,0.93,1670.0,338.3682095,-9.0229405
Kepler-1872 b,Kepler-1872,1,3.825910091,0.0465,2.38421141,6.28,0.21270546,0.0197,2.55,1005.0,281.0491988,43.3225996
K2-130 b,K2-130,1,2.49412,0.032,1.25,2.1,0.11151753,0.0066,5.91,1013.11,290.2705419,-19.6908744
HD 89839 b,HD 89839,1,3391.2,4.713,12.8,1748.0562385,1.14,5.5,4.58,159.03,155.168879,-53.6640291
Kepler-106 e,Kepler-106,4,43.8445,0.24006,2.56,11.17,0.228,0.035,3.1,531.0,300.864006,44.3375497
Kepler-430 c,Kepler-430,2,110.979,0.4757,1.75,3.71,0.16,0.0117,3.8,458.0,292.8085984,49.5794242
Ross 508 b,Ross 508,1,10.77,0.05366,1.83,4.0,0.163,0.01258541,3.59,293.86,230.9613022,17.4605347
Kepler-869 b,Kepler-869,1,40.4287755,0.2244,3.61,12.7,0.32206263,0.0399,1.48,494.0,289.4245955,50.9941198
GJ 2126 b,GJ 2126,1,272.7,0.71,13.6,413.1769291,1.22,1.3,0.903,203.08,257.3606793,-35.391719
WASP-46 b,WASP-46,1,1.43036763,0.02335,13.159366,607.0553,1.174,1.91,1.467,1636.0,318.7370122,-55.8718634
Kepler-932 b,Kepler-932,1,1.921437396,0.02876,1.37,2.45,0.12222321,0.00771,5.24,1276.0,296.9520797,43.2720233
HD 1605 b,HD 1605,2,577.2,1.492,13.8,296.85322,1.23,0.934,0.621,362.48,5.1317548,30.9750611
Kepler-1206 b,Kepler-1206,1,1.216997663,0.0201,1.64,3.33,0.146311,0.0105,4.15,1314.0,295.9383737,49.7911337
Kepler-520 b,Kepler-520,2,19.67416124,0.14628,1.66,3.39,0.14809528,0.0107,4.07,711.0,293.1802903,41.6177408
Kepler-1250 b,Kepler-1250,1,2.607543834,0.0393,1.92,4.35,0.17129093,0.0137,3.38,1431.0,287.7938184,45.9802492
TOI-2141 b,TOI-2141,3,18.261608,0.1322,3.147,20.1,0.28075702,0.06324167,3.54,728.0,258.7623456,18.3403449
GJ 317 b,GJ 317,2,695.69,1.138,13.3,794.5,1.18,2.5,1.86,100.32,130.2445254,-23.452809
Kepler-1851 b,Kepler-1851,1,12.02289963,0.1016,3.90012032,14.5,0.34794603,0.0455,1.34,776.0,285.6737597,45.6398375
Kepler-350 b,Kepler-350,3,11.189562,0.104,1.85,16.9,0.165,0.05317335,4.9,1037.0,285.4195845,39.7061009
K2-414 c,K2-414,2,6.669,0.0552,1.9287,4.38,0.17206739,0.0138,3.35,762.62,351.6361913,-4.6066569
K2-148 b,K2-148,3,4.38395,0.0454,1.33,2.33,0.11865465,0.00733,5.44,733.87,14.5176494,-0.193258
Kepler-633 b,Kepler-633,2,8.50340718,0.08185,1.63,3.29,0.14541886,0.0104,4.17,1021.0,295.2173259,40.5921599
Kepler-61 b,Kepler-61,1,59.87756,0.24861,2.15,5.27,0.192,0.0166,2.91,273.0,295.3044942,42.4753193
TOI-4562 b,TOI-4562,2,225.1064,0.768,12.53,732.0,1.118,2.3,2.06,318.0,112.0100593,-63.5177788
Kepler-1154 c,Kepler-1154,2,8.45808312,0.0875,2.36,6.17,0.2105451,0.0194,2.58,1117.0,297.4771158,39.8772345
Kepler-241 c,Kepler-241,2,36.065978,0.189,2.57,7.13,0.229,0.0224,2.31,397.0,292.9131121,41.0609786
Kepler-863 b,Kepler-863,1,15.59461874,0.122,2.9,8.75,0.25872067,0.0275,1.97,718.0,297.6644677,43.2489903
CoRoT-35 b,CoRoT-35,1,3.22748,0.0429,18.83108758,349.6112477,1.68,1.1,0.29,1747.0,289.3143526,-2.7747085
Kepler-1127 b,Kepler-1127,1,5.12330347,0.0556,1.96,4.5,0.17485949,0.0142,3.28,994.0,293.2173563,42.7205846
Kepler-1234 b,Kepler-1234,1,11.94014029,0.096,2.81,8.3,0.25069141,0.0261,2.06,625.0,287.5220359,51.3759464
HAT-P-27 b,HAT-P-27,1,3.039577,0.04,11.43,197.05,1.02,0.62,0.76,1091.99,222.7673221,5.9473626
Kepler-1934 b,Kepler-1934,1,1.419759989,0.02466,0.91307734,0.702,0.08145944,0.00221,5.07,1700.0,290.9193265,37.2871677
Kepler-1344 b,Kepler-1344,1,4.7683049,0.05501,1.84,4.04,0.1641538,0.0127,3.56,1219.0,287.0862799,46.9457998
Kepler-1124 b,Kepler-1124,1,2.852348975,0.0305,1.28,2.18,0.11419395,0.00687,5.71,621.0,286.5942529,37.8912836
Kepler-117 c,Kepler-117,2,50.790391,0.2804,12.341,584.78,1.101,1.84,1.74,704.0,288.7930651,48.040176
K2-97 b,K2-97,1,8.407115,0.0854,13.45077684,174.48779544,1.2,0.549,0.392,1566.0,127.762837,10.8475571
Kepler-1581 b,Kepler-1581,1,6.28385491,0.06865,0.8,0.437,0.07137122,0.00137,4.69,1108.0,287.3713199,39.6036225
TOI-206 b,TOI-206,1,0.7363104,0.0112,1.3,2.24,0.11597843,0.00705,5.6,910.0,73.7382202,-62.521874
BD+48 740 b,BD+48 740,1,733.0,1.7,13.5,540.311,1.2,1.7,1.21,538.94,40.7425426,48.9300579
HD 4308 b,HD 4308,1,15.56,0.12,4.12,15.8915,0.368,0.05,1.25,799.37,11.1652594,-65.6527159
Kepler-1403 b,Kepler-1403,1,5.19492202,0.064,2.14,5.22,0.19091801,0.0164,2.93,1238.0,290.8676391,38.9600779
TOI-707 b,TOI-707,1,52.79918,0.275,2.416,6.42,0.2155,0.0202,2.5,491.7,98.7295889,-67.5372743
Kepler-546 b,Kepler-546,1,4.147020258,0.0502,7.0,39.1,0.62449817,0.123,0.626,1258.0,283.257573,40.9904095
Kepler-299 d,Kepler-299,4,15.054786,0.118,1.86,4.12,0.166,0.013,3.52,729.0,283.2070156,48.5805222
TOI-283 b,TOI-283,1,17.61745,0.123,2.34,6.54,0.20876118,0.02057714,2.81,661.0,118.5693065,-65.441482
Kepler-236 b,Kepler-236,2,8.295611,0.065,1.57,3.09,0.14,0.00972,4.39,469.0,283.8664285,39.8981928
HIP 8541 b,HIP 8541,2,1852.14387,3.729,12.6,2451.7283316,1.13,7.714,6.73,305.12,27.5271962,-54.4651633
HD 92788 c,HD 92788,2,11611.2975,10.5,13.0,1166.4361,1.16,3.67,2.92,91.27,160.7021351,-2.1847173
Kepler-310 b,Kepler-310,3,13.930698,0.111,1.19,1.81,0.106,0.0057,5.9,665.0,288.839278,46.9867472
Kepler-1886 b,Kepler-1886,1,24.2758007,0.16,2.58158428,7.18,0.23031392,0.0226,2.29,580.0,296.2645118,39.4059745
HD 207832 c,HD 207832,2,1155.7,2.112,14.0,232.0159,1.25,0.73,0.465,179.84,328.1517893,-26.0271749
HAT-P-49 b,HAT-P-49,1,2.69155,0.04378,17.82231,699.226,1.59,2.2,0.75,2131.0,305.4413294,26.6926759
TOI-6019 b,TOI-6019,1,14.547952,0.1212,12.3,149.0,1.09733439,0.46880643,0.44,1095.0,355.0913498,35.9408402
16 Cyg B b,16 Cyg B,1,798.5,1.66,13.5,565.7374,1.2,1.78,1.26,228.76,295.4656422,50.5168243
Kepler-522 b,Kepler-522,1,38.58422849,0.25029,6.91,38.2,0.61646891,0.12,0.636,761.0,288.153973,44.0688154
Kepler-1467 b,Kepler-1467,1,47.0569043,0.2388,3.3,10.9,0.29440628,0.0343,1.67,411.0,295.0485389,45.3426781
Kepler-758 c,Kepler-758,4,4.75793986,0.05768,1.69,3.5,0.1507717,0.011,3.98,1372.0,293.0846115,41.1354049
Kepler-19 b,Kepler-19,3,9.28699,0.0846,2.209,6.1,0.19707412,0.01919275,3.1,851.0,290.4209694,37.8516556
Kepler-1102 b,Kepler-1102,1,51.3285623,0.2731,2.66,7.56,0.23730931,0.0238,2.21,546.0,281.3225917,48.0664955
HD 72659 c,HD 72659,2,35500.0,21.5,12.1,6165.8710958,1.08,19.4,19.1,71.91,128.5128072,-1.5686323
HD 174205 b,HD 174205,1,582.0,1.7,13.0,1334.8793094,1.16,4.2,3.34,821.72,280.7932014,70.7928237
Kepler-617 b,Kepler-617,1,1.682696148,0.0219,1.32,2.3,0.11776251,0.00724,5.5,750.0,283.7407247,47.5161237
Kepler-371 c,Kepler-371,2,67.968015,0.313,1.78,3.82,0.159,0.012,3.72,443.0,292.3264835,38.6575441
Kepler-265 e,Kepler-265,4,67.831024,0.319,2.59,7.22,0.231,0.0227,2.28,476.0,290.5104788,41.244743
Kepler-1610 c,Kepler-1610,2,44.9851885,0.2323,2.09,5.02,0.18645763,0.0158,3.02,433.0,295.9049795,45.4054296
Qatar-2 b,Qatar-2,1,1.33711647,0.02153,14.056,792.635,1.254,2.494,1.573,1344.0,207.6554928,-6.8040714
HD 222076 b,HD 222076,1,871.0,1.83,13.5,495.8148,1.21,1.56,1.11,346.88,354.531982,-70.9032461
HD 98736 b,HD 98736,1,968.8,1.864,13.3,740.5439,1.19,2.33,1.73,179.53,170.4549045,18.1896082
HD 40979 b,HD 40979,1,264.14999,0.85,12.9,1484.2661,1.15,4.67,3.8,354.69,91.1253346,44.2597855
TOI-286 b,TOI-286,2,4.5117244,0.0503,1.42,4.53,0.12668413,0.01425297,8.63,979.0,90.9842762,-60.6663348
Kepler-750 c,Kepler-750,2,4.08899022,0.05009,1.62,3.26,0.14452672,0.0102,4.21,1537.0,289.0968274,44.004364
Kepler-282 b,Kepler-282,4,9.220524,0.082,1.01,1.01,0.09,0.00317,5.39,817.0,284.6772402,44.7976401
Kepler-278 c,Kepler-278,2,51.111,0.287,3.268,34.9,0.29155193,0.10980768,5.5,492.0,290.1072124,38.7022694
GJ 180 d,GJ 180,3,106.3,0.309,2.66,7.56,0.237,0.0237863,2.21,187.94,73.460097,-17.776194
HD 1461 c,HD 1461,2,13.5052,0.1117,2.23,5.59,0.199,0.01758802,2.77,892.87,4.6762645,-8.0536206
Kepler-1248 b,Kepler-1248,1,7.46725407,0.0806,1.18,1.76,0.10527255,0.00553,5.89,1035.0,288.0592191,51.3544564
K2-275 b,K2-275,2,3.2809626,0.0277,2.34,6.08,0.20876118,0.0191,2.61,1166.0,132.1698795,20.4550162
HD 74156 b,HD 74156,2,51.63564,0.28,13.5,532.36258173,1.2,1.675,1.19,679.63,130.6047813,4.5772338
Kepler-267 c,Kepler-267,3,6.87745,0.06,2.13,5.18,0.19,0.0163,2.95,484.0,299.8305655,47.1575741
K2-86 b,K2-86,1,8.77683,0.077,1.96,4.5,0.17485949,0.0142,3.28,830.49,51.5531053,18.6355718
Kepler-377 c,Kepler-377,2,27.014976,0.182,2.06,4.9,0.184,0.0154,3.08,677.0,295.4220717,38.7356737
Proxima Cen d,Proxima Cen,2,5.12338,0.02881,0.692,0.26,0.0618,0.00081805,4.31,282.0,217.3934657,-62.6761821
HD 15906 b,HD 15906,2,10.924709,0.09,2.24,5.65,0.19983976,0.0178,2.76,668.0,38.2712534,-10.352178
HD 196050 b,HD 196050,1,1392.0,2.65,12.9,1493.7935129,1.15,4.7,3.82,207.52,309.4637796,-60.6347649
TOI-1279 b,TOI-1279,1,9.61419,0.085,2.66146528,10.6,0.23744044,0.03335133,3.05,759.0,185.0628734,56.2014094
K2-326 b,K2-326,1,1.256,0.0198,2.28,5.82,0.20340798,0.0183,2.7,1114.0,351.612262,1.3375909
Kepler-606 b,Kepler-606,1,24.31575992,0.17,3.31,11.0,0.29529842,0.0345,1.67,683.0,292.42737,44.3812406
Kepler-1575 b,Kepler-1575,1,2.55314213,0.0366,1.31,2.27,0.11687037,0.00714,5.55,1312.0,293.7432102,45.7615507
Kepler-729 b,Kepler-729,1,3.166353714,0.0432,3.58,12.5,0.31938621,0.0394,1.5,1273.0,286.3600604,45.4142664
Kepler-1995 b,Kepler-1995,1,73.7578875,0.3259,4.28,16.9,0.38183668,0.0533,1.18,375.0,284.342725,46.3165907
Kepler-1434 b,Kepler-1434,1,8.05333618,0.0917,1.11,1.41,0.09902757,0.00444,5.67,1320.0,295.5384415,51.2030002
Kepler-82 c,Kepler-82,5,51.54,0.2626,5.34,13.9,0.47640289,0.04373407,0.494,450.0,292.8733696,42.9661583
Kepler-1538 b,Kepler-1538,1,175.138819,0.6095,2.82,8.35,0.25158355,0.0263,2.05,346.0,283.345611,45.2743573
K2-187 b,K2-187,4,0.77401,0.0164,1.2,1.87,0.10705701,0.00588,5.95,1815.0,132.5235618,23.1924709
Kepler-464 b,Kepler-464,1,7.256965224,0.07931,3.3,10.9,0.29440628,0.0343,1.67,1163.0,294.8351052,48.9823204
61 Vir b,61 Vir,3,4.215,0.050201,2.11,5.1,0.188,0.016,2.98,1177.85,199.596455,-18.3157745
Kepler-1782 b,Kepler-1782,1,5.756229877,0.05825,2.22927435,5.6,0.19888288,0.0176,2.78,773.0,280.926162,44.0878036
Kepler-1580 b,Kepler-1580,1,56.6449279,0.33571,2.11,5.1,0.18824159,0.016,2.98,733.0,285.9687099,41.3635264
Kepler-198 d,Kepler-198,3,1.31184443,0.02342,1.53,2.96,0.13649746,0.0093,4.54,1562.0,290.6731326,38.6910045
Kepler-1737 b,Kepler-1737,1,64.61750031,0.297,5.395,25.1,0.48131049,0.079,0.878,383.0,297.0148111,47.486417
Kepler-134 c,Kepler-134,2,10.105785,0.092,1.26,2.13,0.112,0.00669,5.85,892.0,284.7391156,49.5984448
TOI-1860 b,TOI-1860,1,1.0662107,0.0204,1.31,2.27,0.11687057,0.00714,5.55,1885.0,226.4567308,64.0476821
Kepler-132 c,Kepler-132,4,6.414914,0.068,1.28,2.18,0.114,0.00687,5.71,1069.0,283.23581,41.343037
GJ 3942 b,GJ 3942,1,6.905,0.0608,2.57,7.14,0.229,0.02246484,2.31,590.0,242.2645452,52.9441443
Kepler-26 b,Kepler-26,4,12.28,0.08551,2.78,5.12,0.24801499,0.01610924,1.26,431.0,284.9410627,46.5664505
Kepler-1589 b,Kepler-1589,1,0.991665274,0.0205,1.09,1.32,0.09724329,0.00416,5.6,2102.0,294.4418236,40.5716114
GJ 581 c,GJ 581,3,12.9211,0.0718,2.5,6.81,0.223,0.02142666,2.39,346.13,229.8564725,-7.7226935
HD 196885 A b,HD 196885 A,1,1333.0,2.37,13.2,819.97,1.18,2.58,1.96,224.21,309.9664609,11.2500236
TOI-5592 b,TOI-5592,1,2.6085846,0.03935,17.14974047,285.72773789,1.53,0.899,0.22,1789.0,106.6800684,65.857249
Kepler-188 c,Kepler-188,2,5.996553,0.066,3.19,10.3,0.285,0.0324,1.74,1025.0,281.2797173,44.3154743
HIP 65407 c,HIP 65407,2,67.3,0.316,13.9,249.17872,1.24,0.784,0.51,457.04,201.087663,48.8847322
KOI-1831 d,Kepler-324,4,34.169,0.19924,1.13,2.23,0.10081202,0.00701636,9.95,475.0,286.4714473,49.6490933
Kepler-279 c,Kepler-279,4,35.736,0.2236,4.3,49.4,0.384,0.155,0.3,774.0,287.391295,42.194822
TOI-1444 b,TOI-1444,1,0.4702743,0.0116,1.41792246,3.58,0.12649879,0.01126394,6.84,2130.02,305.4749252,70.9437054
Kepler-329 c,Kepler-329,2,18.684737,0.113,1.93,4.38,0.172,0.0138,3.35,402.0,299.2681646,45.2272852
Kepler-487 d,Kepler-487,3,2.418390036,0.03445,2.77513568,8.12,0.24758145,0.0256,2.09,1226.0,295.2872318,41.2220033
HD 43691 b,HD 43691,1,36.9987,0.238,13.2,810.4665,1.18,2.55,1.94,761.79,94.8946124,41.0920773
Kepler-797 b,Kepler-797,1,27.07237711,0.181,2.17,5.35,0.19359443,0.0168,2.88,605.0,297.2089078,41.781645
Kepler-199 c,Kepler-199,2,67.093408,0.316,3.25,10.6,0.29,0.0334,1.7,420.0,295.5594278,40.236249
HATS-8 b,HATS-8,1,3.583893,0.04667,9.785457,43.86054,0.873,0.138,0.259,1324.0,294.9416887,-25.7483655
KOI-1783.01,KOI-1783,2,134.4628,0.52661,8.86,71.0,0.79043626,0.22338986,0.56,412.0,289.3414629,46.988155
KELT-16 b,KELT-16,1,0.9689951,0.02044,15.860735,874.0325,1.415,2.75,1.2,2453.0,314.2685227,31.6610186
Kepler-1681 b,Kepler-1681,1,69.8956,0.32,2.55321772,7.05,0.22778283,0.0222,2.33,442.0,296.6972773,46.3716969
Kepler-780 b,Kepler-780,1,0.677375164,0.015,0.89,0.64,0.07940048,0.00201,4.99,2099.0,281.7663511,44.2924898
Kepler-1572 b,Kepler-1572,1,5.49548621,0.05838,0.94,0.779,0.08386118,0.00245,5.15,1293.0,281.8973341,46.7227061
Kepler-1389 b,Kepler-1389,1,99.2530951,0.38249,1.77,3.78,0.15790882,0.0119,3.75,300.0,285.7174414,44.7583487
Kepler-251 d,Kepler-251,4,30.133001,0.182,2.77,8.1,0.247,0.0255,2.09,536.0,296.5662171,44.1058077
Kepler-127 d,Kepler-127,3,48.630408,0.28,2.64,7.46,0.236,0.0235,2.23,590.0,285.1899439,46.0280596
CoRoT-12 b,CoRoT-12,1,2.828042,0.04016,16.14,291.438,1.44,0.917,0.411,1442.0,100.7656871,-1.2964437
Kepler-1256 b,Kepler-1256,1,12.4127754,0.10733,1.49,2.83,0.1329289,0.00889,4.7,933.0,291.4742443,44.6834119
G 264-012 b,G 264-012,2,2.30538,0.02279,1.39,2.5,0.124,0.00786588,5.12,587.0,326.6719598,66.803848
GJ 143 b,GJ 143,2,35.61253,0.1915,2.61,22.7,0.2328486,0.07142183,7.0,422.0,51.7501882,-63.500166
K2-10 b,K2-10,1,19.30553,0.137,3.773,25.2,0.33660509,0.07928807,2.36,649.0,172.1216476,1.6906217
Kepler-182 b,Kepler-182,2,9.825792,0.096,2.58,7.18,0.23,0.0226,2.3,935.0,289.8301128,50.5862025
TOI-1659.01,TOI-1659,1,5.877556328,0.065757,2.255,5.71,0.20117797,0.018,2.74,1031.14,277.9251938,82.3059487
TOI-237 c,TOI-237,2,1.74486147,0.016,1.206,1.9,0.1075923,0.00598,5.95,515.0,353.2435381,-29.416487
Kepler-564 b,Kepler-564,1,3.750832285,0.0484,4.63,19.4,0.41306093,0.0609,1.07,1129.0,296.8383661,46.6263912
Kepler-878 b,Kepler-878,1,25.9422033,0.165,1.93,4.38,0.17218307,0.0138,3.35,501.0,285.2962562,46.6034497
Kepler-228 b,Kepler-228,3,2.566546,0.038,1.53,2.96,0.136,0.0093,4.54,1360.0,296.2860853,48.2246328
HD 6434 b,HD 6434,1,21.998,0.14,14.2,155.7367,1.27,0.49,0.299,786.83,16.1663441,-39.4904909
CoRoT-7 b,CoRoT-7,3,0.85359163,0.017016,1.68135,4.07660518,0.15,0.01282637,9.355,1756.0,100.9561682,-1.0630076
TOI-2969 b,TOI-2969,1,1.8237146,0.0261,12.32987877,368.68095212,1.1,1.16,1.1,1186.0,150.0626247,-47.4452436
Kepler-610 c,Kepler-610,2,151.86392,0.5594,3.3,10.9,0.29440628,0.0343,1.67,318.0,293.1713241,45.0655934
Kepler-1473 b,Kepler-1473,1,14.4273551,0.11606,1.19,1.81,0.10616469,0.0057,5.9,783.0,290.6365144,48.9961494
Kepler-447 b,Kepler-447,1,7.79430132,0.0769,18.49,435.41,1.65,1.37,0.4,882.0,285.2685283,48.5598835
Kepler-290 d,Kepler-290,3,0.764017553,0.0154,0.86,0.566,0.07672419,0.00178,4.89,1589.0,286.4100307,42.6815137
HD 34445 e,HD 34445,6,49.175,0.2687,4.26,16.8,0.38,0.0529,1.19,637.76,79.4207483,7.3527156
Kepler-384 c,Kepler-384,2,45.348269,0.236,1.13,1.51,0.101,0.00474,5.75,531.0,286.0261113,44.7828571
HD 120084 b,HD 120084,1,2142.0,4.21,12.7,2034.1018048,1.13,6.4,5.46,369.24,205.661989,78.0646376
Kepler-191 b,Kepler-191,3,9.939632,0.087,1.34,2.36,0.12,0.00742,5.39,722.0,291.1833211,45.3230937
GJ 680 b,GJ 680,1,17281.66514,10.138,12.0,7977.4930157,1.07,25.1,25.4,36.57,263.8072214,-48.6788427
Kepler-917 b,Kepler-917,1,2.970414375,0.0378,1.91,4.31,0.17039879,0.0136,3.4,991.0,299.0512562,47.9492677
TOI-1422 b,TOI-1422,2,12.99894,0.107,3.83,9.5,0.3416903,0.02989034,0.93,870.0,354.240829,39.6392793
Kepler-980 b,Kepler-980,1,11.55102504,0.09993,2.67,7.61,0.23820145,0.0239,2.2,845.0,294.6129869,45.060174
HATS-59 b,HATS-59,2,5.416081,0.06112,12.621334,256.17098,1.126,0.806,0.7,1128.0,170.324325,-22.388177
HD 73267 c,HD 73267,2,17071.78045,12.688,12.8,1630.77755632,1.15,5.131,4.27,69.53,129.0735123,-34.4594469
Kepler-580 b,Kepler-580,1,8.222419656,0.0683,2.57,7.13,0.22928004,0.0224,2.31,558.0,283.4997537,40.5528053
HD 152843 c,HD 152843,2,19.502104,0.1482,5.94,9.67,0.52993222,0.03042522,0.253,253.08,253.7848853,20.491524
HD 217786 c,HD 217786,2,2.52221,0.038,2.61,7.31005336,0.233,0.023,2.26,1663.13,345.7838088,-0.4303594
HR 8799 c,HR 8799,4,69000.0,38.0,13.0,3000.0,1.2,10.0,7.5,1200.0,346.8701486,21.1340376
TOI-4342 b,TOI-4342,2,5.5382592,0.0519,2.329,7.3,0.20777982,0.02296837,3.18,639.0,324.3894196,-77.9791468
Kepler-193 c,Kepler-193,2,50.697494,0.286,2.75,8.0,0.245,0.0252,2.11,595.0,296.4985951,46.5772484
K2-269 b,K2-269,1,4.144965,0.0531,1.57,3.09,0.14006602,0.00972,4.39,1429.0,130.1551381,13.0146799
KOI-12 b,KOI-12,2,17.855182,0.154,13.78707,349.613,1.23,1.1,0.733,911.0,297.4537402,41.0110188
Kepler-1773 b,Kepler-1773,1,40.80970001,0.24831,3.50469499,12.1,0.31266848,0.038,1.54,623.0,286.2232284,38.2581676
NGTS-16 b,NGTS-16,1,4.84532,0.0523,14.57167491,211.99154747,1.3,0.667,0.38,1177.0,58.2639299,-30.8046405
Kepler-637 b,Kepler-637,1,23.20584623,0.16619,4.75,20.2,0.42376662,0.0636,1.04,1002.0,292.4172566,41.4168384
HD 113337 c,HD 113337,2,5429.93477,6.805,12.1,6299.67685515,1.08,19.821,19.5,153.36,195.4438496,63.610328
K2-30 b,K2-30,1,4.098503,0.04839,11.646151,184.02357,1.039,0.579,0.64,1092.0,52.3420548,22.2993491
Kepler-1675 b,Kepler-1675,1,63.0382,0.32185,3.12483349,9.93,0.27877897,0.0313,1.79,465.0,283.8095478,41.0412517
Kepler-1788 b,Kepler-1788,1,2.800120115,0.0343,2.37850461,6.25,0.21219633,0.0197,2.55,956.0,291.2243829,45.7780993
Kepler-497 b,Kepler-497,1,3.573203671,0.0457,6.04,30.4,0.53885271,0.0957,0.758,1210.0,290.7659557,38.9279468
Kepler-179 c,Kepler-179,2,6.40013,0.064,2.0,4.66,0.178,0.0147,3.2,810.0,298.6636163,47.7619329
HD 87646 b,HD 87646,1,13.481,0.117,12.4,3941.092,1.1,12.4,11.4,1012.7,151.6695435,17.8949795
Kepler-139 e,Kepler-139,5,2047.635373,3.23579639,13.7,378.0,1.22,1.189321,0.808,154.06,282.3919451,43.8894167
HD 29985 b,HD 29985,1,20608.14049,13.39,12.8,1739.47487151,1.14,5.473,4.56,46.73,70.5216589,-33.9210696
Kepler-668 b,Kepler-668,1,8.35390639,0.0768,2.7,7.75,0.24087787,0.0244,2.16,790.0,285.4992845,49.2772713
Kepler-56 d,Kepler-56,3,1002.0,2.16,12.8,1784.0,1.14,5.61,4.67,324.75,293.7583002,41.871807
Kepler-205 b,Kepler-205,2,2.75564,0.032,1.51,2.89,0.135,0.00909,4.61,757.0,285.2866912,41.8609357
Kepler-1156 b,Kepler-1156,1,11.89520511,0.09704,1.32,2.3,0.11776251,0.00724,5.5,787.0,288.9240901,46.0575865
HR 858 c,HR 858,3,5.973865,0.0687,1.979,3.8,0.17655486,0.01195614,2.9,1309.0,42.9849779,-30.8140609
Kepler-989 b,Kepler-989,1,7.964315352,0.0734,2.21,5.52,0.19716299,0.0174,2.81,805.0,281.5827983,47.2334674
HD 165155 b,HD 165155,1,434.5,1.13,13.2,918.5287,1.18,2.89,2.19,239.9,271.4893395,-29.9172536
HD 22946 d,HD 22946,3,47.42489,0.2958,2.607,26.57,0.23258136,0.08359857,10.8,546.0,54.819538,-42.7630276
HD 13908 b,HD 13908,2,19.382,0.154,13.9,274.91,1.24,0.865,0.562,993.25,34.5609102,65.5941901
Kepler-1446 b,Kepler-1446,1,0.689967832,0.01405,0.82,0.477,0.0731555,0.0015,4.75,1539.0,289.4240357,46.7260823
Kepler-1697 b,Kepler-1697,1,33.4969,0.2008,1.25954761,2.12,0.11236931,0.00668,5.83,630.0,287.663331,43.4713782
HD 11112 b,HD 11112,1,17244.90764,13.38,12.6,2598.56505563,1.12,8.176,7.14,94.51,27.0881399,-41.4944106
Kepler-674 b,Kepler-674,1,2.243381847,0.028,1.69,3.5,0.1507717,0.011,3.98,822.0,285.1761864,50.1496897
Kepler-1269 b,Kepler-1269,1,37.3331536,0.23611,1.63,3.29,0.14541886,0.0104,4.17,657.0,287.8055442,45.3405371
Kepler-1576 b,Kepler-1576,1,6.98471973,0.07211,1.04,1.12,0.09278259,0.00352,5.47,1059.0,289.0739641,40.3660239
Kepler-1796 b,Kepler-1796,1,29.4557991,0.1879,2.75047868,8.0,0.24538169,0.0252,2.11,598.0,301.5430397,44.6056251
Kepler-972 b,Kepler-972,1,7.03932553,0.0734,4.65,19.5,0.41484521,0.0614,1.07,1060.0,295.828679,43.4254371
Kepler-1508 b,Kepler-1508,1,20.7056504,0.1629,1.33,2.33,0.11865465,0.00733,5.44,967.0,298.1188802,40.3750316
Kepler-293 c,Kepler-293,2,54.155743,0.286,3.83,14.0,0.342,0.0442,1.37,466.0,286.3580611,42.4064917
AF Lep b,AF Lep,1,8905.0,8.996,13.0,1147.36054927,1.16,3.61,2.87,1400.0,81.7699216,-11.9011752
Kepler-873 b,Kepler-873,1,20.5533844,0.1542,3.75,13.5,0.33455259,0.0426,1.41,749.0,296.4031319,51.2712773
Kepler-669 b,Kepler-669,1,4.125546869,0.0529,4.83,20.8,0.43090374,0.0655,1.01,1243.0,291.9361615,49.2539473
Kepler-783 b,Kepler-783,2,4.29264638,0.04958,0.78,0.399,0.06958694,0.00126,4.62,991.0,291.0628615,47.484789
Kepler-142 d,Kepler-142,3,41.809118,0.242,2.16,5.31,0.193,0.0167,2.9,582.0,295.1190067,48.4813635
Kepler-1297 b,Kepler-1297,1,1.68189002,0.0283,0.97,0.871,0.0865376,0.00274,5.24,1790.0,289.9564415,47.0203466
HD 126525 b,HD 126525,1,960.41,1.837,10.3,75.32571,0.919,0.237,0.379,198.47,216.8852514,-51.9329118
Kepler-319 d,Kepler-319,3,31.781925,0.191,2.29,5.86,0.204,0.0184,2.68,528.0,288.8119782,39.7706431
Kepler-1427 b,Kepler-1427,1,0.968972376,0.0197,1.1,1.37,0.09813543,0.0043,5.66,1844.0,295.3496546,45.1145372
Kepler-1959 b,Kepler-1959,1,6.38669014,0.0617,1.14315727,1.57,0.10198584,0.00494,5.78,811.0,296.022301,44.7326691
HD 109271 b,HD 109271,2,7.8543,0.079,4.31,17.162,0.385,0.054,1.18,1128.86,188.397397,-11.6215204
HD 158996 b,HD 158996,1,820.2,2.1,12.3,4449.62,1.1,14.0,13.1,960.27,259.9051092,80.1364033
Kepler-1264 b,Kepler-1264,1,0.968526023,0.01839,1.18,1.76,0.10527255,0.00553,5.89,1677.0,289.8844102,45.2115075
HD 100777 b,HD 100777,1,383.0,1.06,13.7,390.92894061,1.22,1.23,0.835,264.28,173.9646303,-4.7555425
HD 31527 c,HD 31527,3,51.2053,0.2663,3.85,14.16,0.343,0.0445,1.36,571.07,73.9096193,-23.2413163
K2-44 b,K2-44,1,5.657,0.06,2.433,6.5,0.21705772,0.0204,2.48,1211.0,174.011661,-2.5209338
Kepler-1955 b,Kepler-1955,1,14.26519966,0.11959,1.16654878,1.69,0.10407269,0.00531,5.85,853.0,299.5347603,40.4777528
Kepler-537 b,Kepler-537,1,3.247555219,0.04317,1.41,2.57,0.12579177,0.00809,5.04,1181.0,289.8805804,51.2769907
HD 217786 b,HD 217786,2,1301.36009,2.446,12.3,4402.55909376,1.1,13.852,13.0,207.3,345.7838088,-0.4303594
Kepler-1968 b,Kepler-1968,1,7.281099796,0.0696,1.50004034,2.86,0.13382487,0.00899,4.66,744.0,291.5080318,45.3700933
Kepler-322 c,Kepler-322,2,4.337234,0.051,1.67,3.43,0.149,0.0108,4.05,996.0,281.3487514,44.2952525
OGLE-TR-132 b,OGLE-TR-132,1,1.689868,0.03035,13.45,375.02,1.2,1.18,0.85,2013.0,162.6440933,-61.9572476
Kepler-1684 b,Kepler-1684,1,47.7055,0.2253,2.87084792,8.6,0.2561199,0.0271,2.0,347.0,294.0054181,46.3106625
HATS-66 b,HATS-66,1,3.1414391,0.04714,15.815899,1694.0339,1.411,5.33,2.34,1998.0,101.3948048,-33.8816918
Kepler-171 b,Kepler-171,3,4.166972,0.05,2.34,6.08,0.209,0.0191,2.61,1053.0,296.7719082,41.7555958
Kepler-1021 b,Kepler-1021,1,13.47469571,0.1034,2.33,6.04,0.20786868,0.019,2.62,634.0,295.2048999,42.5596699
Kepler-1399 b,Kepler-1399,1,1.638653058,0.0276,1.25,2.1,0.11151753,0.0066,5.91,1610.0,293.3116962,46.0416516
K2-319 b,K2-319,1,26.68,0.1516,2.79,8.2,0.24890713,0.0258,2.07,641.0,166.8010058,3.0399357
Kepler-414 c,Kepler-414,2,7.171,0.07195,3.01,29.9,0.269,0.094,6.02,890.0,297.9615616,48.2443363
HD 210193 b,HD 210193,1,649.918,1.487,14.3,153.1,1.27,0.48170406,0.288,235.69,332.3951324,-41.225205
Kepler-1952 b,Kepler-1952,1,27.21080017,0.1724,1.23923346,2.07,0.11055719,0.0065,5.98,725.0,288.0764082,43.9584839
HD 34445 f,HD 34445,6,676.8,1.543,6.88,37.9,0.613,0.119,0.64,266.14,79.4207483,7.3527156
V0391 Peg b,V0391 Peg,1,1170.0,1.7,13.1,1017.056,1.17,3.2,2.49,519.69,331.0504119,26.4188227
Kepler-1633 b,Kepler-1633,1,186.404271,0.3875,1.58,3.12,0.14095816,0.00982,4.35,925.0,288.5151733,44.9232545
Kepler-242 c,Kepler-242,2,14.496481,0.109,2.0,4.66,0.178,0.0147,3.2,613.0,286.5656932,41.8084168
Qatar-5 b,Qatar-5,1,2.8792319,0.04127,12.408363,1373.0256,1.107,4.32,3.95,1415.0,7.0539375,42.0613451
K2-132 b,K2-132,1,9.1751,0.0916,14.5717,155.7367,1.3,0.49,0.277,1586.0,182.1662666,-8.7472172
Kepler-399 c,Kepler-399,3,26.67569,0.155,1.43,2.63,0.128,0.00829,4.94,630.0,299.5017242,40.6707669
KELT-15 b,KELT-15,1,3.32944,0.04613,19.50366,416.3573,1.74,1.31,0.36,1642.0,117.4149764,-52.1204471
Kepler-1130 b,Kepler-1130,3,5.45298175,0.05963,0.8,0.437,0.07137122,0.00137,4.69,904.0,285.207421,45.384333
K2-290 c,K2-290,2,48.36685,0.305,11.276254,246.00042,1.006,0.774,1.01,676.0,234.8578846,-20.1988975
Kepler-1367 b,Kepler-1367,1,1.574090272,0.0236,0.92,0.721,0.0820769,0.00227,5.09,998.0,288.4166786,47.8787308
DMPP-2 c,DMPP-2,3,3.168,0.04789,8.26,51.79,0.737,0.16294956,0.505,1910.88,27.407731,-34.4590985
Kepler-1716 b,Kepler-1716,1,35.58100128,0.18836,2.4247685,6.46,0.21632373,0.0203,2.49,408.0,297.2717207,43.3330644
TOI-1716.01,TOI-1716,1,8.082376554,0.080496,3.143,10.0,0.28040016,0.0316,1.77,959.0,105.0833291,56.8241941
Kepler-1038 c,Kepler-1038,2,7.127659798,0.0692,1.4162338,2.59,0.12634813,0.00816,5.01,784.0,298.9721472,44.1323499
HD 109271 c,HD 109271,2,30.93,0.196,5.27,24.154,0.47,0.076,0.907,716.68,188.397397,-11.6215204
HATS-41 b,HATS-41,1,4.193649,0.0583,14.90797,3082.951,1.33,9.7,5.1,1710.0,103.5173558,-27.0504156
HD 45350 b,HD 45350,1,963.6,1.92,13.5,568.89,1.2,1.79,1.27,217.81,97.1902262,38.9627315
Kepler-682 b,Kepler-682,1,12.611906672,0.1058,7.37,42.6,0.65750736,0.134,0.585,753.0,289.1122204,51.7373589
HATS-77 b,HATS-77,1,3.0876262,0.03607,13.05846252,436.69623122,1.165,1.374,1.077,828.3,149.8236672,-27.3928174
WASP-142 b,WASP-142,1,2.052868,0.0347,17.14977,266.9772,1.53,0.84,0.31,2000.0,140.5063164,-23.946102
Kepler-597 b,Kepler-597,1,13.02365861,0.10916,2.37,6.21,0.21143724,0.0195,2.56,743.0,293.4700919,39.2528182
HD 29021 b,HD 29021,1,1365.0,2.294,12.9,1420.69297929,1.15,4.47,3.64,163.2,69.4681379,60.6762985
GJ 682 b,GJ 682,2,17.478,0.08,1.93,4.4,0.173,0.01384388,3.36,281.93,264.2610245,-44.3232519
HD 168443 c,HD 168443,2,1753.1096,2.842,12.2,5500.33841154,1.09,17.306,16.6,205.47,275.0159879,-9.5966905
WASP-53 b,WASP-53,2,3.3098443,0.04101,12.038466,677.61356,1.074,2.132,2.28,1053.0,31.9091639,-20.661843
Kepler-1857 b,Kepler-1857,1,8.94340992,0.08308,1.96065412,4.5,0.17491815,0.0142,3.28,946.0,296.4557129,39.598537
Kepler-342 c,Kepler-342,4,26.234138,0.185,1.96,4.5,0.175,0.0142,3.28,754.0,292.6780488,46.7266813
Kepler-1251 b,Kepler-1251,1,45.0904643,0.2478,1.84,4.04,0.1641538,0.0127,3.56,487.0,292.1151093,49.2563792
TOI-5624 f,TOI-5624,5,45.37,0.2366,3.66,13.0,0.327,0.04090257,1.46,478.5,180.8443476,49.2512257
Kepler-242 b,Kepler-242,2,8.20395,0.075,2.61,7.32,0.233,0.023,2.26,742.0,286.5656932,41.8084168
TOI-220 b,TOI-220,1,10.695264,0.08911,3.03,13.8,0.27031896,0.04341966,2.73,805.0,91.7996988,-61.9972098
Kepler-374 d,Kepler-374,3,5.028219,0.056,1.31,2.27,0.117,0.00714,5.55,1272.0,294.1378921,42.3704075
Kepler-1870 b,Kepler-1870,1,3.606940031,0.0452,2.10143764,5.07,0.18747803,0.0159,3.0,1046.0,293.9335076,40.590704
Kepler-258 b,Kepler-258,2,13.19722,0.103,4.06,15.5,0.362,0.0488,1.27,642.0,294.0684116,46.5791357
WASP-8 b,WASP-8,2,8.15872,0.0801,12.66617,807.2882,1.13,2.54,2.1,1059.0,359.9008737,-35.0313349
Kepler-1339 b,Kepler-1339,1,1.341555127,0.02356,0.71,0.285,0.06334196,0.000896,4.38,1642.0,283.7457695,48.373469
HD 106252 b,HD 106252,1,1535.0,2.655,12.5,3178.28407,1.11,10.0,8.94,178.13,183.3730583,10.0404302
HD 102956 b,HD 102956,1,6.4947,0.0807,13.8,305.1168,1.23,0.96,0.638,1804.96,177.8436988,57.6406584
K2-128 b,K2-128,1,5.675819,0.056,1.42,2.6,0.12668391,0.00819,4.99,803.1,204.4376666,-8.5970858
Kepler-244 b,Kepler-244,3,4.311792,0.05,2.76,8.05,0.246,0.0253,2.1,1038.0,287.242641,42.3014185
TOI-4087 b,TOI-4087,1,3.1774835,0.04469,13.04725353,232.01473711,1.164,0.73,0.57,1458.0,217.9257785,83.3727061
HAT-P-66 b,HAT-P-66,1,2.972086,0.04363,17.82231,248.86089,1.59,0.783,0.242,1896.0,150.5726262,53.9508237
DMPP-9 b,DMPP-9,1,12.733,0.1097,3.89,14.43,0.347,0.04540186,1.35,995.58,316.3060007,-66.9581622
HD 101581 c,HIP 56998,2,6.20401,0.0573,0.99,0.937,0.08832204,0.00295,5.31,747.0,175.2563039,-44.4041485
Kepler-1292 b,Kepler-1292,1,3.27646405,0.0443,1.82,3.97,0.16236952,0.0125,3.62,1195.0,284.9057222,43.9491434
Kepler-1906 b,Kepler-1906,1,7.362689972,0.0738,2.77615754,8.13,0.24767261,0.0256,2.09,901.0,293.8266166,38.8565906
GJ 876 e,GJ 876,4,124.26,0.3343,3.92,14.6,0.35,0.046,1.33,150.46,343.3239737,-14.2665958
TOI-1052 c,TOI-1052,2,35.806,0.2263,6.48,34.3,0.578,0.10791987,0.693,719.0,337.5102738,-75.6465606
HAT-P-29 b,HAT-P-29,1,5.72319,0.0667,13.11453,279.6904,1.17,0.88,0.710842,1281.0,33.1310921,51.7787754
YZ Cet c,YZ Cet,3,3.05989,0.02156,1.05,1.14,0.0933,0.00358684,5.41,410.3,18.1330792,-16.9962434
Kepler-434 b,Kepler-434,1,12.8747099,0.1143,12.67,908.96,1.13,2.86,2.4,1000.0,293.5863887,42.9288624
HD 11755 b,HD 11755,1,433.70001,1.09,12.8,1789.3829,1.14,5.63,4.69,903.49,29.707836,73.1521372
Kepler-1471 b,Kepler-1471,2,3.63899398,0.0453,1.41,2.57,0.12579177,0.00809,5.04,1238.0,289.6649171,50.0200612
HD 128717 b,HD 128717,1,3420.0,4.85,12.1,6293.0024586,1.08,19.8,19.5,151.9,219.0881687,57.5609512
HAT-P-46 b,HAT-P-46,1,4.463129,0.0577,14.392,156.684,1.284,0.493,0.28,1458.0,270.4441831,-2.97098
TOI-1244 b,TOI-1244,1,6.400316483,0.060694,2.467,6.6,0.22009138,0.02076592,2.66,714.86,256.279559,69.519093
HD 39855 b,HD 39855,1,3.2498,0.041,2.85,8.5,0.254,0.02674386,2.02,1145.89,88.6260731,-19.7044472
BD-11 4672 c,BD-11 4672,2,74.2,0.3,4.04,15.37,0.36,0.04835919,1.28,320.21,278.3688659,-11.6370481
Kepler-1442 b,Kepler-1442,1,81.4162941,0.40814,3.93,14.7,0.35061112,0.0461,1.33,522.0,291.2556226,48.8469171
Kepler-292 d,Kepler-292,5,7.055679,0.068,2.23,5.6,0.199,0.0176,2.77,808.0,295.7661979,42.4242822
HD 47186 c,HD 47186,2,1353.6,2.395,13.0,111.42,1.16,0.35061,0.279,183.18,99.0367212,-27.6234285
Kepler-692 b,Kepler-692,1,21.81293494,0.1495,3.11,9.85,0.27745562,0.031,1.8,639.0,294.7768068,40.1537027
Kepler-1193 b,Kepler-1193,1,2.832652134,0.04004,1.32,2.3,0.11776251,0.00724,5.5,1453.0,288.1447323,51.2756446
HD 75784 c,HD 75784,2,7900.0,8.4,12.8,1792.5612,1.14,5.64,4.7,149.31,133.0992289,13.2330548
Kepler-838 b,Kepler-838,1,15.74957994,0.1266,2.73,7.9,0.24355429,0.0249,2.13,777.0,285.4354695,45.975959
81 Cet b,81 Cet,1,1005.57,2.104,13.1,1051.05854195,1.17,3.307,2.57,526.92,39.4243555,-3.3963607
Kepler-1058 b,Kepler-1058,1,110.96546,0.3679,2.72,7.85,0.24266215,0.0247,2.14,239.0,294.5956256,45.8750556
TOI-4214 b,TOI-4214,1,3.4913885,0.05018,10.68215861,165.27077164,0.953,0.52,0.74,1642.0,110.2495104,-13.9262649
Kepler-391 b,Kepler-391,2,7.4175,0.083,2.5,1100.0,0.22303545,3.46098705,380.0,930.0,290.6218844,51.0573453
Kepler-698 b,Kepler-698,1,16.32976218,0.1255,3.68,13.1,0.32830761,0.0413,1.44,727.0,288.5099994,41.3017465
TOI-3877 b,TOI-3877,1,4.123596,0.0529,11.67975789,99.7981198,1.042,0.314,0.342,1445.0,170.4544727,33.9913822
Kepler-409 b,Kepler-409,1,68.9583216,0.3192,1.199,6.0,0.1069678,0.01887811,19.0,438.0,293.6792058,46.8527337
Kepler-273 b,Kepler-273,2,2.936532,0.037,1.5,2.86,0.134,0.00899,4.66,1209.0,291.3021458,47.6976573
Kepler-636 b,Kepler-636,1,16.080661147,0.1185,4.45,18.1,0.39700241,0.057,1.13,614.0,293.5920614,41.0950891
Kepler-1914 b,Kepler-1914,1,30.82789993,0.1954,2.9429803,8.97,0.26255557,0.0282,1.93,585.0,291.4314024,38.6543635
HD 200964 b,HD 200964,2,606.3,1.565,13.5,508.21017,1.21,1.599,1.14,425.95,316.6664183,3.8033357
pi Men c,HD 39091,3,6.2678399,0.06839,2.0189,3.63,0.1801145,0.01142126,2.8,1169.8,84.2992798,-80.4646041
Kepler-150 c,Kepler-150,5,7.381998,0.073,3.69,13.2,0.329,0.0415,1.44,876.0,288.2341025,40.520897
HATS-43 b,HATS-43,1,4.3888497,0.04944,13.22662,82.95363,1.18,0.261,0.191,1003.0,80.5382418,-30.9708179
TOI-1437 b,TOI-1437,1,18.840942,0.14,2.24,9.6,0.19983976,0.03020498,3.91,794.23,256.1387513,56.842549
Kepler-685 b,Kepler-685,1,1.6255222,0.0265,10.58,78.8,0.94388438,0.248,0.366,1579.0,293.8719143,38.4229184
K2-89 b,K2-89,1,1.096026,0.01462,0.615,0.17,0.05486663,0.000535,4.02,830.07,57.0671234,20.4594885
WASP-49 b,WASP-49,1,2.78174,0.0379,12.44199,117.5971,1.11,0.37,0.288,1400.0,91.0897193,-16.9653901
Kepler-1699 b,Kepler-1699,1,3.49082,0.0418,1.56671124,3.08,0.13977262,0.00968,4.4,1010.0,292.1373281,48.9171579
Kepler-1152 b,Kepler-1152,1,1.646801908,0.0223,0.87,0.59,0.0776162,0.00186,4.92,806.0,290.4341483,44.1077802
HD 30669 b,HD 30669,1,1684.0,2.69,14.3,149.37,1.27,0.47,0.281,151.45,72.1198522,-28.4190757
HD 155918 c,HD 155918,2,17202.19446,13.183,12.8,1878.04805696,1.14,5.909,4.92,77.38,260.5364025,-75.349239
Kepler-1391 b,Kepler-1391,1,54.4092333,0.30045,1.68,3.46,0.14987956,0.0109,4.01,513.0,294.8309749,46.6595768
Kepler-25 c,Kepler-25,3,12.7207,0.1117,5.217,15.2,0.46542957,0.0479,0.588,934.0,286.6383905,39.4879038
Kepler-1813 b,Kepler-1813,1,2.818160057,0.0364,1.413,2.58,0.12605963,0.00812,5.03,1059.0,292.2399069,48.5115214
Kepler-156 b,Kepler-156,2,4.973456,0.054,2.3,5.9,0.205,0.0186,2.66,867.0,290.2964214,37.7494271
Kepler-477 b,Kepler-477,1,11.11990653,0.0911,2.07,4.94,0.18467303,0.0155,3.06,649.0,288.067445,42.355305
WASP-66 b,WASP-66,1,4.08605,0.0546,15.6926,746.9005,1.4,2.35,1.144,1569.7,158.2250301,-34.9899074
Kepler-275 b,Kepler-275,3,10.300682,0.098,2.34,6.08,0.209,0.0191,2.61,1015.0,292.4797004,38.5149018
HATS-64 b,HATS-64,1,4.908897,0.06562,18.819911,305.1168,1.679,0.96,0.245,1793.0,144.2876092,-29.800444
TOI-2876 b,TOI-2876,1,6.2996431,0.0654,9.6397234,54.03082919,0.86,0.17,0.33,929.0,110.2473528,-21.1146384
Kepler-80 f,Kepler-80,6,0.9867873,0.0175,1.21,4459.73,0.10794897,14.03187979,703.0,1054.0,296.1125759,39.9787451
Kepler-397 b,Kepler-397,2,22.250949,0.144,2.46,6.62,0.219,0.0208,2.44,539.0,295.8940373,42.3805156
Kepler-967 b,Kepler-967,2,13.22713379,0.1027,2.35,6.12,0.20965296,0.0193,2.59,638.0,286.5580128,38.4052418
HD 95735 c,GJ 411,2,2946.0,2.94,3.76,13.6,0.335,0.04279039,1.41,63.49,165.834471,35.972317
HD 126614 b,HD 126614,1,1257.25303,2.249,12.7,107.74382997,1.14,0.339,0.289,209.54,216.7005171,-5.1784093
G 261-6 b,G 261-6,1,5.4536,0.02971,1.1,1.37,0.0982,0.0043105,5.66,322.3,291.07432,75.5558405
KOI-351 c,KOI-351,8,8.719375,0.089,1.19,1.81,0.106,0.0057,5.9,987.0,284.4334642,49.3051239
Kepler-610 b,Kepler-610,2,6.996926554,0.0719,4.19,16.3,0.37380676,0.0514,1.22,888.0,293.1713241,45.0655934
K2-278 b,K2-278,1,3.334966,0.0488,2.98,9.17,0.26585779,0.0288,1.9,1711.0,203.3018653,-14.5041057
HIP 111909 b,HIP 111909,2,487.08,1.32,13.7,384.57237247,1.22,1.21,0.822,436.91,340.0304354,-49.5985391
Kepler-33 e,Kepler-33,5,31.7844,0.2138,4.02,5.57,0.359,0.01752509,0.8,752.0,289.0775348,46.0051696
Kepler-1932 b,Kepler-1932,1,0.524177015,0.0123,1.51482218,2.91,0.13514362,0.00914,4.6,1891.0,285.3314903,41.0638435
HD 90156 b,HD 90156,1,49.77,0.25,4.43,17.98,0.395,0.057,1.14,518.01,155.9801144,-29.645103
TOI-2068 b,TOI-2068,1,7.768915,0.0632,1.821,3.97,0.16245902,0.0125,3.61,520.62,186.27356,60.4183455
Kepler-1382 b,Kepler-1382,1,16.3583055,0.14023,1.88,4.19,0.16772237,0.0132,3.47,959.0,295.3774182,39.0480365
Kepler-123 b,Kepler-123,2,17.232366,0.135,2.94,55.3,0.262,0.174,12.0,817.0,296.9985853,42.7819633
Kepler-1890 b,Kepler-1890,1,4.820590019,0.05712,0.86867375,0.587,0.07749801,0.00185,4.92,1328.0,292.5778203,40.6679032
Kepler-1030 b,Kepler-1030,1,19.32952416,0.1338,2.48,6.71,0.22125078,0.0211,2.42,529.0,293.6819098,45.8175241
Kepler-112 b,Kepler-112,2,8.408878,0.076,2.36,6.17,0.211,0.0194,2.58,809.0,296.9811361,43.2097025
Kepler-1077 b,Kepler-1077,1,34.3511874,0.2101,2.77,8.1,0.24712285,0.0255,2.09,576.0,291.0336333,42.2678448
Kepler-1451 b,Kepler-1451,1,35.622233,0.2101,3.35,11.2,0.29886698,0.0352,1.64,523.0,293.4464227,40.4098813
Kepler-190 c,Kepler-190,2,3.763024,0.045,1.46,2.73,0.13,0.00859,4.82,948.0,288.5839761,44.7337701
HD 153950 b,HD 153950,1,499.39999,1.28,13.2,937.5985,1.17,2.95,2.24,295.3,256.1292826,-43.3103753
Kepler-1431 b,Kepler-1431,1,5.86601526,0.0648,1.47,2.76,0.13114462,0.00869,4.77,1064.0,292.6583919,49.8651522
Kepler-1132 b,Kepler-1132,1,62.8916228,0.2881,2.35,6.12,0.20965296,0.0193,2.59,384.0,286.3675188,48.4238906
Kepler-216 c,Kepler-216,2,17.406669,0.136,3.04,9.48,0.271,0.0298,1.85,814.0,293.7280695,46.1291139
CoRoT-13 b,CoRoT-13,1,4.03519,0.051,9.92,415.704,0.885,1.308,2.34,1700.0,102.7211432,-5.0864557
Kepler-413 b,Kepler-413,1,66.262,0.3553,4.347,67.0,0.388,0.211,3.2,334.96,288.5106679,51.1624235
GJ 86 b,GJ 86,1,15.76491,0.11,12.9,1404.8086,1.15,4.42,3.6,661.12,32.6224785,-50.8209945
GJ 849 b,GJ 849,2,1925.31,2.32,13.9,283.82076745,1.24,0.893,0.581,73.63,332.4229938,-4.6408317
Kepler-1804 b,Kepler-1804,1,12.28849983,0.1017,1.59615726,3.18,0.14239986,0.00999,4.3,913.0,301.3428675,44.672175
Kepler-267 d,Kepler-267,3,28.464515,0.154,2.27,5.77,0.203,0.0182,2.71,301.0,299.8305655,47.1575741
HD 190360 d,HD 190360,3,88.69,0.3886,3.48,11.9,0.31,0.03744159,1.55,459.21,300.9092476,29.894541
Kepler-1704 b,Kepler-1704,1,988.88112,2.027,11.94877343,1322.16617312,1.066,4.16,4.07,253.8,291.2012559,51.1442437
K2-95 b,K2-95,1,10.1346454,0.0525,3.31,11.0,0.29529893,0.0345,1.67,474.0,129.3625717,18.9766197
Kepler-204 b,Kepler-204,2,14.400974,0.117,2.53,6.94,0.226,0.0218,2.35,828.0,285.347162,41.761845
HD 23127 b,HD 23127,1,1211.17,2.37,13.5,485.32641,1.21,1.527,1.08,223.4,54.8491271,-60.077229
Kepler-1188 b,Kepler-1188,1,17.1369543,0.135,2.08,4.98,0.18556517,0.0157,3.04,775.0,283.1038438,43.1480487
TOI-4562 c,TOI-4562,2,3990.0,5.219,12.8,1833.86990839,1.14,5.77,4.81,138.11,112.0100593,-63.5177788
HD 21411 b,HD 21411,1,84.288,0.362,9.52,65.9,0.85,0.20734355,0.42,408.17,51.5474155,-30.6168403
Kepler-239 c,Kepler-239,2,56.228098,0.268,2.51,6.85,0.224,0.0215,2.38,366.0,294.2020505,40.6633313
TOI-201 c,TOI-201,3,2890.0,4.37,10.4,4990.0,0.92782745,15.70029579,24.0,169.58,87.4017825,-54.910423
Kepler-821 b,Kepler-821,1,1.92279873,0.029,1.31,2.27,0.11687037,0.00714,5.55,1215.0,285.6173937,39.3794684
XO-5 b,XO-5,1,4.1877558,0.0515,12.78,378.2,1.14,1.19,1.06,1230.0,116.7163868,39.0944695
Kepler-122 d,Kepler-122,5,21.587475,0.155,2.2,5.48,0.196,0.0172,2.83,747.0,291.1118647,39.9490248
NGTS-4 b,NGTS-4,1,1.3373508,0.019,3.18,20.6,0.2837006,0.06481452,3.45,1650.0,89.5988945,-30.8117992
Kepler-1825 b,Kepler-1825,1,1.025869966,0.0187,1.42200732,2.61,0.12686321,0.00821,4.99,1520.0,292.5140647,42.6517554
Kepler-579 b,Kepler-579,1,9.66857723,0.0854,2.0,4.66,0.17842805,0.0147,3.2,730.0,295.0020771,39.9528613
Kepler-55 e,Kepler-55,5,4.617534,0.048,1.55,3.02,0.138,0.00951,4.46,728.0,285.1683291,44.0264898
Kepler-1717 b,Kepler-1717,1,30.65279961,0.2014,2.98929758,9.21,0.26668773,0.029,1.89,780.0,295.2126472,49.56216
HD 216770 b,HD 216770,1,118.45,0.46,14.1,181.1631,1.26,0.57,0.355,370.18,343.9748751,-26.6595286
Kepler-1074 b,Kepler-1074,1,5.94566534,0.0536,1.25,2.1,0.11151753,0.0066,5.91,568.0,284.4766869,46.2526781
TOI-6016 b,TOI-6016,1,4.023687,0.055,13.67495645,371.85923619,1.22,1.17,0.81,1890.0,4.5239602,59.7661983
Kepler-1278 b,Kepler-1278,1,3.23941344,0.04417,1.01,1.01,0.09010616,0.00317,5.39,1213.0,282.9569197,42.8255589
HD 106270 b,HD 106270,1,1888.0,3.34,12.4,3623.2438398,1.11,11.4,10.4,237.07,183.4049258,-9.5135645
Kepler-1558 b,Kepler-1558,1,3.50470358,0.04278,0.68,0.244,0.06066554,0.000768,4.26,1019.0,286.8194349,46.9117837
Kepler-204 c,Kepler-204,2,25.660593,0.173,1.79,3.86,0.16,0.0121,3.7,683.0,285.347162,41.761845
HAT-P-39 b,HAT-P-39,1,3.54387,0.0509,17.609,190.372,1.571,0.599,0.19,1752.0,113.7582526,17.8300283
Kepler-347 c,Kepler-347,3,27.320871,0.183,1.75,3.71,0.156,0.0117,3.8,705.0,289.1995995,49.3056404
Kepler-203 d,Kepler-203,3,11.32972,0.1,1.44,33.9,0.128,0.107,62.4,855.0,297.089959,41.3880686
Kepler-786 b,Kepler-786,1,53.5293487,0.25483,2.43,6.48,0.21679008,0.0204,2.48,348.0,293.7439223,38.9392217
Kepler-1905 b,Kepler-1905,1,3.42392993,0.0451,1.4460734,2.69,0.12901025,0.00845,4.89,1212.0,292.5733475,46.3668273
Kepler-1513 b,Kepler-1513,2,160.8842,0.56971,8.594,48.30991786,0.76670665,0.152,1.304,346.0,289.7917561,39.2852655
Kepler-230 c,Kepler-230,2,91.773242,0.38,2.04,4.82,0.182,0.0152,3.12,359.0,285.7185682,48.5058038
HATS-16 b,HATS-16,1,2.686502,0.03744,14.5717,1039.3041,1.3,3.27,1.86,1592.0,358.5588439,-30.0130385
Kepler-1091 b,Kepler-1091,1,1.434741564,0.0252,1.46,2.73,0.13025248,0.00859,4.82,1664.0,299.7854426,43.6707235
Kepler-1713 b,Kepler-1713,1,18.01160049,0.14185,1.71673535,3.59,0.15315713,0.0113,3.9,900.0,287.3456737,43.3783894
K2-3 c,K2-3,3,24.646729,0.1357,1.582,2.68,0.14113683,0.00843222,3.7,371.8,172.3353708,-1.4551364
Kepler-295 b,Kepler-295,3,12.645164,0.099,1.22,1.98,0.109,0.00624,5.99,741.0,285.3458383,45.3677754
HATS-3 b,HATS-3,1,3.547851,0.0485,15.48,340.382,1.381,1.071,0.51,1648.0,312.4574879,-24.4286938
Kepler-1121 b,Kepler-1121,1,13.15141081,0.11818,1.91,4.31,0.17039879,0.0136,3.4,1008.0,297.7865467,47.8861542
Kepler-466 c,Kepler-466,2,3.709213846,0.04658,1.25,2.1,0.11151753,0.0066,5.91,1206.0,295.6486585,48.4955191
Kepler-197 c,Kepler-197,4,10.349695,0.09,1.23,5.3,0.11,0.017,15.7,930.0,295.2264739,50.5592348
CoRoT-36 b,CoRoT-36,1,5.616531,0.066,15.80466279,216.12331676,1.41,0.68,0.25,1567.0,277.7510149,7.1833465
Kepler-402 d,Kepler-402,4,8.921099,0.087,1.38,2.48,0.123,0.0078,5.19,1006.0,288.3701976,43.3546109
TOI-1478 b,TOI-1478,1,10.1802117,0.0818,11.99360935,279.68899816,1.07,0.88,0.88,918.0,126.4337428,-13.5595485
GJ 832 b,GJ 832,1,3853.0,3.7,13.8,314.65012293,1.23,0.99,0.658,57.84,323.3912616,-49.0125169
Barnard b,Barnard's star,4,3.1542,0.0229,0.72,0.299,0.0642,0.00094076,4.4,438.0,269.4486144,4.7379808
TOI-969 c,TOI-969,2,1700.0,2.52,12.4,3591.4609991,1.11,11.3,10.4,96.4,115.1366858,2.0985879
GJ 3082 b,GJ 3082,1,11.949,0.079,2.79,8.2,0.249,0.02579996,2.07,457.53,18.6432425,-53.9407751
TOI-1294 b,TOI-1294,2,3.915292,0.051,10.12369881,63.9,0.90317747,0.20105188,0.34,1392.74,223.0926408,70.4765573
HD 222155 b,HD 222155,1,3999.0,5.14,13.4,581.62598481,1.2,1.83,1.33,164.93,354.5025617,48.9960191
KOI-351 b,KOI-351,8,7.008151,0.074,1.31,2.27,0.117,0.00714,5.55,1062.0,284.4334642,49.3051239
WASP-151 b,WASP-151,1,4.5334775,0.055,13.30506009,100.43377661,1.187,0.316,0.250651,1312.0,349.0634651,0.3066895
HD 117618 b,HD 117618,1,25.8,0.18,8.59,55.30242,0.766,0.174,0.479,745.79,203.1066418,-47.2719049
Kepler-1629 b,Kepler-1629,1,3.87595807,0.0485,0.77,0.381,0.0686948,0.0012,4.59,1081.0,280.2066276,43.7743281
Kepler-414 b,Kepler-414,2,4.7,0.0543,1.71,3.5,0.153,0.011,3.85,1024.0,297.9615616,48.2443363
HIP 57274 d,HIP 57274,3,431.7,1.01,14.2,167.4,1.27,0.5267,0.321,183.59,176.1705487,30.9576484
K2-289 b,K2-289,1,13.156969,0.107,9.1,61.0,0.81184762,0.192,0.445,753.0,246.6429443,-15.7925384
HD 102888 b,HD 102888,1,252.06,1.05,12.8,1808.44363583,1.14,5.69,4.74,688.63,177.6545263,-27.2779074
K2-38 b,K2-38,2,4.01593,0.04994,1.54,7.3,0.13738983,0.02296837,11.0,1266.0,240.0333095,-23.1894196
GJ 1002 b,GJ 1002,2,10.3465,0.0457,1.03,1.08,0.0919,0.00339806,5.43,230.9,1.6764641,-7.5462123
HD 212301 b,HD 212301,1,2.24571,0.03,14.2,162.0933,1.27,0.51,0.311,1870.75,336.8803957,-77.7183219
Kepler-1680 b,Kepler-1680,1,8.77424,0.07642,1.35954736,2.42,0.12129069,0.00761,5.29,771.0,297.0746571,39.9338893
HD 43197 b,HD 43197,2,308.92072,0.882,14.2,175.75910907,1.26,0.553,0.337,282.81,93.3993231,-29.8971929
Kepler-379 c,Kepler-379,2,62.784697,0.326,2.29,5.86,0.204,0.0184,2.68,530.0,295.7010981,38.9458209
Kepler-1321 b,Kepler-1321,3,11.12830484,0.0781,4.92,21.5,0.438933,0.0676,0.992,408.0,294.528597,46.6408737
Kepler-29 b,Kepler-29,2,10.33974,0.08482,2.55,5.0,0.22749576,0.01573168,1.65,777.0,298.348382,47.4913021
Kepler-1486 b,Kepler-1486,1,54.6495759,0.2846,2.32,5.99,0.20697654,0.0189,2.64,538.0,290.5903907,45.4396955
Kepler-1718 b,Kepler-1718,1,135.1880035,0.48418,2.5685207,7.12,0.22914846,0.0224,2.31,345.0,292.2349191,42.9094618
Kepler-1599 b,Kepler-1599,1,122.363553,0.4823,1.62,3.26,0.14452672,0.0102,4.21,407.0,286.2208685,41.1511886
HD 25912 b,HD 25912,2,41.83156,0.242,6.9,38.13940884,0.616,0.12,0.638,579.16,60.9074988,-51.9315058
TOI-5108 b,TOI-5108,1,6.753581,0.073,6.6,32.0,0.58881358,0.10068326,0.6,1180.0,166.2695041,11.2464069
TOI-4914 b,TOI-4914,1,10.60057,0.098,12.87,227.0,1.14818647,0.71422187,0.59,894.0,204.5426717,-28.1429206
TOI-4495 b,TOI-4495,2,2.56699,0.03957,2.483,7.7,0.2215188,0.02422691,2.71,1735.0,286.3624951,37.0259902
K2-37 c,K2-37,3,6.42966,0.06534,2.41,6.39,0.21500617,0.0201,2.51,839.0,243.4509662,-24.7870527
Kepler-911 b,Kepler-911,1,20.310501,0.15594,2.6,7.27,0.23195646,0.0229,2.27,931.0,298.5891948,40.7506921
HD 114783 b,HD 114783,2,493.7,1.16,13.7,349.6,1.23,1.1,0.747,210.79,198.1818436,-2.2649921
Kepler-1679 b,Kepler-1679,1,9.75376,0.0892,2.0692036,4.93,0.18460198,0.0155,3.06,813.0,293.9005786,50.4270507
Kepler-238 b,Kepler-238,5,2.090876,0.034,1.73,3305.02,0.154,10.39875583,526.0,1642.0,287.8971066,40.6378141
Kepler-67 b,Kepler-67,1,15.7259,0.1171,2.94,8.96,0.262,0.0282,1.94,602.0,294.1533505,46.1663976
Kepler-350 c,Kepler-350,3,17.849,0.1385,3.1,6.1,0.277,0.019,0.35,888.0,285.4195845,39.7061009
Kepler-1327 b,Kepler-1327,1,14.88801098,0.11151,1.8,3.89,0.16058524,0.0123,3.67,831.0,289.0648073,50.4609183
Kepler-677 b,Kepler-677,1,6.57531678,0.067,5.38,25.0,0.47997145,0.0786,0.882,1015.0,290.0980478,50.3215731
HD 187123 c,HD 187123,2,3810.0,4.89,13.2,912.16752809,1.18,2.87,2.18,135.42,296.7428786,34.41899
Kepler-773 b,Kepler-773,1,3.749100061,0.04682,1.43,2.63,0.12757605,0.00829,4.94,1160.0,290.8846217,38.0575539
BD-06 1339 c,BD-06 1339,2,125.94,0.435,8.38,53.0,0.747,0.17,0.495,261.91,88.2511811,-5.9963378
Kepler-816 b,Kepler-816,1,10.506825646,0.0895,10.24,74.5,0.91355161,0.234,0.381,668.0,293.3628165,39.2124394
HD 51608 b,HD 51608,2,14.0726,0.1059,3.62,12.77,0.323,0.0402,1.48,759.92,103.7137102,-55.2600189
HD 219134 c,HD 219134,6,6.76458,0.0653,1.511,4.36,0.13480239,0.01371803,6.95,782.0,348.3372026,57.1696255
K2-239 d,K2-239,3,10.115,0.0685,1.1,1.37,0.09813543,0.0043,5.66,399.0,160.5941265,4.4413751
HD 142 b,HD 142,3,351.43394,1.039,12.7,2256.5816897,1.13,7.1,6.05,358.19,1.5836771,-49.0753625
HD 125390 b,HD 125390,1,1757.39151,3.496,11.9,8646.20398403,1.06,27.204,28.2,320.26,214.5387463,38.9669132
Kepler-182 c,Kepler-182,2,20.684342,0.157,3.43,11.6,0.306,0.0366,1.58,729.0,289.8301128,50.5862025
Kepler-880 c,Kepler-880,2,11.8061737,0.1216,2.87,8.6,0.25604469,0.0271,2.0,1407.0,281.9712347,43.6727839
Kepler-1303 b,Kepler-1303,1,7.56127224,0.0751,1.42,2.6,0.12668391,0.00819,4.99,891.0,284.287147,42.3555784
Kepler-110 c,Kepler-110,2,31.719775,0.198,2.21,5.52,0.197,0.0174,2.81,743.0,292.9291693,48.6028303
Kepler-273 c,Kepler-273,2,8.014927,0.073,1.98,4.58,0.177,0.0144,3.24,865.0,291.3021458,47.6976573
Kepler-1016 b,Kepler-1016,2,1.954524342,0.03044,2.18,5.39,0.19448657,0.017,2.86,1540.0,294.613689,45.9846265
GJ 273 b,GJ 273,2,18.6498,0.091101,1.51,2.89,0.135,0.00909291,4.61,292.47,111.852091,5.225807
HIP 54373 c,HIP 54373,2,15.144,0.099,3.57,12.44,0.318,0.03914042,1.5,463.2,166.8643532,-19.2916857
Kepler-34 b,Kepler-34,1,288.822,1.0896,8.564,69.92,0.764,0.22,0.613,294.42,296.4358022,44.6415369
HD 108236 e,HD 108236,5,19.590025,0.1367,3.083,9.71,0.27504684,0.0306,1.82,636.0,186.5740627,-51.3630519
Kepler-1232 b,Kepler-1232,1,26.7839183,0.16545,1.93,4.38,0.17218307,0.0138,3.35,523.0,296.5500966,49.102307
L 363-38 b,L 363-38,1,8.781,0.048,2.0,4.67,0.179,0.01469346,3.21,330.0,10.8555443,-41.2952926
TOI-375 b,TOI-375,3,9.45469,0.099,10.77183045,236.78216321,0.961,0.745,1.037,1373.0,47.1499034,-77.3833275
WASP-64 b,WASP-64,1,1.5732918,0.02648,14.247,403.945,1.271,1.271,0.823,1689.0,101.1149223,-32.8583878
Kepler-417 c,Kepler-417,2,15.943,0.1194,2.69,7.7,0.23998573,0.0242,2.17,616.0,293.8241813,42.779648
WASP-190 b,WASP-190,1,5.367753,0.0663,12.89035,317.83,1.15,1.0,0.815,1500.0,7.7095292,-40.5734613
HIP 55507 b,HIP 55507,1,5138.43727,5.062,12.6,2585.53409095,1.12,8.135,7.1,76.05,170.5227246,46.907803
Kepler-940 b,Kepler-940,1,59.6225257,0.3059,3.34,11.1,0.29797484,0.035,1.64,486.0,294.2413053,47.2759642
Kepler-398 c,Kepler-398,3,11.419412,0.087,1.01,1.01,0.09,0.00317,5.39,536.0,291.4688524,40.3437001
WASP-74 b,WASP-74,1,2.13775,0.03443,15.24424,228.8376,1.36,0.72,0.3697,1865.0,304.538843,-1.0760033
HD 96063 b,HD 96063,1,362.5,1.11,13.7,403.6441,1.22,1.27,0.863,500.75,166.1853484,-2.5132966
Kepler-524 c,Kepler-524,2,1.88897906,0.03046,0.96,0.84,0.08564546,0.00264,5.22,1574.0,296.8591787,49.1620125
Kepler-1916 b,Kepler-1916,1,31.25429916,0.2053,2.61757235,7.35,0.23352457,0.0231,2.25,635.0,293.0705754,48.387679
TOI-1648 b,TOI-1648,1,7.331602,0.0694,2.54,7.4,0.227,0.0233,2.49,799.0,45.4011794,69.2299235
Kepler-399 d,Kepler-399,3,58.034616,0.261,1.89,4.23,0.169,0.0133,3.44,486.0,299.5017242,40.6707669
Kepler-534 c,Kepler-534,2,7.378689766,0.0761,1.227,2.02,0.1094658,0.00637,6.01,933.0,296.4185696,49.540148
TOI-5817 b,TOI-5817,1,15.61031,0.1223,3.08,10.3,0.27477967,0.03240742,1.93,950.0,322.3777987,21.474527
Kepler-1063 b,Kepler-1063,1,14.07971466,0.1176,1.49,2.83,0.1329289,0.00889,4.7,931.0,290.5267975,38.1428283
Kepler-391 c,Kepler-391,2,20.501,0.164,2.88,450.0,0.25693683,1.41585834,400.0,662.0,290.6218844,51.0573453
Kepler-136 c,Kepler-136,2,16.399235,0.133,1.99,4.62,0.178,0.0145,3.22,847.0,296.4673039,42.5987984
EPIC 249893012 d,EPIC 249893012,3,35.747,0.22,3.94,10.18,0.35150326,0.0320297,0.91,752.0,228.2482353,-16.7246474
Kepler-283 b,Kepler-283,2,11.008151,0.082,2.13,5.18,0.19,0.0163,2.95,488.0,293.6137413,47.838938
Kepler-1705 b,Kepler-1705,2,9.03502,0.08,2.03,4.47,0.18110478,0.01406419,2.977353,789.0,301.5785316,44.3121639
HD 3651 b,HD 3651,1,62.25,0.295,10.1,72.46524,0.899,0.228,0.386,432.84,9.8387218,21.2488844
HAT-P-52 b,HAT-P-52,1,2.7535953,0.03694,11.309881,259.98494,1.009,0.818,0.98,1218.0,42.7217412,29.0222492
HD 154391 b,HD 154391,1,5163.0,7.46,12.5,2892.2385037,1.12,9.1,8.14,253.57,255.3201345,60.6489226
K2-38 c,K2-38,2,10.56103,0.09514,2.29,8.3,0.20430047,0.02611472,3.8,916.0,240.0333095,-23.1894196
Kepler-1982 b,Kepler-1982,1,3.82315697,0.0511,0.77,0.381,0.06869492,0.0012,4.59,1282.0,287.4099905,39.6586267
Kepler-292 f,Kepler-292,5,20.834237,0.141,2.35,6.12,0.21,0.0193,2.59,563.0,295.7661979,42.4242822
Kepler-184 c,Kepler-184,3,20.303005,0.141,1.97,8.8,0.176,0.028,6.32,630.0,291.9518784,43.0746172
XO-6 b,XO-6,1,3.7650007,0.0815,23.20263,1398.452,2.07,4.4,0.62,1577.0,94.7929552,73.8275672
Kepler-1859 b,Kepler-1859,2,2.729599953,0.0394,1.58313575,3.13,0.14123815,0.00985,4.33,1455.0,293.9886751,46.7179996
TOI-3912 b,TOI-3912,1,3.4936264,0.0463,14.28024141,129.03833324,1.274,0.406,0.243,1512.0,215.8014956,24.0765639
Kepler-650 b,Kepler-650,1,3.032145588,0.0421,2.96,9.06,0.26407351,0.0285,1.92,1507.0,289.0009451,45.1542968
K2-261 b,K2-261,1,11.6334681,0.1086,9.26982704,68.96876432,0.827,0.217,0.473,1036.0,163.0323119,0.493167
Kepler-128 b,Kepler-128,2,15.0,0.12545,1.421,3.79,0.12677335,0.01192467,7.222837,968.0,282.4922622,43.9802442
Lupus-TR-3 b,Lupus-TR-3,1,3.91405,0.0464,9.976,257.431,0.89,0.81,1.4,1013.56,232.5774696,-42.9799461
Kepler-1281 b,Kepler-1281,1,3.11602791,0.0415,1.64,3.33,0.146311,0.0105,4.15,1123.0,295.3543571,48.5153932
HATS-34 b,HATS-34,1,2.1061607,0.03166,16.02887,299.07803,1.43,0.941,0.4,1445.0,0.7744866,-62.4693167
Kepler-1693 b,Kepler-1693,2,12.0999,0.1011,1.28938413,2.21,0.11503115,0.00695,5.67,807.0,290.2015581,48.1857799
Kepler-1087 b,Kepler-1087,1,0.693842855,0.01554,0.61,0.165,0.05442055,0.00052,3.99,2161.0,294.9789253,46.0056741
Kepler-104 b,Kepler-104,3,11.427548,0.094,3.1,19.6,0.277,0.062,4.064848,852.0,287.6046621,42.1665104
HD 164922 e,HD 164922,4,41.763,0.2292,3.23,10.52012027,0.288,0.0331,1.72,543.73,270.6304652,26.3104077
HAT-P-51 b,HAT-P-51,1,4.21802091,0.05042,13.50682174,97.57332095,1.205,0.307,0.218,1168.2,21.0651251,32.8107
Kepler-491 b,Kepler-491,1,4.225384512,0.05191,8.92,59.0,0.7957891,0.186,0.457,1111.0,287.1305782,42.3501533
Kepler-1849 b,Kepler-1849,1,57.29290009,0.2597,2.38685349,6.29,0.21294117,0.0198,2.54,355.0,285.29193,41.2557275
Kepler-316 c,Kepler-316,2,6.827766,0.058,1.16,1.65,0.103,0.00521,5.81,577.0,290.825835,44.1838993
DMPP-1 d,DMPP-1,4,3.1417,0.04467,2.02,4.72,0.18,0.01485078,3.15,1632.0,86.7761233,-10.6303217
HD 164922 d,HD 164922,4,12.458,0.103,1.83,4.0,0.163,0.01258534,3.59,787.68,270.6304652,26.3104077
Kepler-533 b,Kepler-533,1,28.51120525,0.16704,3.38,11.4,0.3015434,0.0357,1.62,423.0,293.6856893,48.8249915
TOI-3894 b,TOI-3894,1,4.33454,0.05354,15.27784069,260.61929374,1.363,0.82,0.4,1531.0,201.3748265,52.7681036
Kepler-392 c,Kepler-392,2,10.423118,0.093,1.1,1.37,0.098,0.0043,5.66,901.0,288.660826,43.3681938
K2-123 b,K2-123,1,30.951524,0.1649,2.76,8.05,0.24623071,0.0253,2.1,338.0,134.4441404,21.4532748
Kepler-1543 b,Kepler-1543,1,6.96710269,0.0867,2.71,7.8,0.24177001,0.0245,2.15,1774.0,297.1242915,47.0369876
CoRoT-10 b,CoRoT-10,1,13.2406,0.1055,10.87,874.0,0.97,2.75,3.7,600.0,291.0636813,0.7460143
HD 45184 b,HD 45184,2,5.8854,0.0644,3.52,12.19,0.314,0.0384,1.54,1156.34,96.1820205,-28.7806402
Kepler-1470 b,Kepler-1470,1,16.2950903,0.116,1.07,1.24,0.09545901,0.0039,5.56,574.0,288.6949475,39.8830802
GJ 1061 d,GJ 1061,3,13.066,0.054,1.16,1.67,0.104,0.00525441,5.88,242.03,54.0032486,-44.5143104
TOI-1249 b,TOI-1249,1,13.079151,0.109,3.2710301,11.9,0.29182226,0.03744159,1.84,726.89,200.5615762,66.3085331
Kepler-715 b,Kepler-715,1,10.00652995,0.0933,3.75,13.5,0.33455259,0.0426,1.41,876.0,283.6307971,43.3793638
TOI-969 b,TOI-969,2,1.8237305,0.02636,2.765,9.1,0.2466772,0.0286318,2.34,941.0,115.1366858,2.0985879
K2-224 c,K2-224,2,10.09489,0.0886,2.41,6.39,0.2150058,0.0201,2.51,764.0,189.7041426,-10.0605942
Kepler-700 b,Kepler-700,1,80.8720639,0.3577,5.99,30.0,0.53439201,0.0944,0.767,452.0,287.154224,41.5657775
Kepler-472 b,Kepler-472,1,4.176255514,0.04823,3.22,10.5,0.28726916,0.0329,1.73,876.0,296.5245187,39.2498503
Kepler-1444 b,Kepler-1444,1,33.42035034,0.20906,2.18,5.39,0.19448657,0.017,2.86,581.0,285.3306799,42.0405016
TYC 2187-512-1 b,TYC 2187-512-1,1,691.9,1.22,12.5,104.88337431,1.12,0.33,0.295,114.69,320.5266829,22.9319351
HD 142 c,HD 142,3,10159.64279,9.811,12.4,3464.64746471,1.11,10.901,9.99,116.56,1.5836771,-49.0753625
Kepler-1129 b,Kepler-1129,2,24.3397804,0.16481,2.96,9.06,0.26407351,0.0285,1.92,737.0,291.6044965,41.3093275
Kepler-824 b,Kepler-824,1,4.51436633,0.055,1.87,4.16,0.16683023,0.0131,3.5,1231.0,290.477406,39.7319975
HIP 99770 b,HIP 99770,1,18600.0,15.8,12.2,5403.082919,1.09,17.0,16.4,135.17,303.6338344,36.8066046
HD 5319 c,HD 5319,2,872.2,1.93,13.8,334.67499,1.23,1.053,0.7,340.67,13.7558096,0.7893425
Kepler-1236 b,Kepler-1236,1,31.0571618,0.1803,2.14,5.22,0.19091801,0.0164,2.93,480.0,295.6247375,42.5458739
Kepler-1275 b,Kepler-1275,1,3.65691115,0.0488,1.48,2.79,0.13203676,0.00879,4.73,1368.0,293.5004955,44.9324455
Kepler-720 b,Kepler-720,1,4.708326542,0.0539,8.41,53.4,0.75028995,0.168,0.493,1162.0,298.6356478,44.1709388
Kepler-1690 b,Kepler-1690,1,234.636,0.7097,2.81109223,8.3,0.25078885,0.0261,2.05,267.0,288.1566649,41.8779417
Kepler-150 b,Kepler-150,5,3.428054,0.044,1.25,2.1,0.112,0.0066,5.91,1131.0,288.2341025,40.520897
Kepler-1428 b,Kepler-1428,1,10.67607169,0.11051,1.64,3.33,0.146311,0.0105,4.15,1049.0,297.6422563,49.594958
Kepler-1133 b,Kepler-1133,1,11.55562343,0.0983,1.97,4.54,0.17575163,0.0143,3.26,703.0,293.3224114,42.8674925
GJ 328 b,GJ 328,2,3771.0,4.11,13.3,797.74930157,1.18,2.51,1.86,73.57,133.7819507,1.5420011
HD 16175 b,HD 16175,1,990.0,2.12,12.8,1875.1876013,1.14,5.9,4.91,259.78,39.2577379,42.0624526
HR 5183 b,HR 5183,1,27000.0,18.0,13.1,1052.01202717,1.17,3.31,2.57,171.0,206.7357992,6.3498994
Kepler-1307 b,Kepler-1307,1,18.01621096,0.1369,2.47,6.66,0.22035864,0.021,2.43,768.0,292.8698348,46.7418679
Kepler-1195 b,Kepler-1195,1,8.49642241,0.0726,2.08,4.98,0.18556517,0.0157,3.04,702.0,284.3510523,40.8529319
Kepler-325 c,Kepler-325,3,12.762172,0.105,2.54,6.99,0.227,0.022,2.34,721.0,289.8354219,49.825607
K2-244 b,K2-244,1,21.06884,0.1418,1.75,3.71,0.15612454,0.0117,3.8,638.0,183.4686492,-3.8318097
EPIC 212737443 c,EPIC 212737443,2,65.55,0.28,2.69,7.7,0.23998573,0.0242,2.17,316.0,204.2215065,-7.3180577
Kepler-1816 b,Kepler-1816,1,91.50099945,0.35647,1.9679397,4.53,0.17556812,0.0143,3.27,310.0,296.8509823,50.6987736
WASP-36 b,WASP-36,1,1.53736596,0.02677,14.874343,750.39663,1.327,2.361,1.26,1733.0,131.5803897,-8.0269855
Kepler-1176 b,Kepler-1176,1,24.1738579,0.1589,2.45,6.57,0.21857436,0.0207,2.45,595.0,297.919724,45.2742038
Kepler-1783 b,Kepler-1783,1,8.277440071,0.07595,1.31946731,2.3,0.11771519,0.00723,5.5,1088.0,297.0210984,41.3771655
Kepler-189 b,Kepler-189,2,10.399931,0.088,1.21,1.92,0.108,0.00606,5.96,678.0,287.5646296,44.3050662
Kepler-1143 c,Kepler-1143,2,210.630591,0.6477,3.6,12.6,0.32117049,0.0398,1.48,234.0,287.302772,39.2896399
HATS-30 b,HATS-30,1,3.1743516,0.04354,13.170575,224.38798,1.175,0.706,0.543,1414.0,5.618525,-59.9425892
K2-136 d,K2-136,3,25.575,0.1538,1.565,3.0,0.13962019,0.00943906,4.3,420.0,67.4128615,22.8825674
HD 177830 c,HD 177830,2,110.9,0.5137,7.87,47.6725,0.702,0.15,0.537,538.95,286.3363574,25.9204327
TOI-1693 b,TOI-1693,1,1.7666957,0.0226,1.41,2.57,0.12579199,0.00809,5.04,764.0,90.3083455,34.7730904
TOI-2587 A b,TOI-2587 A,1,5.45664,0.0635,12.07207221,69.28659273,1.077,0.218,0.216,1445.0,115.9317105,-1.073333
Kepler-837 b,Kepler-837,1,16.56059504,0.1144,2.56,7.08,0.2283879,0.0223,2.32,701.0,285.2467607,45.95011
Kepler-1031 b,Kepler-1031,1,1.22621732,0.0218,0.87,0.59,0.0776162,0.00186,4.92,2024.0,296.0898796,48.9554121
Kepler-1154 b,Kepler-1154,2,5.1856142,0.0631,2.34,6.08,0.20876082,0.0191,2.61,1314.0,297.4771158,39.8772345
Kepler-919 b,Kepler-919,1,11.04603384,0.0981,2.25,5.69,0.20073156,0.0179,2.74,869.0,298.1147862,48.4943834
Kepler-60 b,Kepler-60,3,7.1334,0.07255,1.71,4.19,0.15255598,0.01318315,4.62,1102.0,288.9612535,42.2650472
HD 115954 b,HD 115954,1,3700.0,5.0,12.6,2685.65003915,1.12,8.45,7.38,144.9,199.9853694,38.3691383
Kepler-1490 b,Kepler-1490,1,92.4362973,0.3729,3.04,9.48,0.27121063,0.0298,1.85,348.0,295.6935734,42.6094543
HD 42012 b,HD 42012,1,857.5,1.67,13.5,508.528,1.21,1.6,1.14,182.63,92.485473,34.1341722
Kepler-556 b,Kepler-556,1,11.72292176,0.09833,2.24,5.65,0.19983941,0.0178,2.76,766.0,290.5294799,38.9427306
Kepler-109 c,Kepler-109,2,21.22265,0.1546,2.65,8.2,0.23641757,0.02580009,2.4,859.0,290.3926795,40.2849074
Kepler-48 e,Kepler-48,5,982.0,1.898274748,13.4,657.0,1.19,2.067,1.5,171.49,299.1393094,40.948939
HD 49674 b,HD 49674,1,4.94737,0.06,6.2,31.783,0.553,0.1,0.733,1113.78,102.8773483,40.8672284
Kepler-101 c,Kepler-101,2,6.02976,0.0684,1.25,3.78,0.112,0.01,10.5,1413.0,283.255507,48.3552474
K2-59 b,K2-59,2,20.6921,0.1354,2.41,6.39,0.2150058,0.0201,2.51,566.37,338.94255,-14.027727
KELT-24 b,KELT-24,1,5.55149296,0.0665,12.71098411,1458.83238813,1.134,4.59,3.9,1391.0,161.9090273,71.655727
Kepler-1200 b,Kepler-1200,1,1.118549717,0.0188,1.06,1.2,0.09456687,0.00377,5.54,1174.0,296.6034317,44.1292537
Kepler-26 d,Kepler-26,4,3.543919,0.039,1.07,1.24,0.095,0.0039,5.56,652.0,284.9410627,46.5664505
2MASS J19383260+4603591 b,2MASS J19383260+4603591,3,406.0,0.92,13.4,603.877,1.2,1.9,1.38,669.65,294.6359173,46.0664076
Kepler-363 c,Kepler-363,3,7.542427,0.079,1.69,66.4,0.151,0.209,75.6,1054.0,283.1920779,41.3054172
LHS 1678 c,LHS 1678,3,3.694284,0.0327,0.941,1.4,0.08395054,0.00440489,10.6,510.9,68.1789866,-39.7908744
HATS-12 b,HATS-12,1,3.142702,0.0441,7.76,759.6137,0.69230083,2.39,1.12,1446.0,289.202402,-19.3559227
Kepler-858 b,Kepler-858,1,76.13602028,0.33939,4.87,21.1,0.4344723,0.0664,1.0,399.0,288.8488552,51.2090375
Kepler-450 d,Kepler-450,3,7.51464,0.0827,0.837,17.6,0.07467214,0.05537552,77.0,1199.0,295.4865821,51.0135237
K2-316 c,K2-316,2,5.26,0.0582,1.83,4.01,0.16326166,0.0126,3.6,423.0,233.6247336,-23.2594663
Kepler-1892 b,Kepler-1892,1,6.331230164,0.0633,1.83707938,4.03,0.16389353,0.0127,3.57,822.0,299.081007,42.0180957
Kepler-432 b,Kepler-432,2,52.501129,0.301,12.834305,1719.4603,1.145,5.41,4.46,812.0,293.2822344,48.2859173
Kepler-1108 b,Kepler-1108,1,4.51005748,0.0511,1.46,2.73,0.13025248,0.00859,4.82,1063.0,296.0422962,45.98514
Kepler-203 b,Kepler-203,3,3.162697,0.043,2.57,7.13,0.229,0.0224,2.31,1308.0,297.089959,41.3880686
Kepler-1656 c,Kepler-1656,2,1919.0,3.053,14.0,126.4,1.25,0.4,0.253,161.19,284.4722473,39.911889
HD 143105 b,HD 143105,1,2.1974,0.0379,13.7,384.5743,1.22,1.21,0.822,2028.25,238.4023547,68.7199779
Kepler-1992 b,Kepler-1992,1,15.6112238,0.1169,0.91,0.693,0.0811849,0.00218,5.05,637.0,295.0902409,45.0811045
HD 159868 c,HD 159868,2,351.0,1.032,14.0,244.09344,1.25,0.768,0.489,383.37,264.7466665,-43.1462347
Kepler-140 b,Kepler-140,2,3.25427,0.045,1.61,3.22,0.144,0.0101,4.24,1301.0,287.3694056,46.7681473
HATS-69 b,HATS-69,1,2.2252577,0.03211,10.592505,183.38791,0.945,0.577,0.46,1295.7,289.2974275,-60.8917599
Kepler-139 b,Kepler-139,5,15.771044,0.127,2.94,7.0,0.262,0.02202446,2.169438,752.0,282.3919451,43.8894167
bet UMi b,bet UMi,1,522.3,1.4,12.7,1938.7,1.14,6.1,5.2,1040.63,222.676495,74.155548
Kepler-134 b,Kepler-134,2,5.317429,0.06,2.0,4.66,0.178,0.0147,3.2,1105.0,284.7391156,49.5984448
Kepler-1665 b,Kepler-1665,1,11.9548,0.096,2.83910787,8.44,0.25328824,0.0266,2.03,906.0,290.39624,41.0399229
HD 108236 f,HD 108236,5,29.54115,0.1758,2.017,4.72,0.17994469,0.0149,3.16,609.59,186.5740627,-51.3630519
HD 73344 b,HD 73344,3,15.611,0.131,2.884,10.48,0.25729369,0.03297377,2.451,911.0,129.6894456,23.6852651
Kepler-1617 b,Kepler-1617,1,27.4785572,0.17707,1.2,1.87,0.10705683,0.00588,5.95,736.0,287.9371747,46.4184781
Kepler-2001 c,Kepler-2001,2,14.092583189,0.1084,1.82,3.97,0.1623698,0.0125,3.62,597.0,291.6594558,50.5838585
Kepler-1443 b,Kepler-1443,1,2.41811321,0.03783,0.97,0.871,0.0865376,0.00274,5.24,1602.0,283.4357392,47.0667983
XO-1 b,XO-1,1,3.94153,0.0488,12.77826,263.7989,1.14,0.83,0.64,1210.0,240.5492745,28.1696248
HD 206893 c,HD 206893,2,2290.0,3.74,16.36511182,3527.8953177,1.46,11.1,4.42,1181.9,326.3416874,-12.7833522
HD 233832 b,HD 233832,1,2058.0,2.827,13.5,565.7374,1.2,1.78,1.26,117.8,171.5196515,50.3763099
TOI-2364 b,TOI-2364,1,4.0197517,0.04871,8.60849718,71.51139158,0.768,0.225,0.61,1091.0,89.1300265,-5.0120298
Kepler-30 d,Kepler-30,3,143.34394,0.5,8.8,23.1,0.785,0.073,0.19,308.0,285.2836483,38.9472625
Kepler-1125 b,Kepler-1125,1,17.6700642,0.1348,1.84,4.04,0.1641538,0.0127,3.56,778.0,295.4812018,40.7319316
TOI-4527.01,TOI-4527,1,0.3994445,0.008332353,0.9086617,0.689,0.08097753,0.00217,5.05,1362.93,19.4722574,5.4711996
Kepler-1321 c,Kepler-1321,3,2.226491086,0.0267,2.4,6.35,0.21411366,0.02,2.52,697.0,294.528597,46.6408737
HD 73344 d,HD 73344,3,5823.0,6.7,13.2,810.46243785,1.18,2.55,1.94,126.51,129.6894456,23.6852651
TOI-6692 b,TOI-6692,1,131.125,0.512,11.67975789,197.05361234,1.042,0.62,0.68,467.0,312.6940436,-81.2723982
Kepler-792 b,Kepler-792,1,11.30119217,0.0988,1.96,4.5,0.17485949,0.0142,3.28,852.0,292.0068239,38.8207001
K2-80 c,K2-80,3,5.605,0.0596,1.47,2.76,0.13114462,0.00869,4.77,1002.42,59.037486,13.5590288
HD 28109 b,HD 28109,3,22.891054,0.1357,2.69,6.2,0.23998614,0.01950738,1.8,867.0,65.2383065,-68.1026875
Kepler-891 b,Kepler-891,1,53.44945593,0.2881,6.41,33.6,0.5718619,0.106,0.701,486.0,291.0837644,40.3552252
TOI-5624 d,TOI-5624,5,13.731468,0.1067,3.584,4.9,0.31974361,0.01541712,0.59,712.6,180.8443476,49.2512257
Kepler-765 b,Kepler-765,1,27.6655226,0.1754,2.43,6.48,0.21679008,0.0204,2.48,641.0,283.1846044,47.1557114
Kepler-1516 b,Kepler-1516,1,7.25931979,0.0718,1.75,3.71,0.15612454,0.0117,3.8,967.0,291.4945795,44.5234227
Kepler-1159 b,Kepler-1159,1,22.70816791,0.1603,2.37,6.21,0.21143724,0.0195,2.56,677.0,294.266325,45.2042317
HATS-18 b,HATS-18,1,0.83784,0.0174,14.896761,629.144485,1.329,1.9795,1.1169,2069.48,173.9574203,-29.1560639
Kepler-113 b,Kepler-113,2,4.754,0.05123,1.82,11.7,0.162,0.037,10.73,775.0,287.9978721,50.9441847
CoRoT-25 b,CoRoT-25,1,4.86069,0.0578,12.11,85.81,1.08,0.27,0.15,1330.0,280.6296561,6.5138223
HD 216536 b,HD 216536,1,148.60001,0.61,13.8,333.7215,1.23,1.05,0.698,897.99,343.2665641,44.4777303
TOI-2407 b,TOI-2407,1,2.702969,0.033,4.26,16.8,0.3800524,0.0529,1.19,705.0,49.746545,-46.458025
Kepler-1060 b,Kepler-1060,1,46.8779367,0.2495,2.38,6.26,0.21232938,0.0197,2.55,484.0,286.0252285,39.6309204
Kepler-154 e,Kepler-154,5,3.93276465,0.04766,1.5,2.86,0.13382104,0.00899,4.66,1140.0,289.7805393,49.8965624
Kepler-1844 b,Kepler-1844,1,3.924510002,0.0478,3.03648191,9.46,0.27089724,0.0298,1.86,1074.0,292.6903973,37.9345682
Kepler-1036 b,Kepler-1036,1,122.8808058,0.47726,3.01,9.32,0.26853421,0.0293,1.88,326.0,295.1817093,49.9458172
Kepler-561 c,Kepler-561,2,5.350161983,0.05947,2.68,7.65,0.23909359,0.0241,2.18,989.0,293.7471107,45.1071981
Kepler-37 b,Kepler-37,4,13.36702,0.1019,0.3098,0.79,0.02763855,0.00248562,140.0,718.0,284.0592503,44.5183733
Kepler-585 b,Kepler-585,1,2.752359753,0.03841,2.83,8.4,0.25247569,0.0264,2.04,1178.0,286.5284924,43.8733751
K2-203 b,K2-203,1,9.6952,0.0824,1.26549392,2.14,0.1129,0.00674,5.8,738.4,12.7736909,-1.1958844
Kepler-233 b,Kepler-233,2,8.472382,0.077,2.43,6.48,0.217,0.0204,2.48,751.0,296.3665054,51.3194548
Kepler-1863 b,Kepler-1863,1,44.99760056,0.23678,2.26309256,5.74,0.20189994,0.0181,2.72,508.0,282.2397185,43.2440854
Kepler-356 c,Kepler-356,2,13.121632,0.115,1.81,3.93,0.161,0.0124,3.64,913.0,292.4210998,37.6827919
Kepler-1865 b,Kepler-1865,1,2.524009943,0.0344,1.57686072,3.11,0.14067833,0.00979,4.36,1203.0,293.941238,41.5904136
TOI-5126 b,TOI-5126,2,5.4588385,0.06519,4.74,20.2,0.4228752,0.0634,1.04,1442.0,151.6597827,18.6340631
Kepler-505 b,Kepler-505,1,27.52197994,0.1445,2.6,7.27,0.23195646,0.0229,2.27,314.0,287.857953,42.5426758
WASP-147 b,WASP-147,1,4.60273,0.0549,12.498035,87.40325,1.115,0.275,0.263,1404.0,359.1915117,-22.1532316
Kepler-166 d,Kepler-166,3,1.554003928,0.02449,1.73,3.64,0.15434026,0.0115,3.86,1313.0,293.1600977,48.8812074
Kepler-1480 b,Kepler-1480,1,22.12679948,0.1525,1.67,3.43,0.14898742,0.0108,4.05,721.0,291.9998055,49.3018321
Kepler-1987 d,Kepler-1987,4,5.644914154,0.0571,2.66,7.56,0.23730971,0.0238,2.21,744.0,295.8254663,42.9433716
HD 125612 d,HD 125612,3,2822.72698,3.982,12.7,2281.37230545,1.13,7.178,6.12,147.48,215.2227183,-17.4818147
Kepler-245 b,Kepler-245,4,7.49019,0.071,2.57,146.78,0.229,0.46182153,0.12,753.0,291.6389972,42.4363482
TOI-2141 c,TOI-2141,3,5.4624,0.0585,2.35,6.14,0.21,0.0193186,2.6,1095.0,258.7623456,18.3403449
WASP-4 b,WASP-4,1,1.338230994,0.02261,15.12091496,381.3940884,1.349,1.2,0.647184,1653.0,353.5629149,-42.0617794
Kepler-1556 b,Kepler-1556,1,8.82713457,0.0829,1.96,4.5,0.17485949,0.0142,3.28,797.0,288.3969751,40.2131892
Kepler-209 b,Kepler-209,2,16.087845,0.122,2.26,5.73,0.202,0.018,2.73,668.0,291.1694567,42.6407281
Kepler-131 c,Kepler-131,2,25.5169,0.17391,0.84,8.25,0.075,0.026,77.7,615.0,288.5308924,40.942373
Kepler-24 d,Kepler-24,4,4.244384,0.051,1.67,293.959,0.149,0.92489845,152.0,1305.0,290.4132621,38.3437283
HD 28254 b,HD 28254,1,1333.0,2.45,13.0,1207.7479466,1.16,3.8,3.02,212.28,66.2108141,-50.6228081
HATS-40 b,HATS-40,1,3.2642736,0.04997,17.71022,505.3497,1.58,1.59,0.49,2101.0,100.5712467,-29.77678
K2-266 e,K2-266,4,19.482,0.1249,2.73,14.3,0.24355429,0.04499261,2.21,490.1,157.9356855,0.9372782
HD 33283 b,HD 33283,1,18.1991,0.1508,12.5,104.56607,1.12,0.329,0.294,1034.4,77.0044889,-26.7976689
Kepler-237 b,Kepler-237,2,4.715106,0.05,1.41,2.57,0.126,0.00809,5.04,823.0,283.2213438,40.421762
K2-126 b,K2-126,1,7.385655,0.0656,1.97,4.54,0.17575163,0.0143,3.26,601.0,203.5467021,-13.5769705
HD 224018 d,HD 224018,3,138.0731,0.53,2.4,4.2,0.21411403,0.01321468,1.7,411.0,358.6390056,-4.7233362
HD 125612 b,HD 125612,3,557.69994,1.349,13.2,945.22168242,1.17,2.974,2.26,253.38,215.2227183,-17.4818147
HD 109988 b,HD 109988,1,17132.15854,12.518,12.1,6935.33366915,1.08,21.821,21.5,65.91,189.8154662,-32.7263607
Kepler-100 e,Kepler-100,4,60.888588,0.312391586,5.27,24.14271827,0.47,0.07596149,0.906,621.73,291.3861294,41.9901394
Kepler-219 c,Kepler-219,3,22.714613,0.165,3.58,12.5,0.319,0.0394,1.5,766.0,288.7389481,46.7625929
Kepler-1790 b,Kepler-1790,1,31.58889961,0.20989,3.1446145,10.0,0.2805442,0.0316,1.77,682.0,294.5668577,46.0757312
Kepler-1641 c,Kepler-1641,2,32.657212,0.2065,2.95,9.01,0.26318137,0.0283,1.93,767.0,296.359456,41.5745321
HD 75898 c,HD 75898,2,6717.0,7.39,12.6,2698.36317543,1.12,8.49,7.41,135.2,133.4611999,33.0566885
WASP-155 b,WASP-155,1,3.110413,0.043,13.45077684,276.8285425,1.2,0.871,0.62,1468.0,347.979723,33.0476125
HATS-35 b,HATS-35,1,1.8209993,0.03199,16.409976,388.38826,1.464,1.222,0.484,2037.0,296.688442,-63.5656488
Kepler-918 b,Kepler-918,1,4.85386933,0.0569,1.74,3.68,0.1552324,0.0116,3.84,1052.0,298.2007268,48.2677925
Kepler-141 b,Kepler-141,2,3.107675,0.039,0.69,0.257,0.062,0.000809,4.3,968.0,297.9707271,47.7316041
Kepler-582 b,Kepler-582,1,18.49235668,0.1254,3.68,13.1,0.32830761,0.0413,1.44,603.0,297.503718,41.0570326
TOI-912 b,TOI-912,1,4.6780691,0.041,1.93,5.1,0.17218336,0.01604639,4.0,551.0,229.3285665,-80.4733446
Kepler-335 c,Kepler-335,2,67.844469,0.356,3.07,9.64,0.274,0.0303,1.83,592.0,296.0642944,45.4285986
XO-2 S c,XO-2 S,4,120.059,0.4737,13.6,438.60320166,1.21,1.38,0.958,376.79,117.0309753,50.2169068
Kepler-31 d,Kepler-31,3,87.6451,0.4,3.9,2161.244,0.3479347,6.8,0.077,484.0,294.0230229,45.8530535
TOI-4427 b,TOI-4427,1,4.6182621,0.05389,13.09208946,87.72064033,1.168,0.276,0.214,1040.0,135.0492615,72.1477473
TOI-2583 A b,TOI-2583 A,1,4.5207265,0.0571,14.4595851,79.45710175,1.29,0.25,0.144,1456.0,272.2670293,45.3368996
Kepler-966 b,Kepler-966,1,99.747622,0.3907,4.13,16.0,0.36845392,0.0502,1.25,391.0,297.270576,50.1218365
HD 50499 c,HD 50499,2,8619.9,9.02,13.2,931.2419,1.17,2.93,2.22,116.69,103.008075,-33.915267
WASP-140 b,WASP-140,1,2.23598448,0.0323,14.23540549,775.5052,1.27,2.44,1.578175,1270.0,60.3855387,-20.4509991
Kepler-630 b,Kepler-630,1,161.4743937,0.56201,3.18,10.2,0.2837006,0.0322,1.74,343.0,293.4270647,39.9423967
Kepler-874 b,Kepler-874,1,40.0686727,0.2234,3.94,14.7,0.35150326,0.0463,1.32,560.0,294.9568477,43.0142991
Kepler-235 b,Kepler-235,4,3.340222,0.037,2.23,5.6,0.199,0.0176,2.77,731.0,286.0790779,39.278237
Kepler-85 c,Kepler-85,4,12.51,0.10363,1.978,2.15,0.17646564,0.00676466,1.527272,706.0,290.9734395,45.2902761
Kepler-1345 b,Kepler-1345,1,44.6169557,0.26412,2.36,6.17,0.2105451,0.0194,2.58,693.0,292.4779428,46.022821
Kepler-866 b,Kepler-866,1,2.617032536,0.0331,1.63,3.29,0.14541886,0.0104,4.17,996.0,290.1222112,43.085407
Kepler-223 b,Kepler-223,4,7.38449,0.07525,2.99,7.4,0.26674993,0.02328289,1.54,1042.0,298.3183909,47.2794824
HD 4732 c,HD 4732,2,3184.2,4.725,13.1,1069.49258955,1.17,3.365,2.61,243.69,12.3085089,-24.1369079
Kepler-922 b,Kepler-922,1,0.938466832,0.01795,1.42,2.6,0.12668391,0.00819,4.99,1876.0,284.7316084,49.533149
Gaia-2 b,Gaia-2,1,3.6915224,0.0467,14.81827249,259.66580852,1.322,0.817,0.439,1213.23,110.7353308,67.2526565
HATS-67 b,HATS-67,1,1.6091788,0.03032,18.887165,460.8535,1.685,1.45,0.374,2193.0,180.2087883,-46.1364201
Kepler-549 b,Kepler-549,3,42.9495649,0.23236,2.57,11.0,0.22928004,0.0346097,1.9,487.0,283.0228527,47.2611431
GJ 1148 b,GJ 1148,2,41.38,0.166,11.9,96.7,1.07,0.3042507,0.315,232.94,175.4326081,42.7515862
Kepler-1780 b,Kepler-1780,1,109.4449997,0.4276,3.60600667,12.7,0.32170692,0.0399,1.49,340.0,294.0839282,42.8095104
HD 28471 b,HD 28471,3,3.1649,0.042,1.75,3.72,0.156,0.01170443,3.81,1377.0,66.2875166,-64.0786861
NY Vir b,NY Vir,2,3160.0,3.3,13.3,730.978,1.19,2.3,1.71,338.12,204.7005847,-2.0303873
TOI-2447 b,TOI-2447,1,69.33684,0.347,9.60609646,124.90656395,0.857,0.393,0.774,414.0,70.9975864,-31.9066369
K2-58 d,K2-58,3,22.8827,0.1517,1.71,3.57,0.15255598,0.0112,3.92,621.48,333.8218395,-14.049857
TOI-4137 b,TOI-4137,1,3.8016122,0.05222,13.57407563,457.67290608,1.211,1.44,1.01,1570.0,77.612879,70.391079
GJ 625 b,GJ 625,1,14.628,0.078361,1.49,2.82,0.133,0.00887267,4.68,335.59,246.3557854,54.3033625
Kepler-267 b,Kepler-267,3,3.353728,0.037,1.98,37.9,0.177,0.119,26.8,615.0,299.8305655,47.1575741
Kepler-775 b,Kepler-775,1,0.974868926,0.01834,1.19,1.81,0.10616469,0.0057,5.9,1612.0,291.4332781,41.7033162
WASP-177 b,WASP-177,1,3.071722,0.03957,17.71022,161.45764,1.58,0.508,0.172,1142.0,334.7969885,-1.8344301
NGC 2682 Sand 1429 b,NGC 2682 Sand 1429,1,77.48,0.384,13.4,572.0911326,1.2,1.8,1.31,683.0,133.0147781,11.6899626
TOI-6034 b,TOI-6034,1,2.576184,0.02949,11.92,254.0,1.063,0.798,0.82,714.0,317.9001392,68.4020762
Kepler-791 b,Kepler-791,1,14.5539759,0.1256,3.05,9.53,0.27210277,0.03,1.85,939.0,293.5958044,39.0294267
TOI-1260 b,TOI-1260,3,3.127463,0.0367,2.41,8.56,0.21500617,0.02693277,3.35,871.0,157.1440712,65.8541986
TOI-1062 b,TOI-1062,2,4.11296,0.052,2.265,10.15,0.20207011,0.03193547,4.85,1077.0,38.1209678,-78.0236828
WASP-79 b,WASP-79,1,3.662392,0.0519,17.14974047,270.15414595,1.53,0.85,0.13,1716.2,66.3709016,-30.6004362
Kepler-1630 b,Kepler-1630,1,509.997402,1.1218,2.19,5.43,0.19537871,0.0171,2.84,182.0,297.5083004,43.7110543
Kepler-1365 b,Kepler-1365,2,7.69993485,0.07839,0.92,0.721,0.0820769,0.00227,5.09,969.0,292.1996573,42.0459944
Kepler-133 c,Kepler-133,2,31.517586,0.204,2.84,8.45,0.253,0.0266,2.03,663.0,297.2778906,48.3203542
Kepler-346 c,Kepler-346,2,23.851549,0.168,3.07,9.64,0.274,0.0303,1.83,654.0,288.0119248,46.1176003
Kepler-160 b,Kepler-160,3,4.309397,0.05511,1.715,3.59,0.15300205,0.0113,3.91,1134.0,287.773573,42.8692755
Kepler-341 d,Kepler-341,4,27.666313,0.182,1.85,4.08,0.165,0.0128,3.54,622.0,289.8615609,43.4727412
K2-125 b,K2-125,1,21.750264,0.121,2.18,5.39,0.19448657,0.017,2.86,321.22,204.1418754,-14.9478195
HD 27442 b,HD 27442,1,428.1,1.271,13.5,495.8,1.21,1.56,1.11,369.62,64.1205476,-59.3028771
Kepler-1489 b,Kepler-1489,2,82.294751,0.3679,1.77,3.78,0.15790882,0.0119,3.75,400.0,281.2957984,44.4654063
Kepler-1623 b,Kepler-1623,1,4.36128348,0.0518,1.31,2.27,0.11687037,0.00714,5.55,1000.0,294.082697,39.5560655
HD 156411 b,HD 156411,1,842.2,1.88,14.0,235.18,1.25,0.74,0.471,304.95,259.9639522,-48.5502313
Kepler-496 b,Kepler-496,1,8.30864937,0.0747,2.32,5.99,0.20697654,0.0189,2.64,747.0,291.6408978,41.2411044
TOI-4463 A b,TOI-4463 A,1,2.8807198,0.04036,13.26022417,252.35575516,1.183,0.794,0.595,1395.0,279.3581286,18.7299522
Kepler-1246 b,Kepler-1246,1,11.32271513,0.0848,1.36,2.42,0.12133107,0.00761,5.29,554.0,287.6572346,48.9822053
Kepler-1126 b,Kepler-1126,2,108.593329,0.41251,1.73,3.64,0.15434026,0.0115,3.86,374.0,285.691955,45.6893993
Kepler-926 b,Kepler-926,1,52.0688601,0.2739,2.31,5.95,0.2060844,0.0187,2.65,524.0,289.6793396,40.7004265
GJ 676 A e,GJ 676 A,4,35.47358,0.181,2.47,6.67439655,0.221,0.021,2.43,351.55,262.5448903,-51.6377777
Kepler-287 b,Kepler-287,2,20.342199,0.145,2.33,83.0,0.208,0.2611472,27.3,667.0,290.9274282,48.4434588
HAT-P-21 b,HAT-P-21,1,4.12448,0.05037,12.44199,1547.8321,1.11,4.87,3.633781,1367.0,171.2749348,41.0280207
TOI-2145 b,TOI-2145,1,10.261128,0.1117,12.24020692,1805.26535176,1.092,5.68,5.34,1484.0,263.7580753,40.6950428
Kepler-48 c,Kepler-48,5,9.67395,0.08633,2.71,14.61,0.24177001,0.04596797,4.01,736.0,299.1393094,40.948939
TOI-2096 b,TOI-2096,2,3.1190633,0.025,1.243,2.08,0.11089322,0.00653,5.95,445.0,151.6186989,74.8272107
HD 213472 b,HD 213472,1,17000.0,13.0,13.1,1112.3994245,1.17,3.5,2.72,91.76,337.7069969,40.7222277
Kepler-1356 b,Kepler-1356,1,0.634002937,0.0136,1.53,2.96,0.13649746,0.0093,4.54,1714.0,290.9953825,43.2438792
HD 13908 c,HD 13908,2,931.0,2.03,12.8,1630.4,1.15,5.13,4.27,273.57,34.5609102,65.5941901
Kepler-605 c,Kepler-605,2,2.358951515,0.03336,0.86,0.566,0.07672406,0.00178,4.89,1278.0,287.2954015,43.2798677
Kepler-292 c,Kepler-292,5,3.715335,0.045,1.47,2.76,0.131,0.00869,4.77,1001.0,295.7661979,42.4242822
Kepler-889 b,Kepler-889,1,3.744439,0.04975,1.09,1.32,0.09724329,0.00416,5.6,1328.0,291.467454,50.7595597
Kepler-1254 c,Kepler-1254,3,3.60084276,0.0422,1.3,2.24,0.11597823,0.00705,5.6,927.0,285.1733174,48.7700099
Kepler-244 c,Kepler-244,3,9.767292,0.087,2.05,4.86,0.183,0.0153,3.1,791.0,287.242641,42.3014185
Kepler-1332 b,Kepler-1332,1,11.87456832,0.09915,1.37,2.45,0.12222321,0.00771,5.24,728.0,291.0286411,43.9137055
HIP 35965 b,HIP 35965,1,26125.56497,15.898,12.6,2589.98368864,1.12,8.149,7.11,48.85,111.2025182,-51.3257507
HD 80913 b,HD 80913,1,10839.83341,9.95,12.0,7505.2000029,1.07,23.614,23.9,118.23,138.1021548,-81.768451
HD 134060 b,HD 134060,2,3.2696,0.0444,3.16,10.1,0.282,0.0318,1.76,1473.18,227.6847587,-61.4223747
Kepler-1950 b,Kepler-1950,1,10.77690029,0.0871,1.52696349,2.95,0.13622679,0.00927,4.55,752.0,287.0874563,42.6686537
Kepler-1984 b,Kepler-1984,1,1.992812339,0.0238,6.81,37.3,0.60754855,0.117,0.649,675.0,291.2850446,40.7300225
TOI-7510 c,TOI-7510,3,22.5687423,0.1595,10.81,131.0,0.964,0.412,0.573,702.0,273.728188,-54.4340547
K2-60 b,K2-60,1,3.00265,0.045,7.655747,135.39558,0.683,0.426,1.7,1400.0,338.6062312,-13.7318044
Kepler-1397 b,Kepler-1397,1,47.449955,0.25861,1.72,3.61,0.15344812,0.0113,3.9,551.0,299.6758812,47.0758234
Kepler-358 b,Kepler-358,2,34.060467,0.21,2.72,7.85,0.243,0.0247,2.14,554.0,293.2302333,48.2813901
Kepler-354 d,Kepler-354,3,24.209842,0.146,1.24,2.07,0.111,0.00651,5.97,451.0,285.7515347,41.3356739
TOI-3135 b,TOI-3135,1,3.7065585,0.04756,13.65253849,327.36325921,1.218,1.03,0.7,1292.0,207.8592276,-69.7725635
Kepler-1179 b,Kepler-1179,1,2.685057492,0.03497,1.32,2.3,0.11776251,0.00724,5.5,1137.0,284.0974305,47.8104856
Kepler-381 c,Kepler-381,3,13.391635,0.117,1.12,1.46,0.1,0.00459,5.71,1180.0,285.1828685,43.8310283
Kepler-1342 b,Kepler-1342,1,2.215710358,0.0313,1.66,3.39,0.14809528,0.0107,4.07,1283.0,297.0200549,43.4325382
Kepler-1544 b,Kepler-1544,1,168.811174,0.54465,1.78,3.82,0.15880096,0.012,3.72,269.0,297.2852168,49.2124526
WASP-174 b,WASP-174,1,4.2337005,0.05503,16.10730527,104.88337431,1.437,0.33,0.135,1528.0,195.7940145,-41.3848617
Kepler-475 b,Kepler-475,1,3.105508189,0.03989,2.49,6.76,0.22214292,0.0213,2.41,980.0,287.051694,40.2114232
Kepler-1978 b,Kepler-1978,1,10.84969477,0.0914,2.67,7.61,0.23820186,0.0239,2.2,676.0,286.0067312,38.0095407
GJ 3222 b,GJ 3222,1,10.66669,0.091,3.4,11.44182265,0.303,0.036,1.6,811.06,50.8972464,-40.0762325
Kepler-1836 b,Kepler-1836,1,5.254169941,0.0602,2.55303229,7.05,0.22776668,0.0222,2.33,1093.0,292.3150933,40.8387799
Barnard e,Barnard's star,4,6.7392,0.0381,0.637,0.193,0.0568,0.00060725,4.1,340.0,269.4486144,4.7379808
Kepler-141 c,Kepler-141,2,7.010606,0.067,1.41,2.57,0.126,0.00809,5.04,738.0,297.9707271,47.7316041
Kepler-948 b,Kepler-948,1,7.76846622,0.0749,1.85,4.08,0.16504595,0.0128,3.54,841.0,293.3002774,41.5233244
HD 181433 d,HD 181433,3,6896.1,6.74,13.2,858.1366989,1.18,2.7,2.05,81.19,291.2873731,-66.4677838
HD 213885 b,HD 213885,2,1.008035,0.02012,1.745,8.83,0.15567847,0.02778215,9.15,2128.0,338.9837166,-59.864829
HIP 39330 b,HIP 39330,1,4650.0,5.05,13.5,530.77343969,1.2,1.67,1.19,125.05,120.6116831,-46.3353155
Kepler-887 c,Kepler-887,2,7.63846023,0.0801,1.13,1.51,0.10081185,0.00474,5.75,1089.0,290.0907893,39.8169085
Kepler-306 d,Kepler-306,4,17.326644,0.12,2.47,6.66,0.22,0.021,2.43,535.0,288.5387145,40.6160545
Kepler-177 c,Kepler-177,2,49.40926,0.25655,8.73,14.7,0.77883843,0.04625114,0.121,497.0,286.0471442,45.0532038
Kepler-52 c,Kepler-52,3,16.3850021,0.10379,1.84,45.4,0.164,0.14284437,20.0,433.0,286.7380152,49.9757383
Kepler-572 b,Kepler-572,1,17.20523483,0.1192,2.58,7.18,0.23017218,0.0226,2.3,553.0,291.221172,50.5813487
Kepler-1450 b,Kepler-1450,1,54.5094166,0.2401,1.71,3.57,0.15255598,0.0112,3.92,308.0,294.5536825,45.0813011
HD 10180 f,HD 10180,6,122.744,0.4929,5.24,23.9,0.468,0.0752,0.913,427.54,24.4731133,-60.5114881
Kepler-882 b,Kepler-882,1,3.989539666,0.04741,1.23,2.04,0.10973325,0.00642,6.02,903.0,294.6500256,43.3356106
Kepler-559 b,Kepler-559,1,17.58752333,0.1277,3.61,12.7,0.32206263,0.0399,1.48,706.0,296.6368878,43.8027948
TOI-1232 b,TOI-1232,2,14.256,0.117,10.92875618,220.57291446,0.975,0.694,0.926,785.71,116.501399,-61.8797935
TOI-4773 b,TOI-4773,1,1.7452851,0.03216,15.22179579,1687.66884117,1.358,5.31,2.63,2255.0,114.9426489,-21.4856184
Kepler-1312 b,Kepler-1312,2,5.448325286,0.06053,2.1,5.06,0.18734945,0.0159,3.0,978.0,292.9712801,41.0357494
WASP-22 b,WASP-22,1,3.53269,0.047,13.78707,212.9461,1.23,0.67,0.444,1502.0,52.8180374,-23.8197924
Kepler-272 b,Kepler-272,3,2.971353,0.038,1.43,78.0,0.128,0.245,147.0,1200.0,299.1275257,47.5938319
Kepler-35 b,Kepler-35,1,131.458,0.60347,8.16,40.363,0.728,0.127,0.41,352.89,294.496955,46.6896733
Kepler-1511 b,Kepler-1511,1,23.2382792,0.1753,1.68,3.46,0.14987956,0.0109,4.01,903.0,288.4211892,43.179773
HD 102117 b,HD 102117,1,20.8133,0.15,8.47,54.0311,0.756,0.17,0.489,780.86,176.2097267,-58.7040134
WASP-34 b,WASP-34,1,4.31768,0.0524,11.209,177.9848,1.0,0.56,0.412,1250.0,165.3993679,-23.8609457
Kepler-1426 b,Kepler-1426,1,14.2563227,0.1187,1.56,3.05,0.13917388,0.00961,4.41,797.0,292.5457096,49.4168981
Kepler-1988 b,Kepler-1988,1,11.49500229,0.1038,1.53,2.96,0.13649769,0.0093,4.54,1105.0,298.6738034,43.7955099
HD 48948 d,HD 48948,3,151.92,0.4894,3.24,10.59,0.289,0.03331987,1.71,349.0,102.489811,60.3373133
Kepler-968 c,Kepler-968,3,5.709404918,0.052,1.69,3.5,0.1507717,0.011,3.98,644.0,285.6025889,50.1120401
Kepler-678 b,Kepler-678,1,7.27503724,0.0732,5.14,23.1,0.45856009,0.0728,0.935,833.0,295.4552577,50.4945093
Kepler-144 c,Kepler-144,2,10.104665,0.094,1.35,2.39,0.12,0.00752,5.34,1046.0,281.9156128,42.7755535
Kepler-427 b,Kepler-427,1,10.290994,0.091,13.79,92.17,1.23,0.29,0.16,1100.0,288.2545808,43.7048379
TOI-1298 b,TOI-1298,1,4.537143,0.057,9.65807033,99.0,0.86163681,0.31148883,0.6,1278.0,241.3229012,70.1900397
eps Tau b,eps Tau,1,585.82,1.878,12.7,2285.18624633,1.13,7.19,6.13,603.08,67.1546573,19.1802782
Kepler-1874 b,Kepler-1874,1,56.57320023,0.2633,2.21110724,5.52,0.19726211,0.0174,2.81,356.0,286.3718158,43.692081
HD 93385 c,HD 93385,3,13.18,0.112,2.56,7.1,0.229,0.0223391,2.33,937.43,161.5627065,-41.464604
K2-88 b,K2-88,1,4.6122,0.0345,1.23,2.04,0.10973325,0.00642,6.02,464.6,54.7514566,19.1199667
Teegarden's Star b,Teegarden's Star,3,4.90634,0.0259,1.05,1.16,0.0937,0.00364977,5.51,277.0,43.2691449,16.8649024
Kepler-164 d,Kepler-164,4,28.986769,0.187,2.45,6.57,0.219,0.0207,2.45,637.0,287.7808115,47.6298453
Kepler-431 c,Kepler-431,3,8.703,0.0847,0.668,0.229,0.06,0.00072,4.22,951.0,281.1123072,43.2277663
Kepler-140 c,Kepler-140,2,91.353282,0.414,1.8,3.89,0.161,0.0123,3.67,428.0,287.3694056,46.7681473
Kepler-247 c,Kepler-247,3,9.439452,0.084,4.09,15.7,0.365,0.0494,1.26,686.0,288.6425609,43.0393769
Kepler-32 b,Kepler-32,5,5.90124,0.05,2.2,1303.0,0.196,4.1,0.46,514.0,297.8423073,46.5743595
TIC 279401253 b,TIC 279401253,2,76.8,0.369,11.2089807,1951.46641898,1.0,6.14,7.61,486.37,57.6572277,-15.0262251
Kepler-1818 b,Kepler-1818,1,4.644909859,0.055,1.71360684,3.58,0.15287803,0.0113,3.91,1209.0,284.3284866,40.5688741
K2-193 b,K2-193,1,14.786889,0.1184,3.95,14.8,0.3523954,0.0465,1.32,739.0,205.2371043,-11.0093342
HD 15906 c,HD 15906,2,21.583298,0.141,2.93,8.91,0.26139754,0.028,1.95,532.0,38.2712534,-10.352178
HD 17156 b,HD 17156,1,21.2164294,0.1632,12.26262489,1036.12060682,1.094,3.26,3.08,888.0,42.4366123,71.7530882
TOI-871 b,TOI-871,1,14.362565,0.1054,1.664,3.41,0.14845239,0.0107,4.07,621.0,74.7376264,-50.6274153
WASP-124 b,WASP-124,1,3.37265,0.0449,13.89916,190.698,1.24,0.6,0.43,1400.0,332.7143373,-30.7497189
GJ 251 c,GJ 251,2,53.647,0.196,1.8,3.88,0.16,0.01220785,3.66,216.0,103.7002499,33.2664632
Kepler-1649 b,Kepler-1649,2,8.689099,0.0514,1.017,1.03,0.09073066,0.00325,5.38,307.0,292.5029676,41.8299933
Kepler-1518 c,Kepler-1518,2,9.6310258,0.0905,2.9,8.75,0.25872112,0.0275,1.97,1094.0,300.3323404,44.9861065
TOI-4311 b,TOI-4311,2,0.9902738,0.01817,1.376,4.5,0.12275871,0.01415858,9.3,1664.0,41.6855224,-31.1793201
Kepler-767 b,Kepler-767,1,161.5280101,0.5874,6.64,35.7,0.59238112,0.112,0.67,366.0,291.5791562,38.0358066
TOI-2986 b,TOI-2986,1,3.2783662,0.04489,9.292245,96.61983573,0.829,0.304,0.66,1622.0,163.7715605,-6.4784524
K2-83 b,K2-83,2,2.74697,0.03014,1.244,2.08,0.11098225,0.00654,5.94,707.17,59.9013782,15.5587994
HAT-P-63 b,HAT-P-63,1,3.377728,0.04294,12.5428494,195.1466419,1.119,0.614,0.54,1237.0,269.5720695,5.7613709
Kepler-1182 b,Kepler-1182,1,11.17394617,0.0981,2.41,6.39,0.2150058,0.0201,2.51,796.0,296.3079895,43.8213706
Kepler-1990 c,Kepler-1990,2,4.06844957,0.0504,0.98,0.904,0.08742989,0.00284,5.28,1170.0,299.7047433,44.4357068
Kepler-1688 b,Kepler-1688,1,5.62012,0.0577,1.26174569,2.13,0.11256541,0.0067,5.83,772.0,289.5530051,41.2978532
Kepler-1191 b,Kepler-1191,1,5.60014851,0.0587,1.51,2.89,0.13471318,0.00909,4.61,952.0,291.6577923,48.0092619
Kepler-328 b,Kepler-328,2,34.921,0.2199,2.3,28.5,0.205,0.09,7.8,602.0,295.8092756,40.0084866
TOI-4638.01,TOI-4638,1,10.283918787,0.093013,2.933,8.92,0.26166518,0.0281,1.94,779.83,12.8206627,12.7879858
Kepler-511 c,Kepler-511,2,26.62949944,0.17177,4.20964327,16.5,0.37555986,0.0518,1.22,742.0,282.9455384,47.5749181
Kepler-1337 b,Kepler-1337,1,24.4002549,0.1441,2.41,6.39,0.2150058,0.0201,2.51,437.0,287.0091176,46.7961229
Kepler-1997 b,Kepler-1997,1,26.7575866,0.1815,2.28,5.82,0.20340833,0.0183,2.7,660.0,297.4808253,46.5891373
TOI-1062 c,TOI-1062,2,7.972,0.08,3.1,9.78,0.276,0.03077132,1.8,859.0,38.1209678,-78.0236828
Kepler-296 c,Kepler-296,5,5.8416366,0.0521,2.0,4.66,0.17842805,0.0147,1.2,606.0,286.5400278,49.4372614
TOI-5678 b,TOI-5678,1,47.73022,0.249,4.91,20.0,0.43804161,0.06292704,0.928,513.0,47.3841872,-34.1984808
Kepler-1593 b,Kepler-1593,1,174.509835,0.55494,3.17,10.2,0.28280846,0.032,1.76,260.0,300.4882018,44.4606698
HD 217107 c,HD 217107,2,5138.7,5.922,12.9,1388.91013859,1.15,4.37,3.56,123.27,344.5647243,-2.3954489
Kepler-625 b,Kepler-625,2,7.75192492,0.08137,1.99,4.62,0.17753591,0.0145,3.22,852.0,292.1504723,39.6375254
Kepler-1302 b,Kepler-1302,1,8.83922659,0.0795,1.43,2.63,0.12757605,0.00829,4.94,778.0,290.9892462,50.308064
HD 98219 b,HD 98219,1,433.8,1.26,13.4,624.21812,1.2,1.964,1.43,453.77,169.4475218,-23.975488
K2-129 b,K2-129,1,8.239493,0.057,1.04,1.12,0.09278259,0.00352,5.47,419.19,289.1485491,-25.6463233
Kepler-977 b,Kepler-977,1,26.85328322,0.162,2.62,7.37,0.23374074,0.0232,2.25,544.0,291.5161959,42.2480736
GJ 393 b,GJ 393,1,7.02679,0.05402,1.17,1.71,0.104,0.00538026,5.87,485.0,157.2288672,0.8378485
Kepler-1178 b,Kepler-1178,1,31.80634,0.1596,1.07,1.24,0.09545901,0.0039,5.56,378.0,288.4561183,45.8022258
EPIC 201170410.02,EPIC 201170410,1,6.7987,0.0349,1.047,1.15,0.09340708,0.0036,5.51,500.03,170.1408561,-4.8070039
K2-155 d,K2-155,3,40.718,0.1937,1.9,4.27,0.16950665,0.0134,3.42,381.0,65.469614,21.3532633
HD 158038 b,HD 158038,1,521.0,1.5,13.5,486.2799,1.21,1.53,1.09,405.91,261.4395312,27.3030721
K2-255 b,K2-255,1,1.96417,0.0274,2.9,8.75,0.25872067,0.0275,1.97,1034.0,189.9128532,-3.3705631
Kepler-1678 b,Kepler-1678,1,147.974,0.5302,3.30422249,10.9,0.29478299,0.0344,1.66,329.0,292.5916297,38.3995629
TIC 434398831 b,TIC 434398831,2,3.685504,0.04641,3.51,12.1,0.31314176,0.0381,1.54,1250.0,93.9592639,16.0238459
HD 224018 b,HD 224018,3,10.6413,0.0952,0.91,4.1,0.0811849,0.01290004,17.1,968.0,358.6390056,-4.7233362
HD 102843 b,HD 102843,1,3090.942,4.074,13.1,113.9,1.17,0.35836768,0.278,127.34,177.5854673,-1.2522989
Kepler-1334 b,Kepler-1334,1,15.64591713,0.1229,2.29,5.86,0.20430012,0.0184,2.68,710.0,289.311532,51.3209059
Gl 378 b,Gl 378,1,3.822,0.039435,3.66,13.02,0.327,0.0409653,1.46,830.0,150.5865513,48.0824515
Kepler-480 b,Kepler-480,1,4.919583795,0.06024,2.78,8.15,0.24801499,0.0256,2.08,1312.0,294.4639165,49.7650473
HD 28185 b,HD 28185,2,385.92,1.034,12.8,1859.29618095,1.14,5.85,4.87,271.95,66.6100461,-10.5510754
tau Boo b,tau Boo,1,3.3124568,0.049,12.8,1891.0,1.14,5.95,4.95,1682.02,206.8134593,17.4571647
Kepler-1644 b,Kepler-1644,1,21.0907758,0.142,1.88,4.19,0.16772237,0.0132,3.47,606.0,285.4750512,48.0348356
Kepler-1209 b,Kepler-1209,1,25.369116,0.17515,1.51,2.89,0.13471318,0.00909,4.61,755.0,287.5849352,49.1547328
Kepler-1953 b,Kepler-1953,1,6.245659828,0.0607,1.28574667,2.2,0.11470683,0.00692,5.69,731.0,287.9680995,46.4705959
Kepler-384 b,Kepler-384,2,22.597053,0.148,1.12,1.46,0.1,0.00459,5.71,670.0,286.0261113,44.7828571
Kepler-1249 b,Kepler-1249,1,24.3347127,0.167,2.38,6.26,0.21232938,0.0197,2.55,647.0,296.8948517,44.3717429
TOI-2641 b,TOI-2641,1,4.880974,0.0607,18.10250383,122.6817651,1.615,0.386,0.092,1387.0,171.1303716,-42.7321394
Kepler-303 b,Kepler-303,2,1.937055,0.024,0.89,0.64,0.079,0.00201,4.99,802.0,283.1354742,43.6567036
HATS-65 b,HATS-65,1,3.105161,0.04497,16.824709,260.93843,1.501,0.821,0.3,1634.0,292.9397825,-26.7402021
Kepler-255 c,Kepler-255,3,9.946047,0.092,2.99,9.22,0.267,0.029,1.9,807.0,296.0642702,45.9767647
Kepler-357 d,Kepler-357,3,49.499875,0.246,3.43,11.6,0.306,0.0366,1.58,402.0,291.2429746,44.0086337
Kepler-1674 b,Kepler-1674,1,62.5611,0.3017,3.2057749,10.4,0.28600008,0.0326,1.73,417.0,294.8160447,45.3060844
Kepler-1238 b,Kepler-1238,1,4.14787559,0.0541,1.93,4.38,0.17218307,0.0138,3.35,1389.0,297.9057655,40.1628378
HD 192263 b,HD 192263,1,24.3556,0.15,14.2,177.9848,1.26,0.56,0.342,486.0,303.4990864,-0.8657574
K2-35 c,K2-35,2,5.608352,0.055,1.93,4.38,0.17218307,0.0138,3.35,766.0,170.1031027,1.2858679
HD 190360 c,HD 190360,3,17.11625,0.1298,5.53,26.2,0.494,0.08243442,0.851,794.55,300.9092476,29.894541
Kepler-1940 b,Kepler-1940,1,4.950610161,0.0525,1.54732469,3.01,0.1380433,0.00948,4.46,885.0,291.2042027,45.2383344
HD 51608 c,HD 51608,2,95.9446,0.3809,3.87,14.31,0.346,0.045,1.36,400.69,103.7137102,-55.2600189
Kepler-1786 b,Kepler-1786,1,78.5460968,0.35722,3.16305828,10.1,0.28218964,0.0319,1.75,501.0,292.5877743,38.5219827
TOI-2267 d,TOI-2267 B,3,2.0344671,0.0145,1.77,3.78,0.1579091,0.0119,3.75,422.0,65.0615,84.900825
K2-121 b,K2-121,1,5.185738,0.0525,7.16,51.0,0.63877351,0.16046394,0.7,716.0,126.9366624,17.5793267
K2-252 b,K2-252,1,13.81513,0.1041,1.74,3.68,0.1552324,0.0116,3.84,639.0,182.3663818,-8.3096141
Kepler-850 b,Kepler-850,1,7.19303878,0.0744,1.78,3.82,0.15880096,0.012,3.72,995.0,293.0844515,48.5753645
K2-119 b,K2-119,1,7.727283,0.0698,2.53,6.94,0.22571148,0.0218,2.35,666.0,132.0098683,16.9017663
Kepler-265 d,Kepler-265,4,43.130617,0.236,2.49,6.76,0.222,0.0213,2.41,554.0,290.5104788,41.244743
GJ 876 c,GJ 876,4,30.0881,0.12959,14.0,226.9846,1.25,0.7142,0.455,241.66,343.3239737,-14.2665958
Kepler-1962 b,Kepler-1962,1,7.991459846,0.0783,1.21463929,1.95,0.10836305,0.00614,5.98,901.0,289.5483989,40.1641457
MASCARA-1 b,MASCARA-1,1,2.14877381,0.040352,17.90074218,1175.971,1.597,3.7,1.5,2594.3,317.5515264,10.7388967
Kepler-266 b,Kepler-266,2,6.61833,0.071,2.48,6.71,0.221,0.0211,2.42,1066.0,294.4843821,44.1669355
Kepler-856 b,Kepler-856,1,8.027680595,0.0787,9.3,63.3,0.82969043,0.199,0.432,824.0,289.6038379,46.3149097
TOI-1266 d,TOI-1266,3,32.509,0.1513,1.74,3.68,0.155,0.01157857,3.84,288.0,197.9965833,65.8336973
Kepler-691 b,Kepler-691,1,8.114379,0.0649,2.09,5.02,0.18645731,0.0158,3.02,460.0,288.8117314,40.0332311
HD 113996 b,HD 113996,1,610.2,1.6,12.7,2002.329,1.14,6.3,5.37,798.69,196.794874,27.6244384
HD 147379 b,HD 147379,1,86.58,0.3193,4.94,21.6,0.44,0.0679612,0.985,276.66,244.1725686,67.2392041
HAT-P-2 b,HAT-P-2,2,5.6335158,0.06814,10.659759,2866.81223114,0.951,9.02,7.29,1540.0,245.1514324,41.0479601
TOI-4127 b,TOI-4127,1,56.3987,0.303,12.07,743.71847238,1.08,2.34,2.17,556.0,105.4045516,72.4149297
HD 136352 c,HD 136352,3,27.59221,0.1721,2.916,11.24,0.26014854,0.03536499,2.497668,677.0,230.4401147,-48.3188174
HD 142415 b,HD 142415,1,386.29999,1.06,13.5,530.7761,1.2,1.67,1.19,283.72,239.418989,-60.2006948
Kepler-1279 b,Kepler-1279,1,23.4774101,0.1785,1.75,3.71,0.15612454,0.0117,3.8,738.0,288.0955917,40.365909
Kepler-1083 b,Kepler-1083,1,33.4177993,0.1899,3.36,11.2,0.29975912,0.0354,1.62,448.0,283.1618831,45.198336
Kepler-79 d,Kepler-79,4,52.0897,0.2937,7.15,5.3,0.63788137,0.01667566,0.08,592.0,300.5171067,44.3815508
Kepler-724 b,Kepler-724,1,3.314946338,0.0433,3.29,10.8,0.29351414,0.0341,1.67,1155.0,293.4548441,44.7927823
Kepler-190 b,Kepler-190,2,2.019999,0.03,1.56,3.05,0.139,0.00961,4.41,1166.0,288.5839761,44.7337701
WASP-10 b,WASP-10,1,3.0927616,0.03781,12.106,1001.12,1.08,3.15,4.14,1370.0,348.9930457,31.4627508
Kepler-1661 b,Kepler-1661,1,175.06,0.633,3.87,17.0,0.34525827,0.05348771,1.6,243.0,285.1670927,41.9669383
HD 213885 c,HD 213885,2,4.78503,0.056798,4.71,19.95,0.42,0.06276941,1.05,1265.4,338.9837166,-59.864829
TOI-1438 b,TOI-1438,2,5.13967,0.0553,3.04,9.4,0.2712111,0.02957571,1.8,971.0,280.9237844,74.9378327
HD 192699 b,HD 192699,1,340.94,1.063,13.4,666.17168,1.19,2.096,1.52,495.11,304.0248392,4.5805708
Kepler-112 c,Kepler-112,2,28.574263,0.172,2.4,6.35,0.214,0.02,2.52,538.0,296.9811361,43.2097025
NGTS-17 b,NGTS-17,1,3.24253,0.0391,13.89913607,242.82090295,1.24,0.764,0.5,1457.0,72.9005729,-34.2262128
K2-15 b,K2-15,1,11.8104,0.091,2.48,6.71,0.22125078,0.0211,2.42,676.0,178.1105741,4.2546649
Kepler-377 b,Kepler-377,2,12.509529,0.109,1.39,2.51,0.124,0.0079,5.14,875.0,295.4220717,38.7356737
Kepler-54 d,Kepler-54,3,20.995694,0.126,1.53,12.0946,0.136,0.03805387,9.2,328.0,294.7739245,43.0561976
HD 111998 b,HD 111998,1,810.0,1.91,12.9,1525.5763536,1.15,4.8,3.91,275.49,193.2953521,-3.5531133
HD 103891 b,HD 103891,1,1919.0,3.27,13.2,918.52409623,1.18,2.89,2.19,241.25,179.4382907,-8.5486195
TOI-1694 c,TOI-1694,2,386.25,0.974,13.8,316.55709337,1.23,0.996,0.662,222.0,97.7487104,66.3605956
NGTS-5 b,NGTS-5,1,3.3569866,0.0382,12.733424,72.78307,1.136,0.229,0.194,952.0,221.0582692,5.6053735
HD 115404 A c,HD 115404 A,2,15319.22517,11.364,12.5,3279.67133183,1.11,10.319,9.23,61.22,199.2155793,17.0160384
K2-87 b,K2-87,1,9.726618,0.094,7.6,44.9,0.67802659,0.141,0.562,979.0,66.2363638,18.8273617
Qatar-1 b,Qatar-1,1,1.4200242,0.02332,12.811887,411.27202,1.143,1.294,1.076,1418.0,303.3818697,65.1623313
WASP-8 c,WASP-8,2,4323.0,5.28,12.5,3003.37,1.12,9.45,8.45,116.99,359.9008737,-35.0313349
K2-136 c,K2-136,3,17.30723,0.1185,3.0,18.1,0.26764253,0.05694897,3.69,470.0,67.4128615,22.8825674
Kepler-983 b,Kepler-983,1,60.0855082,0.3148,2.36,6.17,0.2105451,0.0194,2.58,485.0,285.1042243,45.0080745
Kepler-887 b,Kepler-887,2,20.42228798,0.15431,1.84,4.04,0.1641538,0.0127,3.56,785.0,290.0907893,39.8169085
Kepler-1948 b,Kepler-1948,1,15.57129955,0.1022,1.03283226,1.09,0.09214328,0.00343,5.44,399.0,287.3640804,47.7853043
Kepler-39 b,Kepler-39,1,21.08721,0.164,13.9,6388.1,1.24,20.1,13.0,897.0,296.9603348,46.0342954
HD 101930 b,HD 101930,1,70.46,0.3,10.6,79.4575,0.949,0.25,0.367,417.04,175.875608,-58.0053798
K2-50 b,K2-50,2,8.7529,0.0705,1.59,3.15,0.1418503,0.00993,4.31,580.53,169.483654,5.988289
Kepler-196 c,Kepler-196,3,47.427737,0.24,2.24,5.65,0.2,0.0178,2.76,407.0,284.9685077,42.0791214
Kepler-444 c,Kepler-444,5,4.5458841,0.04881,0.497,0.0793,0.044,0.00025,3.55,868.0,289.7528323,41.631884
Kepler-321 c,Kepler-321,2,13.093921,0.11,2.32,5.99,0.207,0.0189,2.64,752.0,294.4536991,44.1457626
Kepler-1828 b,Kepler-1828,1,10.2737999,0.0924,2.11598626,5.13,0.18877597,0.0161,2.98,799.0,292.4275963,37.3207616
Kepler-76 b,Kepler-76,1,1.5449298,0.0274,15.24424,638.8383,1.36,2.01,1.1,2140.0,294.1921185,39.6189727
TIC 434398831 c,TIC 434398831,2,6.210291,0.06572,5.63,27.0,0.50227582,0.0849,0.831,1050.0,93.9592639,16.0238459
Kepler-535 b,Kepler-535,1,4.903321551,0.06011,2.36,6.17,0.2105451,0.0194,2.58,1247.0,296.5666587,49.6961742
HD 105618 c,HD 105618,2,77114.07158,35.731,11.9,8419.59232984,1.07,26.491,27.5,51.64,182.4021288,11.2115695
Kepler-1037 b,Kepler-1037,1,1.063788673,0.0198,1.28,2.18,0.11419395,0.00687,5.71,1650.0,296.3410342,47.1709335
Kepler-107 b,Kepler-107,4,3.1800218,0.04544,1.536,3.8,0.13703298,0.01195614,5.8,1592.0,297.028162,48.2086019
Kepler-378 c,Kepler-378,2,28.906009,0.166,0.7,0.271,0.062,0.000852,4.34,414.0,294.9489697,46.4388673
Kepler-347 d,Kepler-347,3,85.517344,0.3802,3.04,9.48,0.2712111,0.0298,1.85,482.0,289.1995995,49.3056404
Kepler-1645 b,Kepler-1645,1,16.1779561,0.1285,1.78,3.82,0.15880096,0.012,3.72,754.0,297.4795142,48.418582
K2-157 d,K2-157,3,66.5,0.309,5.16,23.3,0.461,0.0732,0.932,429.1,183.7514959,-5.7820178
HD 88072 b,HD 88072,1,18538.79293,13.895,12.6,2511.79790052,1.12,7.903,6.9,76.03,152.3467466,2.371054
Kepler-965 b,Kepler-965,1,134.2527298,0.50998,3.38,11.4,0.3015434,0.0357,1.62,393.0,298.5153169,41.8912305
Kepler-404 b,Kepler-404,2,11.829851,0.102,1.27,2.15,0.113,0.00678,5.77,730.0,286.3985796,45.3435241
BD+20 2457 c,BD+20 2457,2,621.99,2.01,12.4,3963.17,1.1,12.47,11.4,984.96,154.186782,19.8912626
HD 164922 c,HD 164922,4,75.74,0.341,3.66,13.0,0.327,0.04090237,1.46,400.5,270.6304652,26.3104077
TOI-6303 b,TOI-6303,1,9.485236,0.0761,11.59,2493.0,1.034,7.84,8.82,541.0,46.7806502,40.147174
Kepler-1530 b,Kepler-1530,3,2.5904434,0.03553,1.64,3.33,0.146311,0.0105,4.15,1484.0,288.1624396,48.165153
HD 330075 b,HD 330075,1,3.38773,0.04,14.3,152.5584,1.27,0.48,0.287,990.0,237.4054997,-49.9639199
HD 35759 b,HD 35759,1,82.467,0.389,13.0,1195.0408,1.16,3.76,2.99,621.56,82.8886636,64.3183753
Kepler-360 c,Kepler-360,2,7.186434,0.075,2.1,5.06,0.187,0.0159,3.0,860.0,286.2847077,44.7815817
K2-412 b,K2-412,1,5.9382,0.0586,2.116,5.13,0.1887772,0.0161,2.98,1100.64,76.2621295,21.580162
Kepler-1996 c,Kepler-1996,2,92.7297248,0.3608,2.81,8.3,0.25069184,0.0261,2.06,276.0,285.2537555,46.5822183
Kepler-1441 b,Kepler-1441,1,39.4419839,0.2346,1.31,2.27,0.11687037,0.00714,5.55,682.0,293.7191177,43.1245756
Kepler-498 b,Kepler-498,1,9.61375356,0.0897,3.03,9.43,0.27031849,0.0297,1.86,931.0,290.3581592,44.5187225
CoRoT-28 b,CoRoT-28,1,5.20851,0.0603,10.704595,153.82972,0.955,0.484,0.69,1349.25,278.6883216,5.5736911
OGLE-TR-211 b,OGLE-TR-211,1,3.67724,0.051,15.244,327.351,1.36,1.03,0.42,1686.0,160.0598236,-62.4555353
K2-247 b,K2-247,2,2.25021,0.0304,2.12,5.14,0.18913373,0.0162,2.96,979.0,188.8935189,-10.0692793
Kepler-1324 b,Kepler-1324,1,4.115844679,0.0466,1.51,2.89,0.13471318,0.00909,4.61,895.0,291.1849503,40.3112023
TOI-3919 b,TOI-3919,1,7.433234,0.0795,12.31866979,1233.17421916,1.099,3.88,3.63,1198.0,208.9447534,40.3918061
HIP 67851 c,HIP 67851,2,3128.41,4.55,12.7,2204.77565936,1.13,6.937,5.91,255.43,208.465364,-35.3146536
Kepler-354 c,Kepler-354,3,16.934402,0.115,1.31,2.27,0.117,0.00714,5.55,508.0,285.7515347,41.3356739
TOI-5789 d,TOI-5789,4,29.65,0.1756,1.91,4.29,0.17,0.01349785,3.38,545.0,302.7734475,16.1897138
HD 104985 b,HD 104985,1,199.68,0.715,12.8,1766.80811451,1.14,5.559,4.63,901.01,181.3157854,76.9053359
CoRoT-22 b,CoRoT-22,1,9.75598,0.092,4.88,12.2,0.435,0.038,0.249,885.0,280.6671392,6.2191669
K2-325 b,K2-325,1,6.93,0.0419,2.2,5.48,0.19627085,0.0172,2.83,423.0,353.9169507,-7.6867213
Kepler-320 c,Kepler-320,2,17.934937,0.142,1.37,2.45,0.122,0.00771,5.24,1002.0,293.2135155,46.1751457
Kepler-879 b,Kepler-879,2,33.3855938,0.2012,2.57,7.13,0.22928004,0.0224,2.31,580.0,295.8065515,50.9097521
Kepler-1933 b,Kepler-1933,1,4.943290234,0.05605,1.17984089,1.76,0.10525854,0.00553,5.89,1058.0,283.995085,39.9170121
TOI-2537 b,TOI-2537,2,94.1022,0.3715,11.25381662,415.40172795,1.004,1.307,1.6,338.0,54.3882661,10.0577464
Kepler-1641 b,Kepler-1641,2,19.672266,0.1473,3.11,9.85,0.27745562,0.031,1.8,908.0,296.359456,41.5745321
GJ 687 b,GJ 687,2,38.142,0.163,4.32,17.2,0.385,0.05411698,1.17,263.65,264.1041731,68.3336741
Kepler-23 b,Kepler-23,3,7.1,0.07212,1.638,2.56,0.14613282,0.00805466,3.18687,1157.0,294.2189131,49.4792536
Kepler-1173 b,Kepler-1173,1,0.7698536,0.0156,0.89,0.64,0.07940048,0.00201,4.99,1650.0,293.1311803,45.6634153
Kepler-367 b,Kepler-367,2,37.815724,0.201,1.3,2.24,0.116,0.00705,5.6,401.0,297.292558,49.9817499
Kepler-1166 b,Kepler-1166,1,33.2406882,0.1975,1.69,3.5,0.1507717,0.011,3.98,486.0,290.3484956,50.9028387
LHS 1815 b,LHS 1815,1,3.814334,0.0404,1.088,1.58,0.09706503,0.00497124,6.7,617.0,91.0899861,-55.3115376
HD 219077 b,HD 219077,1,5478.68861,5.935,12.5,3057.50927534,1.11,9.62,8.6,146.68,348.5319387,-62.7018297
Kepler-603 d,Kepler-603,3,6.2171292,0.07117,1.32,2.3,0.11776251,0.00724,5.5,1098.0,294.2809679,42.2909295
Kepler-458 c,KIC 9663113,2,20.74028413,0.17012,4.2,16.4,0.3746989,0.0516,1.22,798.0,297.0454037,46.3286653
Kepler-1922 b,Kepler-1922,1,13.22259998,0.1077,2.29064904,5.86,0.20435837,0.0184,2.68,740.0,292.3303706,37.9970696
Kepler-969 c,Kepler-969,2,1.682934604,0.0265,0.99,0.937,0.08832188,0.00295,5.31,1270.0,288.3724989,47.9335642
HD 96127 b,HD 96127,1,638.9,1.41,13.0,1207.7479466,1.16,3.8,3.02,947.29,166.441502,44.30155
TOI-6223 b,TOI-6223,1,3.855219,0.04018,5.07,22.6,0.45231588,0.0711,0.953,714.0,355.9505977,33.0672361
Kepler-178 d,Kepler-178,3,96.678988,0.397,3.95,14.8,0.352,0.0465,1.32,392.0,287.1010275,46.8964033
HD 88133 b,HD 88133,1,3.414884,0.0479,13.8,324.1866,1.23,1.02,0.678,1762.08,152.5319349,18.1857284
TOI-7384 b,TOI-7384,1,6.2340258,0.0439,3.56,12.4,0.318,0.039,1.51,378.0,83.1031834,-39.8342501
K2-281 b,K2-281,1,8.687721,0.0773,8.18,50.9,0.72977072,0.16,0.511,665.0,16.2274724,7.2692169
HD 80869 b,HD 80869,1,1752.92067,2.905,12.8,1609.80088146,1.15,5.065,4.22,203.2,140.7912931,33.9048294
TOI-2141 d,TOI-2141,3,60.45,0.2906,3.97,14.9,0.354,0.04688064,1.31,491.4,258.7623456,18.3403449
Kepler-862 b,Kepler-862,1,3.148664534,0.039,2.21,5.52,0.19716299,0.0174,2.81,1097.0,297.7792466,46.4926688
TOI-5350 b,TOI-5350,1,7.581367,0.0796,12.41955062,2094.48920213,1.108,6.59,6.03,1195.0,74.4023015,21.6019759
Kepler-138 c,Kepler-138,4,13.7815,0.0913,1.51,2.3,0.13471341,0.00723661,3.6,410.0,290.3814122,43.2930645
Kepler-1001 b,Kepler-1001,2,14.30511983,0.11147,3.15,10.1,0.28102418,0.0317,1.78,693.0,286.2739151,48.6186972
Kepler-1059 b,Kepler-1059,1,3.764191048,0.044,1.73,3.64,0.15434026,0.0115,3.86,908.0,289.2202147,41.7064385
HD 86728 b,HD 86728,1,31.1515,0.1916,3.03,9.43,0.27,0.0296701,1.86,687.36,150.250054,31.9218216
Kepler-518 b,Kepler-518,1,8.512035877,0.07996,2.11,5.1,0.18824159,0.016,2.98,839.0,287.090019,41.3737576
Kepler-28 b,Kepler-28,2,5.91,0.05687,1.959,1.63,0.17477057,0.00512855,1.185427,585.0,292.1370409,42.4294835
HD 63433 c,HD 63433,3,20.5438281,0.146,2.692,15.539,0.24,0.04889116,4.63,678.92,117.4793699,27.3631342
TOI-128.01,TOI-128,1,4.9404681,0.05381019,2.21898,5.56,0.19774964,0.0175,2.8,1344.51,79.5209381,-80.964384
Kepler-49 d,Kepler-49,4,2.576549,0.031,1.6,235.982,0.143,0.7424824,20.0,717.0,292.2945208,40.5918123
HD 114729 b,HD 114729,1,1121.79,2.067,13.9,262.20975,1.24,0.825,0.537,237.89,198.1833997,-31.8746756
Kepler-107 c,Kepler-107,4,4.901452,0.06064,1.597,10.0,0.14247504,0.03146352,13.5,1378.0,297.028162,48.2086019
Kepler-88 d,KOI-142,3,1403.0,2.466329866,13.1,965.14699656,1.17,3.0504646,2.36,158.95,291.1481028,40.669413
WASP-67 b,WASP-67,1,4.61442,0.05179,12.89035,136.6669,1.15,0.43,0.388,1003.0,295.7438485,-19.9497314
Kepler-1755 b,Kepler-1755,1,24.81209946,0.1668,5.91688317,29.4,0.52786987,0.0924,0.78,631.0,296.846092,40.1385777
Teegarden's Star c,Teegarden's Star,3,11.416,0.0455,1.02,1.05,0.0912,0.00330367,5.44,209.0,43.2691449,16.8649024
TOI-2000 b,TOI-2000,2,3.09833,0.04271,2.7,11.0,0.241,0.0347,3.07,1488.0,146.3970631,-66.6866307
HD 144899 b,HD 144899,1,40.43914,0.242,4.77,20.34101805,0.425,0.064,1.03,770.87,242.5721002,-47.9146826
Kepler-9 c,Kepler-9,3,38.9853,0.227,8.08,29.9,0.72084932,0.09407545,0.31,523.0,285.5739904,38.4008192
HD 219828 b,HD 219828,2,3.83483,0.049,4.59,19.06970442,0.409,0.06,1.08,1602.83,349.6947029,18.6457524
OGLE-TR-113 b,OGLE-TR-113,1,1.4324752,0.02289,12.251,400.449,1.093,1.26,1.2,1342.0,163.1010355,-61.4468591
HD 156279 c,HD 156279,2,4818.25358,5.486,12.5,3098.82696825,1.11,9.75,8.72,109.42,258.0966686,63.3527828
Kepler-1041 b,Kepler-1041,1,24.7576421,0.1688,2.94,8.96,0.26228923,0.0282,1.94,644.0,293.8817361,49.6831419
Kepler-877 b,Kepler-877,1,18.45847097,0.1301,2.12,5.14,0.18913373,0.0162,2.96,632.0,289.8591023,46.5227429
HD 135694 b,HD 135694,1,15.923475568,0.124695,2.857,6.1,0.25488491,0.01919275,2.05,750.83,227.8678636,71.8412965
K2-70 b,K2-70,1,13.97896,0.1112,2.89,8.7,0.25782853,0.0274,1.98,783.99,338.4759328,-10.0849917
TIC 237913194 b,TIC 237913194,1,15.168865,0.1207,12.520453,617.22586,1.117,1.942,1.847,974.0,22.4458116,-60.7399096
Kepler-1578 b,Kepler-1578,1,1.450886907,0.0252,1.04,1.12,0.09278259,0.00352,5.47,1700.0,288.3021104,47.7756227
Kepler-212 b,Kepler-212,2,16.257582,0.133,1.09,1.32,0.097,0.00416,5.6,830.0,287.6208165,43.1416239
Kepler-1577 b,Kepler-1577,1,6.30560247,0.0657,1.13,1.51,0.10081185,0.00474,5.75,1125.0,292.9552704,47.5730433
Kepler-257 b,Kepler-257,3,2.382667,0.034,2.61,7.32,0.233,0.023,2.26,1237.0,297.3159994,46.0232642
WASP-61 b,WASP-61,1,3.8559,0.0521,15.80469,851.7844,1.41,2.68,1.423,1624.4,75.2996637,-26.0541438
Kepler-165 b,Kepler-165,2,8.180848,0.072,2.32,5.99,0.207,0.0189,2.64,716.0,280.69092,47.8096702
Kepler-55 d,Kepler-55,5,2.211099,0.029,1.59,3.15,0.142,0.00993,4.31,931.0,285.1683291,44.0264898
HD 27894 b,HD 27894,3,18.01939,0.125,14.1,196.73578393,1.26,0.619,0.386,627.88,65.1975693,-59.4096776
Kepler-1700 b,Kepler-1700,1,234.239,0.76094,2.90129941,8.76,0.2588366,0.0276,1.97,329.0,286.9497376,45.3537626
TOI-2093 b,TOI-2093,2,12.836,0.097,3.25,10.6,0.29,0.03335133,1.7,535.0,302.7375229,70.8696532
HD 45364 b,HD 45364,2,225.79,0.6793,9.03,60.16491745,0.805,0.1893,0.449,301.69,96.4105736,-31.4810037
Kepler-1608 b,Kepler-1608,1,16.4735686,0.1126,1.73,3.64,0.15434026,0.0115,3.86,612.0,295.563555,39.41757
HATS-11 b,HATS-11,1,3.619188,0.0507,18.03,263.7989,1.60852886,0.83,0.315,1596.0,289.4007603,-22.3900092
TOI-1789 b,TOI-1789,1,3.208664,0.04882,16.14093221,222.4798849,1.44,0.7,0.28,1927.0,142.743406,26.5399951
EPIC 201757695.02,EPIC 201757695,1,2.0478,0.0296,0.90819,0.688,0.08102328,0.00217,5.05,1025.29,173.9385102,4.6164303
Kepler-152 b,Kepler-152,2,18.207973,0.124,2.79,8.2,0.249,0.0258,2.07,551.0,286.8653826,41.9889571
Kepler-253 c,Kepler-253,3,10.281951,0.089,2.65,7.51,0.236,0.0236,2.22,680.0,291.8419337,44.858124
Kepler-759 b,Kepler-759,1,41.805985,0.2329,2.27,5.77,0.20251584,0.0182,2.71,533.0,290.1314231,41.3814345
HIP 8152 c,HIP 8152,2,19.60562,0.139,2.52442508,10.7,0.22521451,0.03366596,3.63,650.68,26.2092533,-18.4013844
DE CVn b,DE CVn,1,4098.1,5.75,12.4,3823.27330161,1.1,12.02930278,11.0,46.91,201.7207198,45.5455449
HATS-29 b,HATS-29,1,4.6058749,0.05475,14.022459,207.54299,1.251,0.653,0.411,1212.0,285.0965172,-54.8933408
Kepler-365 c,Kepler-365,2,17.784129,0.137,1.64,3.33,0.146,0.0105,4.15,729.0,295.626564,49.130411
Kepler-899 b,Kepler-899,1,19.17891293,0.1392,2.68,7.65,0.23909359,0.0241,2.18,640.0,297.4825612,40.6807412
K2-272 b,K2-272,1,14.4536756,0.1007,3.13,9.96,0.27924038,0.0313,1.78,747.0,132.6211743,17.5423852
TOI-3474 b,TOI-3474,1,3.8795105,0.0502,14.67255574,193.87532827,1.309,0.61,0.337,1451.0,233.5033482,-47.9636597
Kepler-1328 b,Kepler-1328,1,4.52158888,0.052,0.98,0.904,0.08742974,0.00284,5.28,1214.0,284.6753857,44.4177225
K2-61 b,K2-61,1,2.57336,0.0392,1.92,4.35,0.17129122,0.0137,3.38,1325.0,339.6748444,-13.5600447
Kepler-1329 b,Kepler-1329,1,9.33646594,0.0747,2.17,5.35,0.19359443,0.0168,2.88,577.0,281.6476437,48.2709523
Kepler-825 c,Kepler-825,2,8.1818246,0.0759,1.84,4.04,0.1641538,0.0127,3.56,981.0,294.769825,39.3984081
Kepler-281 c,Kepler-281,3,36.337373,0.215,5.31,161.124,0.474,0.5069528,0.0051,513.0,294.1081465,44.7706524
Kepler-382 b,Kepler-382,2,5.262155,0.055,1.32,2.3,0.118,0.00724,5.5,1166.0,299.1362435,45.8699582
Kepler-1106 b,Kepler-1106,1,1.252752174,0.0239,1.65,3.36,0.14720314,0.0106,4.11,2199.0,291.1451576,44.0624715
WASP-129 b,WASP-129,1,5.748145,0.0628,10.42437,317.83,0.93,1.0,1.6,1100.0,176.2990518,-42.0639575
Kepler-171 c,Kepler-171,3,11.463462,0.098,2.56,7.08,0.228,0.0223,2.32,752.0,296.7719082,41.7555958
HD 86264 b,HD 86264,1,1488.79123,2.763,12.5,3117.26101586,1.11,9.808,8.77,247.01,149.2409308,-15.8953993
WASP-33 b,WASP-33,1,1.21987,0.0239,17.855937,665.21819,1.593,2.093,0.689,2781.7,36.7127375,37.5504441
eps Eri b,eps Eri,1,2680.0,3.53,13.8,317.828407,1.23,1.0,0.665,112.26,53.2284306,-9.4581715
HD 66141 b,HD 66141,1,480.5,1.2,12.8,1906.9,1.14,6.0,5.0,880.31,120.5662825,2.3350265
Kepler-835 b,Kepler-835,1,11.41909375,0.107,2.79,8.2,0.24890713,0.0258,2.07,921.0,283.5742181,45.7348003
Kepler-1666 c,Kepler-1666,2,40.7157,0.2383,3.23564749,10.5,0.28866513,0.0332,1.7,578.0,297.9516071,46.2647024
Kepler-1341 b,Kepler-1341,1,132.9968322,0.47267,2.99,9.22,0.26674993,0.029,1.9,241.0,280.5116813,44.1593503
HAT-P-23 b,HAT-P-23,1,1.212884,0.0232,15.334,664.237,1.368,2.09,1.01,2056.0,306.1239076,16.7621462
Kepler-396 b,Kepler-396,2,42.994,0.24067,3.5,75.5,0.312,0.238,9.68,496.0,296.1328135,48.9773095
gam Cep b,gam Cep,1,913.0,2.13,12.7,2097.6674862,1.13,6.6,5.63,343.48,354.8358233,77.6331009
Kepler-1143 b,Kepler-1143,2,2.888904849,0.0371,1.67,3.43,0.14898742,0.0108,4.05,976.0,287.302772,39.2896399
Kepler-1801 b,Kepler-1801,2,10.44089985,0.0915,2.70926154,7.8,0.24170454,0.0245,2.16,829.0,295.1640095,39.2014024
Kepler-136 b,Kepler-136,2,11.5789,0.106,2.05,19.8,0.183,0.062,12.6,951.0,296.4673039,42.5987984
WASP-120 b,WASP-120,1,3.61126721,0.0514,15.58048317,1541.4755,1.39,4.85,2.334107,1749.0,62.6160813,-45.8982434
WASP-72 b,WASP-72,1,2.21673,0.03711,14.45961,731.009,1.29,2.3,0.87,2210.0,41.0400779,-30.1690785
Kepler-244 d,Kepler-244,3,20.050401,0.14,2.31,15.2,0.206,0.048,6.78,622.0,287.242641,42.3014185
TOI-1680 b,TOI-1680,1,4.8026345,0.03144,1.466,2.75,0.13078799,0.00865,4.8,404.0,292.313979,65.9738018
HD 118203 b,HD 118203,2,6.1349779,0.0713,12.778238,680.15279098,1.14,2.14,1.79,1361.0,203.509956,53.7281876
Kepler-146 c,Kepler-146,2,76.732171,0.364,3.13,9.96,0.279,0.0313,1.78,473.0,294.1107631,38.7102222
Kepler-166 b,Kepler-166,3,7.650254,0.072,2.27,5.77,0.203,0.0182,2.71,772.0,293.1600977,48.8812074
HATS-4 b,HATS-4,1,2.516729,0.0362,11.433,420.471,1.02,1.323,1.55,1315.0,94.1120914,-22.5468824
Kepler-507 b,Kepler-507,1,3.568096926,0.04781,1.3,5.69692195,0.11597823,0.01792452,14.828486,1407.0,297.0188074,50.409046
Kepler-121 b,Kepler-121,2,3.177422,0.039,2.34,6.08,0.209,0.0191,2.61,997.0,286.1621273,39.6780204
HD 63433 d,HD 63433,3,4.209075,0.0503,1.073,1.25,0.09572681,0.00394,5.56,1040.0,117.4793699,27.3631342
Kepler-172 d,Kepler-172,4,14.627119,0.118,2.25,5.69,0.201,0.0179,2.74,736.0,283.3684093,41.821839
Kepler-1204 b,Kepler-1204,1,85.7350285,0.3877,3.05,9.53,0.27210277,0.03,1.85,448.0,289.4415238,42.4981476
Kepler-705 b,Kepler-705,1,56.0560538,0.232,2.11,5.1,0.18824159,0.016,2.98,265.0,289.5085612,41.8120234
TOI-238 c,TOI-238,2,8.465651,0.0749,2.18,6.7,0.19448691,0.02108056,1.83,696.0,349.2310814,-18.6066463
Kepler-716 c,Kepler-716,2,3.96999,0.04548,1.39281536,2.52,0.12425866,0.00793,5.12,992.0,290.3931809,43.3638577
HD 166724 b,HD 166724,1,5144.0,5.42,13.0,1207.7479466,1.16,3.8,3.02,94.83,273.4988604,-42.5757218
HD 131496 b,HD 131496,1,896.0,2.01,13.4,572.094,1.2,1.8,1.31,347.3,223.3461495,18.2352618
HD 163607 b,HD 163607,2,75.2203,0.362,13.9,249.051588,1.24,0.7836,0.51,587.13,268.4181383,56.3924701
Kepler-1858 b,Kepler-1858,1,88.07160187,0.3575,2.42168247,6.44,0.21604841,0.0203,2.49,330.0,292.3074315,46.626579
KOI-13 b,KOI-13,1,1.763588,0.03641,16.948008,2949.4624,1.512,9.28,3.6,2550.0,286.9713876,46.8682463
Kepler-728 b,Kepler-728,1,5.743477265,0.0625,3.34,11.1,0.29797484,0.035,1.64,982.0,291.0923621,45.1155087
Kepler-563 b,Kepler-563,1,22.18432708,0.1418,3.09,9.75,0.27567134,0.0307,1.82,546.0,292.4461832,46.2897548
Kepler-221 d,Kepler-221,4,10.04156,0.087,2.73,3.61,0.244,0.01135833,0.9,712.0,296.6547477,46.8352242
Kepler-595 b,Kepler-595,2,25.3029092,0.1582,3.708,17.4,0.3308056,0.05474625,1.23,535.0,294.5703593,50.6730147
Kepler-296 f,Kepler-296,5,63.33627,0.255,1.8,3.89,0.16058524,0.0123,3.2,274.0,286.5400278,49.4372614
HD 173416 b,HD 173416,1,322.03,1.158,13.4,585.12209729,1.2,1.841,1.34,771.03,280.9005676,36.556857
Kepler-534 b,Kepler-534,2,15.95994513,0.1272,2.24,5.65,0.19983941,0.0178,2.76,721.0,296.4185696,49.540148
TOI-1736 c,TOI-1736,2,571.25,1.37,12.5,2800.0,1.12,8.7,7.88,249.0,43.4344615,69.101345
TOI-5789 b,TOI-5789,4,2.76369,0.03608,1.26,2.12,0.112,0.00667027,5.82,1201.0,302.7734475,16.1897138
Kepler-1270 b,Kepler-1270,1,6.03356196,0.07045,3.32,11.0,0.29619056,0.0346,1.65,1598.0,286.7156676,48.6452552
Kepler-1370 b,Kepler-1370,2,20.2641684,0.15763,1.84,4.04,0.1641538,0.0127,3.56,770.0,284.5656897,41.7784781
Kepler-172 c,Kepler-172,4,6.388996,0.068,2.86,8.55,0.255,0.0269,2.01,970.0,283.3684093,41.821839
Kepler-1429 b,Kepler-1429,1,4.48487493,0.055,1.29,2.21,0.11508609,0.00696,5.66,1199.0,285.3662532,49.0448172
Kepler-419 c,Kepler-419,2,675.47,1.68,12.6,2320.1,1.13,7.3,6.37,315.55,295.4179125,51.1847629
K2-266 d,K2-266,4,14.697,0.1035,2.93,8.9,0.26139709,0.02800239,2.03,538.3,157.9356855,0.9372782
HD 75784 b,HD 75784,2,341.2,1.032,13.8,317.83,1.23,1.0,0.665,425.98,133.0992289,13.2330548
Kepler-1022 b,Kepler-1022,1,10.99469878,0.0805,2.36,6.17,0.2105451,0.0194,2.58,512.0,289.3520595,46.9736345
Kepler-1321 d,Kepler-1321,3,5.720920086,0.0501,2.62843782,7.41,0.23449392,0.0233,2.24,509.0,294.528597,46.6408737
Kepler-433 b,Kepler-433,1,5.33408384,0.0679,16.25,896.24,1.45,2.82,1.13,1776.0,297.5936232,40.9772546
Kepler-886 b,Kepler-886,1,6.24146367,0.06428,1.52,2.92,0.13560532,0.0092,4.57,1111.0,286.2717162,43.5952037
Kepler-1340 b,Kepler-1340,1,0.665026916,0.01523,1.55,3.02,0.13828174,0.00951,4.46,2174.0,296.2328099,42.4727965
HD 110113 c,HD 110113,2,6.744,0.068,2.11384817,10.5,0.18858523,0.03303653,6.11,990.0,190.0365636,-44.3120777
Kepler-220 b,Kepler-220,4,4.159807,0.046,0.81,0.457,0.072,0.00144,4.73,759.0,291.5060432,46.8956262
HD 99706 b,HD 99706,2,841.0,1.98,13.7,390.9309,1.22,1.23,0.835,391.46,172.1261621,43.9662025
Kepler-1472 b,Kepler-1472,1,38.1312831,0.2322,1.9,4.27,0.16950665,0.0134,3.42,613.0,294.8526163,49.0574468
Kepler-133 b,Kepler-133,2,8.129976,0.083,1.76,3.75,0.157,0.0118,3.78,1041.0,297.2778906,48.3203542
GJ 3138 d,GJ 3138,3,257.8,0.698,3.23,10.5,0.288,0.03303653,1.71,151.7,32.2977385,-16.3392495
Kepler-283 c,Kepler-283,2,92.743711,0.341,1.82,3.97,0.162,0.0125,3.62,240.0,293.6137413,47.838938
Kepler-444 b,Kepler-444,5,3.6001053,0.04178,0.403,0.0374,0.036,0.000118,3.14,938.0,289.7528323,41.631884
Kepler-631 b,Kepler-631,1,17.97979059,0.14017,2.9,8.75,0.25872067,0.0275,1.97,828.0,296.885724,40.2281717
Kepler-1086 b,Kepler-1086,2,18.78425728,0.1198,2.44,6.53,0.21768222,0.0205,2.47,433.0,295.251187,45.8429537
Kepler-998 b,Kepler-998,1,5.65377733,0.0626,2.32,5.99,0.20697654,0.0189,2.64,1020.0,296.7541629,49.2087085
HD 20781 e,HD 20781,5,85.5073,0.3374,3.83,14.03,0.342,0.0442,1.37,398.38,50.0139757,-28.7841175
Kepler-1023 b,Kepler-1023,1,62.1387714,0.30284,2.63,7.41,0.23463288,0.0233,2.24,524.0,289.0297232,49.7697034
Kepler-104 c,Kepler-104,3,23.668205,0.153,3.13,7.14430805,0.279,0.02247458,2.994855,668.0,287.6046621,42.1665104
Kepler-576 b,Kepler-576,1,29.91136794,0.179,3.27,10.7,0.29172986,0.0338,1.68,541.0,295.1828896,38.6542028
Kepler-1115 b,Kepler-1115,1,23.5540725,0.2134,1.7,3.53,0.15166384,0.0111,3.95,1381.0,294.9917723,40.1443964
KIC 5437945 b,KIC 5437945,2,440.7813,1.19671,6.4,33.6,0.57096976,0.106,0.704,308.0,288.4749028,40.6512848
Gl 410 b,Gl 410,1,6.02,0.0531,2.83,8.4,0.253,0.02642936,2.04,592.44,165.6604212,21.9669164
Kepler-1859 c,Kepler-1859,2,3.59645081,0.0473,1.66,3.39,0.14809554,0.0107,4.07,1327.0,293.9886751,46.7179996
K2-323 b,K2-323,1,24.93,0.1275,2.1,5.06,0.18734945,0.0159,3.0,318.0,159.4209874,6.2858689
HD 95544 b,HD 95544,1,2041.54152,3.166,12.8,1913.64483855,1.14,6.021,5.01,156.5,166.3231784,81.0389868
HD 132406 b,HD 132406,1,908.0,1.98,12.8,1887.90073758,1.14,5.94,4.95,228.73,224.2276121,53.3809615
TOI-5688 A b,TOI-5688 A,1,2.94815527,0.03379,10.3,124.0,0.92,0.39,0.61,742.0,266.9231001,47.7050486
Kepler-1201 b,Kepler-1201,1,15.18725932,0.1183,2.29,5.86,0.20430012,0.0184,2.68,789.0,294.6147908,40.8331158
Kepler-370 c,Kepler-370,2,19.02293,0.14,1.91,4.31,0.17,0.0136,3.4,647.0,292.1710683,40.9162381
Kepler-1570 b,Kepler-1570,1,26.548955,0.16699,1.07,1.24,0.09545901,0.0039,5.56,836.0,299.8617842,45.8274232
HD 159243 c,HD 159243,2,248.4,0.8,13.4,603.9,1.2,1.9,1.38,349.35,263.3395365,5.7008254
Kepler-33 d,Kepler-33,5,21.77596,0.1662,5.35,3.91,0.477,0.01230217,0.25,853.0,289.0775348,46.0051696
Kepler-232 c,Kepler-232,2,11.379349,0.101,3.83,14.0,0.342,0.0442,1.37,806.0,295.8161668,51.1217249
HD 80883 b,HD 80883,1,6383.78352,6.462,12.8,1748.0562385,1.14,5.5,4.58,88.66,139.9331831,-59.4780815
Kepler-1505 b,Kepler-1505,1,30.8609366,0.18298,0.93,0.749,0.08296904,0.00236,5.12,525.0,292.0020614,41.7869639
WASP-92 b,WASP-92,1,2.1746742,0.0348,16.376349,255.85315,1.461,0.805,0.346,1871.0,246.6920395,51.0411328
Kepler-949 c,Kepler-949,2,20.99757968,0.1394,2.97,9.11,0.26496611,0.0287,1.91,582.0,298.6079128,46.45366
tau Cet g,tau Cet,3,20.0,0.133,1.18,1.75,0.105,0.00550609,5.85,639.65,26.0093029,-15.9337987
Kepler-151 b,Kepler-151,2,15.228958,0.116,3.06,9.59,0.273,0.0302,1.84,639.0,292.1627933,41.0231947
Kepler-1290 b,Kepler-1290,1,4.69500134,0.0557,1.42,2.6,0.12668391,0.00819,4.99,1098.0,290.6852287,43.8596155
TOI-201 b,TOI-201,3,52.9786,0.303,11.4,164.0,1.01704163,0.51600171,0.61,759.0,87.4017825,-54.910423
Kepler-1025 b,Kepler-1025,1,37.3229493,0.21607,1.98,4.58,0.17664377,0.0144,3.24,1654.0,284.510214,43.9615628
WASP-16 b,WASP-16,1,3.1186,0.0415,13.67498,394.1092,1.22,1.24,0.572,1389.0,214.6830109,-20.2754374
Kepler-366 b,Kepler-366,2,3.281959,0.045,1.46,2.73,0.13,0.00859,4.82,1326.0,296.8520316,49.0844359
Kepler-207 d,Kepler-207,3,5.868075,0.068,3.31,11.0,0.295,0.0345,1.67,1254.0,290.0305195,42.1660555
Kepler-1924 b,Kepler-1924,1,15.33170033,0.1216,2.65446572,7.53,0.23681598,0.0237,2.21,821.0,293.767386,42.8291562
Kepler-1767 b,Kepler-1767,1,59.65829849,0.2873,3.01299077,9.34,0.26880149,0.0294,1.88,393.0,293.6441248,46.9896696
GJ 887 e,GJ 887,4,4.4249,0.0417,1.12,1.46,0.0999,0.00459367,5.71,544.0,346.5027573,-35.8473489
Kepler-1654 b,Kepler-1654,1,1047.8356,2.026,9.180171,158.915,0.819,0.5,1.2,206.0,282.1856949,44.4344617
GJ 740 b,GJ 740,1,2.37756,0.029,1.53,2.96,0.137,0.00931315,4.54,829.0,284.4997178,5.902867
Kepler-1524 b,Kepler-1524,1,70.9674603,0.3392,3.54,12.3,0.31581765,0.0386,1.52,438.0,293.8853557,39.5198348
Kepler-68 d,Kepler-68,4,632.62,1.469,13.9,267.0,1.24,0.84007174,0.546,260.75,291.0323102,49.0402129
Kepler-359 c,Kepler-359,3,57.68802,0.307,4.3,2.9,0.384,0.00912437,0.1,512.0,293.2936129,42.1963497
TOI-1181 b,TOI-1181,1,2.103189,0.0364,17.02644168,374.71969185,1.519,1.179,0.49,1942.12,297.2158166,64.3543506
Kepler-324 e,Kepler-324,4,13.97939968,0.10972,2.03862444,235.014,0.1818742,0.73943674,0.16,635.0,286.4714473,49.6490933
HD 177830 b,HD 177830,2,410.10001,1.14,13.5,537.1327,1.2,1.69,1.2,399.64,286.3363574,25.9204327
Kepler-279 b,Kepler-279,4,12.309681,0.112,3.62,4180.93,0.323,13.15467689,165.0,1104.0,287.391295,42.194822
Kepler-147 b,Kepler-147,2,12.610584,0.113,1.53,2.96,0.136,0.0093,4.54,953.0,287.9757213,39.087168
TOI-1853 b,TOI-1853,1,1.2436258,0.0213,3.46,73.2,0.30868106,0.23031296,9.74,1479.0,211.4593468,16.9923703
K2-356 b,K2-356,1,21.0267366,0.1599,2.29,5.86,0.20430047,0.0184,2.68,624.0,128.3219134,13.6613758
Kepler-1521 b,Kepler-1521,1,47.14840805,0.23476,2.5,6.8,0.22303506,0.0214,2.39,391.0,292.6903779,37.8350549
K2-288 B b,K2-288 B,1,31.393463,0.164,1.9,4.27,0.16950665,0.0134,3.42,226.36,55.4442857,18.2684913
HD 60532 b,HD 60532,2,201.9,0.77,13.8,336.8998,1.23,1.06,0.704,550.16,113.5130656,-22.2958661
Kepler-238 c,Kepler-238,5,6.155557,0.069,2.39,152.522,0.213,0.47988788,3.2,1146.0,287.8971066,40.6378141
Kepler-1901 b,Kepler-1901,1,3.484129906,0.0453,1.47418907,2.77,0.13151857,0.00873,4.75,1132.0,291.1643587,45.3183061
Kepler-55 c,Kepler-55,5,42.1516418,0.2095,2.21,69.8,0.197,0.22,35.5,349.0,285.1683291,44.0264898
Kepler-673 b,Kepler-673,1,3.728731093,0.0455,6.54,34.8,0.58345972,0.11,0.684,1023.0,290.7857595,50.0540561
GJ 676 A d,GJ 676 A,4,3.60076,0.039,1.78,3.81394088,0.159,0.012,3.72,757.36,262.5448903,-51.6377777
Kepler-218 b,Kepler-218,3,3.619337,0.046,1.48,2.79,0.132,0.00879,4.73,1156.0,295.4128785,46.2665801
WASP-78 b,WASP-78,1,2.17518,0.03488,21.63337,352.7913,1.93,1.11,0.131,2469.7,63.7562662,-22.1163901
Kepler-620 b,Kepler-620,1,12.91375431,0.1053,3.32,11.0,0.29619056,0.0346,1.65,849.0,291.1593939,51.3348228
Kepler-1330 b,Kepler-1330,1,10.10769068,0.0889,1.65,3.36,0.14720314,0.0106,4.11,879.0,290.5767116,39.9568913
TOI-2989 b,TOI-2989,1,3.122832,0.0384,12.55405838,953.485221,1.12,3.0,2.7,1001.0,171.2316754,-27.0623619
Kepler-424 b,Kepler-424,2,3.3118644,0.044,9.98,327.35,0.89,1.03,1.94,1116.0,298.6249797,48.57745
Kepler-349 c,Kepler-349,2,12.247629,0.105,1.96,4.5,0.175,0.0142,3.28,763.0,293.6764689,44.6155972
Kepler-1231 b,Kepler-1231,1,10.41725184,0.0914,1.42,2.6,0.12668391,0.00819,4.99,870.0,288.5882888,42.6056644
Kepler-274 b,Kepler-274,2,11.634788,0.101,1.54,2.99,0.137,0.0094,4.5,961.0,292.9227926,38.4772173
Kepler-280 c,Kepler-280,2,4.807091,0.056,2.01,4.7,0.179,0.0148,3.18,1088.0,291.3905325,42.1804735
TOI-163 b,TOI-163,1,4.231306,0.058,16.690201,387.7526,1.489,1.22,0.49,1669.0,79.7682532,-71.8955269
Kepler-969 b,Kepler-969,2,34.1731714,0.19726,2.07,4.94,0.18467303,0.0155,3.06,465.0,288.3724989,47.9335642
Kepler-359 b,Kepler-359,3,25.563222,0.178,3.53,12.2,0.315,0.0384,1.52,671.0,293.2936129,42.1963497
Kepler-1385 b,Kepler-1385,1,2.88879862,0.04262,0.85,0.543,0.07583192,0.00171,4.86,1423.0,282.6313559,46.481022
Kepler-369 c,Kepler-369,2,14.871572,0.094,1.41,2.57,0.126,0.00809,5.04,391.0,293.6743322,47.9084727
WASP-102 b,WASP-102,1,2.709813,0.041,14.90794433,197.68926915,1.33,0.622,0.32,1671.0,336.4643016,15.8566392
Kepler-645 b,Kepler-645,1,3.275822621,0.04541,2.1,5.06,0.18734945,0.0159,3.0,1730.0,290.3227098,44.0358625
GJ 480 b,GJ 480,1,9.5536,0.068,2.91,8.8,0.26,0.0276879,1.96,406.0,189.7134226,11.6950708
gam Psc b,gam Psc,1,555.1,1.32,13.6,425.89006538,1.22,1.34,0.93,666.07,349.2946794,3.2823664
Kepler-1253 b,Kepler-1253,1,68.8861915,0.31444,1.33,2.33,0.11865465,0.00733,5.44,501.0,283.8852196,47.6371507
Kepler-65 b,Kepler-65,4,2.15491,0.035,1.42,2.4,0.127,0.0076,4.4,1740.0,288.6887221,41.1511076
TOI-1467 b,TOI-1467,1,5.97114713,0.050748,1.92,9.0,0.17129122,0.02831717,11.0,506.07,19.1146441,49.2331382
RR Cae b,RR Cae,1,4343.5,5.3,13.0,1334.886,1.16,4.2,3.34,35.94,65.2733756,-48.6542601
WASP-186 b,WASP-186,1,5.026799,0.06,12.44199,1341.2426,1.11,4.22,3.821,1378.4,18.9953122,21.6169065
Kepler-832 b,Kepler-832,1,7.1396941,0.075,2.06,4.9,0.18378089,0.0154,3.08,965.0,295.9261101,45.383869
Kepler-281 d,Kepler-281,3,148.2720032,0.5456,5.93747806,654.0,0.52970723,2.05771412,12.3,321.0,294.1081465,44.7706524
DMPP-3 A b,DMPP-3 A,1,5.59,0.05958,1.44,2.67,0.129,0.00840076,4.91,854.0,91.6243532,-72.5143057
Kepler-1889 b,Kepler-1889,1,37.30369949,0.2082,2.94360686,8.98,0.26261147,0.0282,1.93,493.0,297.1992577,41.2264404
TOI-5340 b,TOI-5340,1,4.9394392,0.0628,15.07607904,270.15414595,1.345,0.85,0.43,1566.0,59.3094816,22.3783373
Kepler-988 b,Kepler-988,1,17.76080053,0.1085,2.07,4.94,0.18467303,0.0155,3.06,368.0,290.7082585,42.2372245
K2-117 c,K2-117,2,5.444017,0.0492,2.06,4.9,0.18378089,0.0154,3.08,537.0,133.8557342,10.4692176
Kepler-400 c,Kepler-400,2,17.340824,0.134,1.49,2.83,0.133,0.00889,4.7,755.0,290.9444679,40.4800528
WASP-118 b,WASP-118,1,4.0460435,0.05453,16.14096,163.36462,1.44,0.514,0.233,1729.0,19.5505861,2.7027847
TOI-880 c,TOI-880,2,6.3872703,0.0635,4.95,21.7,0.44161018,0.0683,0.983,805.0,94.1644734,-13.987337
TOI-1278 b,TOI-1278,1,14.47567,0.095,12.21778896,5879.8255295,1.09,18.5,18.0,407.87,320.4784442,35.648625
HD 12235 b,HD 12235,2,4.36305,0.054,3.23,10.48833743,0.288,0.033,1.71,1667.37,30.0391601,3.0959098
Kepler-364 b,Kepler-364,2,25.745718,0.178,1.55,3.02,0.138,0.00951,4.46,753.0,281.5699998,47.3986233
Kepler-732 c,Kepler-732,2,0.893041236,0.0143,1.27,2.15,0.11330181,0.00678,5.77,893.0,283.7317274,45.9585288
HD 220689 b,HD 220689,1,2266.4,3.396,13.7,381.3940884,1.22,1.2,0.815,160.11,351.4707282,-20.6167923
Kepler-444 f,Kepler-444,5,9.740486,0.0811,0.741,0.332,0.066,0.00104,4.48,673.0,289.7528323,41.631884
Kepler-222 c,Kepler-222,3,10.08881,0.091,4.64,19.4,0.414,0.0612,1.07,734.0,287.9060885,46.9377479
K2-107 b,K2-107,1,3.313959,0.0475,15.98,266.9772,1.42564011,0.84,0.35,1649.0,284.985355,-22.2934206
Kepler-999 b,Kepler-999,1,5.991857017,0.06918,2.34,6.08,0.20876082,0.0191,2.61,1355.0,299.6604865,46.1984679
GJ 887 c,GJ 887,4,21.784,0.121,2.43,6.5,0.217,0.02045129,2.49,320.0,346.5027573,-35.8473489
Kepler-524 b,Kepler-524,2,7.97419807,0.07955,1.91,4.31,0.17039879,0.0136,3.4,974.0,296.8591787,49.1620125
Kepler-291 c,Kepler-291,2,5.700786,0.065,1.88,4.19,0.168,0.0132,3.47,1035.0,287.9163029,42.4372666
WASP-132 c,WASP-132,3,1.01153624,0.01833,1.841,6.26,0.1642433,0.01969616,5.47,1329.0,217.6091998,-46.159516
K2-273 b,K2-273,1,11.7195663,0.0729,3.05,9.53,0.27210324,0.03,1.85,849.0,129.7768928,19.0100046
Kepler-1491 b,Kepler-1491,2,16.5861762,0.127,1.51,2.89,0.13471318,0.00909,4.61,821.0,293.6297645,45.7406293
Kepler-177 b,Kepler-177,2,36.8601,0.21101,3.5,5.84,0.31224909,0.0183746,0.75,549.0,286.0471442,45.0532038
Kepler-1528 b,Kepler-1528,1,1.791110205,0.0296,1.46,2.73,0.13025248,0.00859,4.82,1549.0,287.4029864,46.5740084
Kepler-376 c,Kepler-376,2,14.172327,0.115,1.79,3.86,0.16,0.0121,3.7,873.0,291.6071451,38.4103192
Kepler-1075 b,Kepler-1075,1,1.52372816,0.0208,1.42,2.6,0.12668391,0.00819,4.99,818.0,287.5011404,47.4691157
Kepler-160 c,Kepler-160,3,13.699429,0.1192,3.76,13.6,0.33544473,0.0428,1.41,771.0,287.773573,42.8692755
HAT-P-36 b,HAT-P-36,1,1.32734683,0.0241,14.313893,587.413406,1.277,1.8482,1.175,1780.97,188.2662048,44.9153672
Kepler-368 b,Kepler-368,2,26.84768,0.186,3.26,10.7,0.291,0.0336,1.7,800.0,291.880018,45.3878419
Kepler-192 b,Kepler-192,3,9.926746,0.09,2.74,7.95,0.244,0.025,2.12,803.0,287.9179379,45.5928829
Kepler-115 b,Kepler-115,2,2.403679,0.036,1.09,1.32,0.097,0.00416,5.6,1489.0,297.7119299,45.261985
Kepler-527 b,Kepler-527,1,13.28535633,0.11646,2.84,8.45,0.25336783,0.0266,2.03,1157.0,290.957913,47.4062673
HD 190647 b,HD 190647,1,1176.45,2.231,13.4,630.89255,1.19,1.985,1.44,214.19,301.8318167,-35.5395236
Kepler-183 b,Kepler-183,2,5.687945,0.064,2.06,4.9,0.184,0.0154,3.08,1088.0,293.5308112,39.3159329
TOI-216.01,TOI-216,2,34.525528,0.2069,10.1,177.98390792,0.9010632,0.56,0.76,497.0,73.9800129,-63.2603301
HD 37605 b,HD 37605,2,55.01292,0.277,13.2,854.9627,1.18,2.69,2.04,465.76,85.0074276,6.0595116
Kepler-1735 b,Kepler-1735,1,7.71792984,0.0621,1.19429134,1.84,0.10654772,0.00578,5.94,502.0,281.0503476,47.1882005
Kepler-1618 b,Kepler-1618,1,6.10826019,0.07109,1.26,2.13,0.11240967,0.00669,5.85,1267.0,295.1753619,45.9308594
Kepler-1455 b,Kepler-1455,1,49.276764,0.2149,2.16,5.31,0.19270229,0.0167,2.9,298.0,294.0830662,50.5027572
Kepler-296 e,Kepler-296,5,34.14211,0.169,1.53,2.96,0.13649746,0.0093,4.1,337.0,286.5400278,49.4372614
TOI-4311 c,TOI-4311,2,15.070425,0.1116,2.47,13.58,0.22035902,0.04272746,5.29,671.0,41.6855224,-31.1793201
Kepler-325 b,Kepler-325,3,4.544439,0.053,2.91,8.8,0.26,0.0277,1.96,1017.0,289.8354219,49.825607
Kepler-1376 b,Kepler-1376,1,5.30880656,0.0598,1.05,1.16,0.09367473,0.00364,5.51,1042.0,286.9584368,42.541409
EPIC 220674823 c,EPIC 220674823,2,13.340603,0.1078,2.712,7.9,0.24194885,0.02485618,2.336119,838.0,13.0800239,10.7947051
Kepler-1190 b,Kepler-1190,1,10.45843441,0.0845,1.33,2.33,0.11865465,0.00733,5.44,609.0,284.9996582,49.4799506
WASP-81 b,WASP-81,1,2.7164762,0.03908,16.017661,231.69807,1.429,0.729,0.332,1623.0,304.2079924,3.2939492
Kepler-154 c,Kepler-154,5,62.303276,0.303,2.95,9.01,0.263,0.0283,1.93,454.0,289.7805393,49.8965624
Kepler-1194 b,Kepler-1194,1,16.22371307,0.1212,1.51,2.89,0.13471318,0.00909,4.61,676.0,291.6994841,38.1452065
Kepler-352 d,Kepler-352,3,6.887279987,0.06574,0.80628032,0.449,0.07193164,0.00141,4.71,788.0,299.8966237,46.0519022
HIP 97166 b,HIP 97166,2,10.288914,0.091,2.4801338,19.1,0.2212631,0.06009532,6.86,701.66,296.2446203,74.0628577
HD 5388 b,HD 5388,1,772.5,1.757,13.1,1017.0509024,1.17,3.2,2.49,316.59,13.79903,-47.4067326
TOI-558 b,TOI-558,1,14.574071,0.1291,12.17295304,1147.36054927,1.086,3.61,3.5,1061.0,42.2915093,-58.0246828
Kepler-176 c,Kepler-176,4,12.759712,0.102,2.6,1.33,0.232,0.00418465,0.487,633.0,294.6679021,43.8532104
Kepler-833 b,Kepler-833,1,18.7546998,0.1139,2.02,4.74,0.18021233,0.0149,3.16,382.0,290.4799052,45.6005798
HD 23472 b,HD 23472,5,17.667087,0.1162,2.0,8.32,0.17842836,0.02617765,6.15,543.0,55.4590314,-62.7672667
K2-108 b,K2-108,1,4.733999,0.0581,5.33,59.4,0.47551075,0.18689236,2.22,1360.0,123.3818484,16.419516
TOI-1859 b,TOI-1859,1,63.48347,0.337,9.75181321,68.6,0.87,0.216,0.406,615.0,279.8317644,69.5228726
Kepler-914 b,Kepler-914,1,4.40966548,0.05454,1.38,2.48,0.12311535,0.0078,5.19,1192.0,290.4120774,44.8993227
Kepler-973 b,Kepler-973,1,49.6077331,0.2489,1.96,4.5,0.17485949,0.0142,3.28,402.0,290.1653203,49.9238126
CoRoT-27 b,CoRoT-27,1,3.57532,0.0476,11.287,3302.11,1.007,10.39,12.6,1500.0,278.4958319,5.5383811
Kepler-440 b,Kepler-440,1,101.11141,0.242,1.86,4.12,0.17,0.013,3.52,229.0,285.3500664,41.4523695
Kepler-903 b,Kepler-903,2,10.3507721,0.09081,2.01,4.7,0.17932019,0.0148,3.18,842.0,288.7710137,40.6641771
HIP 54515 b,HIP 54515,1,33000.0,24.8,12.2,5625.5628039,1.08,17.7,17.0,100.72,167.3066308,-1.3332838
HD 5278 b,HD 5278,2,14.339156,0.1202,2.45,7.8,0.21857474,0.02454154,2.9,943.0,12.5467785,-83.7437671
K2-237 b,K2-237,1,2.18053332,0.03552,16.06246934,434.15360396,1.433,1.366,0.577,1759.0,253.7688479,-28.7105836
Kepler-331 d,Kepler-331,3,32.134328,0.159,1.64,3.33,0.146,0.0105,4.15,346.0,291.8343455,39.3073462
WASP-156 b,WASP-156,1,3.8361629,0.046,6.15,42.0,0.5486672,0.13214678,0.99,934.5,32.782085,2.4181937
TOI-5322 b,TOI-5322,1,5.4233207,0.0604,16.6117094,184.02264765,1.482,0.579,0.22,1350.0,6.5293373,14.3364283
HD 290327 b,HD 290327,1,2443.0,3.43,13.3,772.3269,1.18,2.43,1.8,139.7,80.8399887,-2.2780391
Kepler-1810 b,Kepler-1810,1,101.1330032,0.4137,3.91815325,14.6,0.34955482,0.0459,1.33,380.0,291.8129995,38.0880964
K2-84 b,K2-84,2,6.4215,0.0665,2.41,6.39,0.2150058,0.0201,2.51,1019.22,55.8093566,16.6344396
Kepler-299 c,Kepler-299,4,6.885875,0.07,2.65,7.51,0.236,0.0236,2.22,946.0,283.2070156,48.5805222
Kepler-997 b,Kepler-997,1,2.707306716,0.04022,1.36,2.42,0.12133107,0.00761,5.29,1709.0,289.2333767,49.9388952
Kepler-1160 b,Kepler-1160,1,7.97034958,0.0755,2.14,5.22,0.19091801,0.0164,2.93,839.0,287.8793899,43.3640752
Kepler-162 b,Kepler-162,2,6.919798,0.069,1.26,2.13,0.112,0.00669,5.85,961.0,297.2789115,43.7239693
Kepler-975 c,Kepler-975,2,5.05821338,0.0567,10.69,80.2,0.95369956,0.252,0.361,1168.0,290.54851,38.4952415
Kepler-247 b,Kepler-247,3,3.33616,0.042,1.64,3.33,0.146,0.0105,4.15,970.0,288.6425609,43.0393769
HD 2039 b,HD 2039,1,1120.0,2.2,12.7,1999.1507,1.14,6.29,5.36,210.84,6.0851069,-56.649988
Kepler-1336 c,Kepler-1336,2,5.77721211,0.06272,1.71,3.57,0.15255598,0.0112,3.92,1260.0,296.2776587,46.8998006
TOI-216.02,TOI-216,2,17.16073,0.1293,8.0,18.75187601,0.71371342,0.059,0.34,628.0,73.9800129,-63.2603301
Kepler-978 b,Kepler-978,1,49.6221509,0.2726,2.99,9.22,0.26674993,0.029,1.9,546.0,286.7107166,43.0433585
HD 89307 b,HD 89307,1,2166.0,3.27,13.4,642.01338214,1.19,2.02,1.47,166.55,154.5874958,12.6209392
Kepler-763 c,Kepler-763,3,4.09667624,0.0466,1.42,2.6,0.12668413,0.00819,4.99,938.0,292.1445534,47.1573604
Kepler-236 c,Kepler-236,2,23.968127,0.132,2.0,4.66,0.178,0.0147,3.2,329.0,283.8664285,39.8981928
Kepler-851 b,Kepler-851,1,8.50699658,0.0802,1.68,3.46,0.14987956,0.0109,4.01,900.0,294.6802199,49.1401106
TOI-2328 b,TOI-2328,1,17.10197,0.127,9.97599282,50.85254512,0.89,0.16,0.29,842.0,31.6907424,-81.247376
Kepler-206 d,Kepler-206,3,23.44281,0.163,1.19,1.81,0.106,0.0057,5.9,681.0,291.6346564,41.8338415
Kepler-605 b,Kepler-605,2,3.383538066,0.04244,1.44,2.67,0.1284682,0.00839,4.91,1133.0,287.2954015,43.2798677
HD 5319 b,HD 5319,2,637.1,1.57,13.5,494.54348,1.21,1.556,1.1,377.72,13.7558096,0.7893425
TOI-2152 A b,TOI-2152,1,3.3773512,0.05064,14.35870428,899.45439181,1.281,2.83,1.67,1802.0,26.3389717,77.7901231
HD 196067 b,HD 196067,2,3413.7,4.71,12.4,3623.2438398,1.11,11.4,10.4,176.42,310.4364195,-75.3514992
Kepler-1569 b,Kepler-1569,1,5.79180156,0.06669,1.68,3.46,0.14987956,0.0109,4.01,1222.0,292.2046748,37.2212065
Kepler-234 b,Kepler-234,2,2.711506,0.04,3.7,13.2,0.33,0.0416,1.43,1420.0,291.6535379,38.4946597
Kepler-1100 b,Kepler-1100,1,6.42200058,0.06745,1.75,3.71,0.15612454,0.0117,3.8,1000.0,291.8713535,44.0873907
Kepler-929 b,Kepler-929,1,0.921032135,0.01982,1.11,1.41,0.09902757,0.00444,5.67,2362.0,298.4811022,41.6152603
HD 114386 b,HD 114386,2,937.70001,1.73,13.6,464.02947422,1.21,1.46,1.01,154.56,197.6652124,-35.0561807
Kepler-860 b,Kepler-860,1,5.101379454,0.058,3.24,10.6,0.28905344,0.0332,1.71,1050.0,295.5772681,46.2547028
TOI-2524 b,TOI-2524,1,7.18585,0.073,11.2089807,203.41018048,1.0,0.64,0.79,1100.0,160.8868435,-1.9126984
HATS-2 b,HATS-2,1,1.35413379,0.02317,12.57647635,435.42491759,1.122,1.37,1.20684,1550.0,176.7388264,-22.5630097
K2-17 b,K2-17,1,17.96753,0.119,2.23,5.6,0.19894727,0.0176,2.77,487.0,178.3296746,6.4123178
HIP 67537 b,HIP 67537,1,2523.64713,4.807,12.3,4309.11754211,1.1,13.558,12.7,323.2,207.5808445,-39.9008996
TOI-1451 b,TOI-1451,1,16.537944,0.127,2.61143902,15.2,0.23297739,0.04782455,4.67,723.33,186.5242821,61.2589289
HD 14787 b,HD 14787,1,676.6,1.7,13.7,356.28743,1.23,1.121,0.761,409.43,35.8085099,10.8367972
HD 4313 b,HD 4313,1,356.21,1.157,13.4,612.45841,1.2,1.927,1.4,502.39,11.4181301,7.8450492
HD 83443 b,HD 83443,2,2.985628,0.0406,14.1,127.76701961,1.25,0.402,0.25,1262.68,144.2994103,-43.272721
WASP-106 b,WASP-106,1,9.28969,0.0901,12.10569916,613.40882551,1.08,1.93,1.86,1140.0,166.4296276,-5.0794854
HD 93083 b,HD 93083,2,144.72,0.508,14.3,143.34061156,1.28,0.451,0.269,311.57,161.0866672,-33.5776794
TOI-1259 A b,TOI-1259 A,1,3.4779792,0.0408,11.6,141.0,1.03488447,0.44363561,0.49,963.0,282.1001665,79.2564761
HD 133131 A b,HD 133131 A,3,649.0,1.44,13.6,451.3186,1.21,1.42,0.986,227.72,225.8984524,-27.8431369
HD 214823 b,HD 214823,1,1854.84424,3.08,12.1,5914.78665427,1.08,18.61,18.3,243.9,340.0832062,31.7875183
K2-181 b,K2-181,1,6.8941,0.0706,2.69,7.7,0.23998614,0.0242,2.17,949.0,127.5541103,10.9101444
Kepler-1039 b,Kepler-1039,1,0.934884242,0.01714,1.46,2.73,0.13025248,0.00859,4.82,2080.0,298.3266169,45.3154212
Kepler-206 c,Kepler-206,3,13.137471,0.111,1.77,3.78,0.158,0.0119,3.75,825.0,291.6346564,41.8338415
Kepler-1090 c,Kepler-1090,2,42.42720032,0.22622,3.29265785,10.9,0.29375176,0.0342,1.68,496.0,295.6629002,44.5258237
HAT-P-60 b,HAT-P-60,1,4.7947813,0.06277,18.28184752,182.43350562,1.631,0.574,0.164,1772.0,28.2825719,52.0539209
K2-239 c,K2-239,3,7.775,0.0576,1.0,0.972,0.08921402,0.00306,5.34,427.0,160.5941265,4.4413751
HD 88986 b,HD 88986,1,146.05,0.58,2.49,17.2,0.2221433,0.05411725,6.1,460.0,154.1166869,28.6820708
Kepler-976 b,Kepler-976,1,105.9564148,0.4217,3.96,14.9,0.35328754,0.0467,1.32,324.0,289.8696232,46.7296855
Kepler-1694 b,Kepler-1694,1,3.89526,0.0449,1.17986031,1.76,0.10526009,0.00553,5.89,956.0,293.7936339,40.241023
Kepler-1776 b,Kepler-1776,1,35.01190186,0.2093,2.61157023,7.33,0.23298909,0.023,2.26,603.0,291.5344017,47.0424958
HD 18143 c,HD 18143,2,28982.41764,17.53,12.5,3177.64841319,1.11,9.998,8.94,54.55,43.9140248,26.8723829
WASP-123 b,WASP-123,1,2.97764359,0.04263,15.13212395,285.72917,1.35,0.899,0.490693,1500.0,289.4792124,-32.8601244
Kepler-221 e,Kepler-221,4,18.369917,0.13,2.63,7.86706,0.235,0.02475254,0.57,582.0,296.6547477,46.8352242
Kepler-280 b,Kepler-280,2,2.139542,0.032,1.45,2.7,0.129,0.00849,4.87,1425.0,291.3905325,42.1804735
TOI-2202 c,TOI-2202,2,24.6744,0.15544,13.4,117.27868218,1.19,0.369,0.268,560.61,51.2284214,-73.9575458
Kepler-411 b,Kepler-411,4,3.005156,0.0375,2.401,25.6,0.21420287,0.0805462,10.3,1138.0,287.6057027,49.5233937
Kepler-1358 b,Kepler-1358,1,7.06317341,0.0656,1.12,1.46,0.09991971,0.00459,5.71,827.0,286.1705469,43.0089
TOI-791 b,TOI-791,2,139.29931,0.602,11.13051784,9.5,0.993,0.02989034,0.037,434.3,118.4347574,-69.7017359
HD 87816 b,HD 87816,2,484.17,1.618,12.7,2142.16346318,1.13,6.74,5.75,567.39,151.5296524,-52.1878679
K2-316 b,K2-316,2,1.133,0.0147,1.33,2.33,0.11865465,0.00733,5.44,841.0,233.6247336,-23.2594663
HD 360 b,HD 360,1,273.1,0.98,14.0,238.37130525,1.25,0.75,0.477,765.69,2.072903,-8.8242618
GJ 273 c,GJ 273,2,4.7234,0.036467,1.06,1.18,0.0942,0.00371268,5.44,462.26,111.852091,5.225807
Kepler-1436 b,Kepler-1436,1,9.705716,0.0907,1.31,2.27,0.11687037,0.00714,5.55,1001.0,297.711553,46.7679816
TOI-813 b,TOI-813,1,83.8911,0.423,6.71,36.4,0.5986261,0.114,0.662,610.0,72.6940102,-60.9054608
Kepler-1571 b,Kepler-1571,1,3.38555488,0.04287,1.52,2.92,0.13560532,0.0092,4.57,1476.0,300.9354067,45.5964836
HAT-P-41 b,HAT-P-41,1,2.69405,0.04258,22.97845,378.2177,2.05,1.19,0.204,1941.0,297.3226523,4.6724124
TOI-1227 b,TOI-1227,1,27.36397,0.0886,9.57246952,66.5,0.854,0.209,0.417,243.77,186.7673635,-72.4518501
HD 185283 b,HD 185283,1,4060.0,4.6,13.6,413.1769291,1.22,1.3,0.903,93.97,295.3233609,-56.3221096
HIP 54373 b,HIP 54373,2,7.76,0.063,2.87,8.62,0.256,0.02712142,2.0,580.66,166.8643532,-19.2916857
Kepler-598 b,Kepler-598,2,3.70175428,0.04487,1.5,2.86,0.13382104,0.00899,4.66,1050.0,293.1234493,40.9348005
Kepler-1028 b,Kepler-1028,1,2.51462432,0.0354,1.33,2.33,0.11865465,0.00733,5.44,1217.0,289.5931004,49.7812447
CoRoT-14 b,CoRoT-14,1,1.51214,0.027,12.22,2415.4,1.09,7.6,7.3,1952.0,103.4242023,-5.5360385
HD 9446 b,HD 9446,2,30.052,0.189,14.0,222.472,1.25,0.7,0.446,642.55,23.3350424,29.2649187
Kepler-1627 b,Kepler-1627,1,7.20283653,0.0643,3.69,13.2,0.32919975,0.0415,1.44,794.0,284.0566675,41.5767277
Kepler-1920 b,Kepler-1920,1,30.2541008,0.2043,2.95415848,9.03,0.26355282,0.0284,1.92,660.0,291.0620355,38.8632881
Kepler-1155 b,Kepler-1155,1,33.469743,0.2006,2.03,4.78,0.18110447,0.015,3.14,609.0,288.8206058,39.5228712
Kepler-1171 b,Kepler-1171,1,1.44259224,0.0284,2.56,7.08,0.2283879,0.0223,2.32,2700.0,294.9589285,38.5915968
HD 65216 b,HD 65216,2,577.6,1.301,13.6,411.58985,1.22,1.295,0.899,222.56,118.4209646,-63.6466892
HIP 90988 b,HIP 90988,1,455.73816,1.36,13.4,668.07531151,1.19,2.102,1.53,400.77,278.3892816,-50.211692
47 UMa c,47 UMa,3,2391.0,3.6,14.2,171.621,1.27,0.54,0.329,164.38,164.8647611,40.4304931
Kepler-436 c,Kepler-436,2,16.79713874,0.11452,2.33,6.04,0.20786868,0.019,2.62,503.0,301.7207775,44.4120856
HD 175167 b,HD 175167,1,1175.0,2.4,12.3,4703.8604236,1.09,14.8,13.9,232.03,285.0033888,-69.9450664
Kepler-1743 b,Kepler-1743,1,7.649710178,0.084,1.59887007,3.18,0.14264188,0.01,4.28,1144.0,290.5523552,48.1262575
Kepler-721 b,Kepler-721,1,5.392025388,0.0583,2.64,7.46,0.23552502,0.0235,2.23,850.0,284.4305132,44.4803776
Kepler-314 c,Kepler-314,2,5.960392,0.064,2.9,8.75,0.259,0.0275,1.97,890.0,294.6741507,42.0756037
HAT-P-31 b,HAT-P-31,1,5.00542,0.061,12.21781,721.4741,1.09,2.27,2.18,1450.0,271.5376722,26.4266061
HD 11964 b,HD 11964,2,1945.0,3.16,14.1,198.0,1.26,0.622,0.388,203.93,29.2884252,-10.2434693
K2-211 b,K2-211,1,0.669561,0.01419,1.33162691,2.33,0.1188,0.00735,5.42,1873.0,21.1061587,1.7049101
Kepler-2001 b,Kepler-2001,2,1.090011003,0.0197,1.04,1.12,0.09278275,0.00352,5.47,1402.0,291.6594558,50.5838585
TOI-238 b,TOI-238,2,1.273099,0.0212,1.559,3.37,0.1390849,0.01060321,6.8,1378.0,349.2310814,-18.6066463
Kepler-1817 b,Kepler-1817,1,44.29919815,0.2348,2.27349126,5.79,0.20282765,0.0182,2.71,463.0,282.0333419,44.4779955
HD 220197 b,HD 220197,1,1728.0,2.729,9.32,63.566,0.832,0.2,0.431,164.22,350.4946927,16.6323305
Kepler-1247 b,Kepler-1247,1,13.71220213,0.1091,2.33,6.04,0.20786868,0.019,2.62,676.0,294.5335974,46.6182365
HD 154345 b,HD 154345,1,3280.0,4.158,13.7,376.9444907,1.22,1.186,0.806,119.21,255.6524619,47.0855544
Kepler-243 b,Kepler-243,2,5.715442,0.062,2.45,6.57,0.219,0.0207,2.45,850.0,285.1104819,42.0339619
Kepler-308 b,Kepler-308,2,9.694928,0.09,2.12,5.14,0.189,0.0162,2.96,833.0,295.7852423,40.4395753
Teegarden's Star d,Teegarden's Star,3,26.13,0.0791,0.954,0.82,0.0851,0.00258001,5.19,159.0,43.2691449,16.8649024
Kepler-254 d,Kepler-254,3,18.746477,0.139,2.5,6.8,0.223,0.0214,2.39,686.0,288.1646541,45.8164257
K2-19 b,K2-19,3,7.9193,0.07487,7.0,30.8,0.62449925,0.09690764,0.494,857.0,174.9602543,0.603596
HD 30177 b,HD 30177,2,2539.0,3.49,12.6,2622.08435775,1.12,8.25,7.2,148.0,70.4770964,-58.0208085
Kepler-1475 b,Kepler-1475,1,82.177374,0.373,2.92,8.85,0.26050495,0.0279,1.95,441.0,295.9482766,44.753096
K2-111 c,K2-111,2,15.6748,0.11565,3.34,11.1,0.298,0.03492451,1.64,923.0,59.8903081,21.2985263
HAT-P-67 b,HAT-P-67,1,4.8101069,0.06505,23.9872187,143.02278315,2.14,0.45,0.061,1903.0,256.6107279,44.7768849
TOI-2373 b,TOI-2373,1,13.33668,0.112,10.42435205,2955.8041851,0.93,9.3,14.4,860.0,61.6862197,-16.7557546
Kepler-1530 d,Kepler-1530,3,9.20761013,0.08276,3.27870115,10.8,0.29250663,0.0339,1.68,972.0,288.1624396,48.165153
TOI-1288 b,TOI-1288,2,2.6998279,0.0374,4.96846551,44.1,0.44325757,0.13875412,1.97,1203.44,313.1670294,65.6087833
Kepler-660 b,Kepler-660,1,9.27358194,0.0759,2.57,7.13,0.22928004,0.0224,2.31,649.0,288.1382985,47.7245642
Kepler-760 b,Kepler-760,2,8.70419416,0.08087,3.06,9.59,0.27299491,0.0302,1.84,748.0,287.5931997,44.1794278
Kepler-1712 b,Kepler-1712,1,13.81499958,0.0903,2.28372556,5.83,0.2037407,0.0184,2.69,391.0,284.998698,50.1466922
Kepler-784 b,Kepler-784,2,31.5922646,0.22111,1.58,3.12,0.14095816,0.00982,4.35,688.0,295.9206663,47.4486164
Kepler-1612 b,Kepler-1612,1,3.91795101,0.0482,1.03,1.08,0.09189045,0.0034,5.43,1030.0,291.2503022,45.6550536
TOI-1246 e,TOI-1246,4,37.92548,0.212,3.5141875,14.5,0.31351535,0.0456221,1.83,463.98,251.1158702,70.4299917
K2-157 b,K2-157,3,0.3652575,0.00962,0.935,1.14,0.0834,0.0036,7.7,2432.0,183.7514959,-5.7820178
Kepler-1335 b,Kepler-1335,1,6.26406846,0.0615,1.45,2.7,0.12936034,0.00849,4.87,809.0,284.8384394,42.0703371
Kepler-612 b,Kepler-612,1,3.722156413,0.0452,2.84,8.45,0.25336783,0.0266,2.03,1046.0,291.3546278,45.7478551
Kepler-20 f,Kepler-20,6,19.578328,0.1387,0.952,1.4,0.0849319,0.00440489,8.4,681.0,287.6979913,42.3385782
CoRoT-32 b,CoRoT-32,1,6.71837,0.071,6.38913,47.6745,0.57,0.15,1.1,938.0,100.1951714,9.2573953
Kepler-289 d,Kepler-289,4,66.0282,0.33,3.03,5.33,0.27031896,0.01677006,1.14,502.81,297.4653351,42.8828517
Kepler-383 c,Kepler-383,2,31.200751,0.172,1.24,2.07,0.111,0.00651,5.97,406.0,291.3426078,38.3631616
Kepler-228 c,Kepler-228,3,4.134444,0.052,2.7,7.75,0.241,0.0244,2.16,1160.0,296.2860853,48.2246328
K2-32 b,K2-32,4,8.992,0.0795,5.299,15.0,0.47274593,0.04719528,0.55,837.0,252.426008,-19.5430504
GJ 2030 c,GJ 2030,2,25533.11353,16.761,12.3,4069.15709482,1.1,12.803,12.0,96.71,50.8237604,-7.7950429
Kepler-1882 b,Kepler-1882,1,13.78730011,0.11636,1.48674404,2.81,0.13263865,0.00886,4.7,894.0,290.6640856,43.4997866
Kepler-664 b,Kepler-664,1,2.525593315,0.0374,2.66,7.56,0.23730931,0.0238,2.21,1406.0,288.7549029,48.226203
K2-25 b,K2-25,1,3.48456408,0.0287,3.44,24.5,0.306,0.07708562,3.31,494.0,63.2739346,15.2477027
Kepler-450 b,Kepler-450,3,28.454851,0.20092,6.14,19.4,0.54777411,0.06103892,0.75,769.0,295.4865821,51.0135237
Kepler-1054 b,Kepler-1054,1,4.30655689,0.05542,2.63,7.41,0.23463288,0.0233,2.24,1177.0,290.6011085,44.5563604
TOI-5386 A b,TOI-5386 A,1,3.62156552,0.04856,14.70618268,155.10026262,1.312,0.488,0.268,1488.0,226.1069193,60.5362318
Kepler-387 c,Kepler-387,2,11.837549,0.098,0.89,0.64,0.079,0.00201,4.99,826.0,287.7982699,45.6567655
Kepler-157 c,Kepler-157,3,13.5405,0.11,2.24,5.65,0.2,0.0178,2.76,779.0,291.0972257,38.8756049
Kepler-680 b,Kepler-680,1,3.689926291,0.0469,2.42,6.44,0.21589794,0.0203,2.5,1147.0,291.622381,50.6181793
Kepler-697 b,Kepler-697,1,3.709870645,0.0471,4.13,16.0,0.36845392,0.0502,1.25,1151.0,283.8643937,41.3463859
Kepler-616 b,Kepler-616,3,9.99761851,0.0927,2.43,6.48,0.21679008,0.0204,2.48,860.0,294.989137,46.8383058
Kepler-202 c,Kepler-202,2,16.282493,0.113,1.85,4.08,0.165,0.0128,3.54,505.0,282.9734874,41.3217991
HD 141399 e,HD 141399,4,5000.0,5.0,14.1,209.7678,1.25,0.66,0.411,142.24,236.7235392,46.986288
TOI-2449 b,TOI-2449,1,106.14468,0.45,11.24,222.0,1.002,0.7,0.859,400.0,67.984371,-34.4555327
Kepler-338 e,Kepler-338,4,9.341,0.08979,1.56,8.5,0.139,0.027,12.3,1143.0,282.9790593,40.7844188
K2-229 c,K2-229,2,8.32727,0.0769,2.03,7.0,0.18110447,0.02202446,5.1,750.0,186.8729195,-6.7218474
tau Cet h,tau Cet,3,49.41,0.243,1.19,1.83,0.106,0.0057578,5.97,473.22,26.0093029,-15.9337987
Kepler-1749 b,Kepler-1749,1,14.53409958,0.0956,1.61301783,3.23,0.14390406,0.0102,4.23,420.0,290.2945805,45.5645196
HIP 63242 b,HIP 63242,1,124.6,0.565,12.5,2917.56,1.12,9.18,8.21,993.26,194.3824825,-65.6463263
Kepler-1793 b,Kepler-1793,1,8.779999733,0.0787,3.79037518,13.8,0.33815521,0.0434,1.39,713.0,291.9129477,40.9539265
TOI-1203 b,TOI-1203,4,4.1572888,0.04869,1.52,3.51,0.13560555,0.0110437,5.48,1361.2,168.2267358,-34.4069371
Kepler-1107 b,Kepler-1107,1,0.571038518,0.01285,1.34,2.36,0.11954679,0.00742,5.39,1897.0,291.049934,39.141674
HD 457 b,HD 457,1,20324.58153,15.369,11.9,8445.3364308,1.07,26.572,27.5,85.15,2.2492922,-39.7372401
HD 112640 b,HD 112640,1,613.2,1.7,12.9,1589.15,1.15,5.0,4.07,959.65,194.2415171,67.2429122
Kepler-166 c,Kepler-166,3,34.260281,0.195,2.38,6.26,0.212,0.0197,2.55,468.0,293.1600977,48.8812074
Kepler-1647 b,Kepler-1647,1,1107.5923,2.7205,11.8739,483.0,1.0593184,1.51968033,1.59,242.92,298.150057,40.6561751
HD 181234 b,HD 181234,1,7593.40512,7.427,12.5,2980.91262925,1.12,9.379,8.39,98.09,289.9998695,-9.32497
Kepler-349 b,Kepler-349,2,5.929778,0.065,1.9,94.5,0.17,0.297,75.7,972.0,293.6764689,44.6155972
Kepler-1815 b,Kepler-1815,1,12.19139957,0.0984,2.7489262,7.99,0.24524319,0.0251,2.11,763.0,300.170472,43.9849048
TOI-907.01,TOI-907,1,4.5849129,0.055225481,9.6158851,67.0,0.85694229,0.211,0.414,1846.6,262.1834072,-62.840383
Kepler-1417 b,Kepler-1417,1,20.3505213,0.14062,1.0,0.972,0.08921402,0.00306,5.34,695.0,290.9498966,40.605197
Kepler-56 b,Kepler-56,3,10.5016,0.1028,6.51,22.1,0.581,0.07,0.442,1378.0,293.7583002,41.871807
Kepler-1197 b,Kepler-1197,1,2.03231845,0.02869,1.25,2.1,0.11151753,0.0066,5.91,1011.0,291.6693437,42.5907441
Kepler-1921 b,Kepler-1921,2,20.03479958,0.15865,2.89459458,8.72,0.25823888,0.0274,1.98,967.0,300.3161723,45.4953271
Kepler-1484 b,Kepler-1484,1,30.4549136,0.1939,2.11,5.1,0.18824159,0.016,2.98,624.0,292.6842738,38.1262604
HD 47366 c,HD 47366,2,677.53,1.84,13.5,483.73483545,1.21,1.522,1.08,467.37,99.4200181,-12.9856593
Kepler-1210 b,Kepler-1210,1,8.07124073,0.0753,1.7,3.53,0.15166384,0.0111,3.95,856.0,292.8321598,48.2193376
K2-245 b,K2-245,1,11.89307,0.0959,4.34,17.4,0.38718887,0.0546,1.17,923.0,185.181563,-1.5909138
Kepler-159 b,Kepler-159,2,10.139623,0.082,2.38,6.26,0.212,0.0197,2.55,447.0,297.0702037,40.868734
Kepler-91 b,Kepler-91,1,6.24658,0.0731,15.322703,257.4423,1.367,0.81,0.4,2040.0,285.6729033,44.1167513
Kepler-354 b,Kepler-354,3,5.47666,0.054,1.84,4.04,0.164,0.0127,3.56,741.0,285.7515347,41.3356739
K2-290 b,K2-290,2,9.21165,0.0923,3.06,10.9,0.27299491,0.03429506,4.1,1230.0,234.8578846,-20.1988975
Kepler-1766 b,Kepler-1766,1,105.0149994,0.4161,2.27904508,5.81,0.20332313,0.0183,2.7,406.0,294.2772343,46.6752351
Kepler-774 b,Kepler-774,1,11.0895723,0.1082,3.17,10.2,0.28280846,0.032,1.76,1422.0,291.0318604,38.211894
Kepler-859 b,Kepler-859,1,20.38177573,0.13157,3.09,9.75,0.27567134,0.0307,1.82,528.0,286.7418337,43.1901197
Kepler-1972 c,Kepler-1972,2,11.3295,0.10493,0.868,2.11,0.07743791,0.0066388,18.4,1215.0,288.3953074,39.8725067
Kepler-1833 b,Kepler-1833,1,6.892129898,0.07545,1.30027362,2.24,0.11600284,0.00705,5.6,1177.0,290.8714239,45.4102813
Kepler-401 d,Kepler-401,3,184.256405,0.66886,2.27,5.77,0.20251584,0.0182,2.71,380.0,290.0827494,50.8634361
TOI-4458 b,TOI-4458,1,3.9393792,0.0522,12.40834163,552.06794296,1.107,1.737,1.59,1759.0,252.1259976,74.7637501
Kepler-1621 b,Kepler-1621,1,92.263714,0.4204,2.16,5.31,0.19270229,0.0167,2.9,469.0,297.5885341,43.8411937
HD 206893 b,HD 206893,2,11100.0,10.75,14.01122587,6197.6539365,1.25,19.5,12.4,1429.2,326.3416874,-12.7833522
HD 238090 b,HD 238090,1,13.671,0.0932,2.52,6.89,0.225,0.02167826,2.37,469.6,183.0886375,54.486153
Kepler-1840 b,Kepler-1840,1,131.1900024,0.46206,2.77771129,8.13,0.24781123,0.0256,2.08,284.0,298.5948803,41.4359643
Kepler-1362 b,Kepler-1362,1,136.205626,0.4626,2.6,7.27,0.23195646,0.0229,2.27,248.0,288.5385574,40.8771276
KOI-984 b,KOI-984,2,4.2881785,0.0504,4.3,17.1,0.38362097,0.0537,1.18,1022.0,291.0489438,36.8400772
Kepler-37 c,Kepler-37,4,21.301848,0.139,0.755,1.3,0.0673567,0.00409026,15.0,615.0,284.0592503,44.5183733
Kepler-717 b,Kepler-717,1,4.40840023,0.052,2.42,6.44,0.21589794,0.0203,2.5,1139.0,292.9655071,43.346345
K2-188 c,K2-188,2,7.810253,0.0785,2.83,8.4,0.25247569,0.0264,2.04,1026.0,129.8137008,23.3574367
K2-148 d,K2-148,3,9.7579,0.0774,1.64,3.33,0.146311,0.0105,4.15,562.05,14.5176494,-0.193258
TOI-4791 b,TOI-4791,1,4.28088,0.0555,12.44196858,734.18362017,1.11,2.31,2.09,1472.0,109.3883818,-19.8289392
Kepler-1566 b,Kepler-1566,1,0.539915238,0.01198,0.79,0.418,0.07047908,0.00131,4.66,1871.0,283.5875459,40.5749018
Kepler-1751 b,Kepler-1751,1,7.017310143,0.0712,1.82417378,3.98,0.16274216,0.0125,3.6,984.0,284.8465476,49.6923412
WASP-132 d,WASP-132,3,1816.6,2.71,12.8,1639.99458012,1.15,5.16,4.3,107.0,217.6091998,-46.159516
Kepler-704 b,Kepler-704,1,3.76182115,0.047,2.61,7.32,0.2328486,0.023,2.26,1121.0,283.3163671,41.8370942
TIC 147027702 b,TIC 147027702,1,44.40523,0.274,10.92875618,346.43296363,0.975,1.09,1.5666,863.0,161.7728559,-43.9317971
K2-156 b,K2-156,1,0.813143,0.0149,1.1,1.37,0.0981356,0.0043,5.66,1347.0,182.699673,-6.2943552
HATS-56 b,HATS-56,1,4.324799,0.06043,18.920792,191.33366,1.688,0.602,0.155,1902.0,180.165072,-45.7994559
WASP-154 b,WASP-154,1,3.811678,0.044,10.76062147,198.96058278,0.96,0.626,0.88,994.0,327.7191734,-8.6359458
Kepler-150 f,Kepler-150,5,637.2093,1.24,3.64,12.9,0.32473905,0.0405,1.47,227.77,288.2341025,40.520897
Kepler-304 c,Kepler-304,4,5.315946,0.054,2.17,5.35,0.194,0.0168,2.88,746.0,294.4418031,40.5575408
HAT-P-43 b,HAT-P-43,1,3.3326414,0.0444,13.63,210.395,1.21598925,0.662,0.39,1353.0,128.9256885,10.2065866
Kepler-279 d,Kepler-279,4,54.414,0.2901,3.1,37.5,0.277,0.118,0.3,574.0,287.391295,42.194822
NGTS-38 b,NGTS-38,1,180.52797,0.697,12.11690814,1516.04150139,1.081,4.77,4.67,457.0,108.7147541,-29.4306223
Kepler-49 e,Kepler-49,4,18.596108,0.116,1.56,1.03815,0.139,0.00326639,0.046,371.0,292.2945208,40.5918123
Kepler-1432 b,Kepler-1432,1,23.9109011,0.1696,2.22,5.56,0.19805513,0.0175,2.79,709.0,295.5241011,49.8295211
HAT-P-42 b,HAT-P-42,1,4.641878,0.0575,14.348,331.801,1.28,1.044,0.61,1428.0,135.3443583,6.0970828
Kepler-355 c,Kepler-355,2,25.762294,0.179,2.71,7.8,0.242,0.0245,2.15,633.0,285.7994917,42.8117427
Kepler-326 c,Kepler-326,3,4.580358,0.051,1.4,17.4,0.125,0.055,34.8,889.0,294.3255898,46.0022646
Kepler-1299 b,Kepler-1299,1,19.9400874,0.1357,2.98,9.17,0.26585779,0.0288,1.9,588.0,286.1501263,37.4113438
TOI-172 b,TOI-172,1,9.47725,0.0914,10.816685,1722.6386,0.965,5.42,7.53,1198.0,316.6318791,-26.6928654
Kepler-741 b,Kepler-741,1,7.03902374,0.0744,2.97,9.11,0.26496565,0.0287,1.91,1051.0,289.4317294,46.6174978
Kepler-1806 b,Kepler-1806,1,9.033320427,0.0813,2.35560189,6.15,0.21015309,0.0193,2.59,729.0,287.5349528,49.8016283
Kepler-353 c,Kepler-353,2,8.410894,0.065,1.38,2.48,0.123,0.0078,5.19,472.0,296.8565596,41.7580749
HD 2952 b,HD 2952,1,312.08,1.117,13.9,284.77425267,1.24,0.896,0.583,731.02,8.2938367,54.8948177
TOI-375 c,TOI-375,3,115.5,0.524,13.4,669.34662514,1.19,2.106,1.53,596.0,47.1499034,-77.3833275
Kepler-1226 b,Kepler-1226,1,17.2923453,0.13945,1.45,2.7,0.12936034,0.00849,4.87,809.0,296.3768521,50.6214592
Kepler-560 b,Kepler-560,1,18.47764449,0.0899,1.72,3.61,0.15344812,0.0113,3.9,298.0,300.2066441,45.0182402
PZ Tel b,PZ Tel,1,44000.0,27.0,11.9,8581.366989,1.07,27.0,28.0,53.77,283.2745823,-50.1808952
HD 164604 c,HD 164604,2,5387.0,5.556,12.5,3019.3698665,1.12,9.5,8.49,84.25,270.7787177,-28.5608343
Kepler-1048 b,Kepler-1048,1,6.92101021,0.059,1.61,3.22,0.14363458,0.0101,4.24,619.0,281.8983042,42.1657112
Kepler-1422 b,Kepler-1422,1,18.6051942,0.1499,2.02,4.74,0.18021233,0.0149,3.16,833.0,293.8902214,48.3360926
Kepler-1094 b,Kepler-1094,1,78.1000231,0.3625,3.18,10.2,0.2837006,0.0322,1.74,480.0,292.3012109,38.2669983
HD 69830 c,HD 69830,3,31.56,0.186,3.46,11.8,0.309,0.0371,1.57,567.04,124.6010091,-12.6364246
HD 82943 c,HD 82943,2,220.078,0.74345,13.4,622.603,1.2,1.959,1.42,360.95,143.7114034,-12.1302976
Kepler-954 b,Kepler-954,1,16.78176602,0.1202,2.32,5.99,0.20697654,0.0189,2.64,545.0,295.8594318,47.9396001
HATS-38 b,HATS-38,1,4.375021,0.05036,6.882326,23.51942,0.614,0.074,0.403,1294.0,154.2710615,-25.2762982
K2-36 c,K2-36,2,5.340888,0.05528,3.2,7.9,0.28548537,0.02485618,1.3,854.0,169.4490102,3.8665038
Kepler-1388 c,Kepler-1388,4,5.53608151,0.0519,2.26,5.73,0.2016237,0.018,2.73,566.0,283.3360156,47.1744499
Kepler-416 b,Kepler-416,3,6.319,0.0674,2.48,58.2,0.221,0.183,21.0,986.0,291.5569554,39.2272923
Kepler-1567 b,Kepler-1567,1,153.979578,0.552,2.73,7.9,0.24355429,0.0249,2.13,330.0,286.695153,40.2918894
HD 147873 c,HD 147873,2,491.54,1.36,13.3,731.009,1.19,2.3,1.71,373.68,246.4380471,-33.5672217
Kepler-290 b,Kepler-290,3,14.589347,0.11,2.25,5.69,0.201,0.0179,2.74,594.0,286.4100307,42.6815137
Kepler-1212 b,Kepler-1212,1,12.94130146,0.1082,2.14,5.22,0.19091801,0.0164,2.93,795.0,296.8534096,50.0373196
Kepler-857 b,Kepler-857,1,85.35129427,0.3751,6.8,37.2,0.60665537,0.117,0.65,390.0,294.6323978,43.4004526
Kepler-1626 b,Kepler-1626,1,4.13962966,0.0537,2.02,4.74,0.18021233,0.0149,3.16,1352.0,296.5004384,40.7212069
TOI-1836 c,TOI-1836,2,1.7727471,0.03089,2.59987579,8.0,0.23194578,0.02517081,3.0,2007.6,245.9079242,54.6900774
K2-64 b,K2-64,1,6.53044,0.0619,2.07,4.94,0.18467303,0.0155,3.06,877.23,332.4138478,-11.4286687
Kepler-1336 b,Kepler-1336,2,23.198681,0.15845,1.98,4.58,0.17664377,0.0144,3.24,793.0,296.2776587,46.8998006
Kepler-872 b,Kepler-872,1,2.578855068,0.0362,1.99,4.62,0.17753591,0.0145,3.22,1230.0,295.4174725,43.6056117
Kepler-1656 b,Kepler-1656,2,31.562,0.1974,4.574,47.8,0.40806565,0.15,2.13,651.0,284.4722473,39.911889
POTS-1 b,POTS-1,1,3.1606296,0.03734,10.548,734.16,0.941,2.31,3.44,841.95,203.6087259,-66.5811639
Kepler-68 e,Kepler-68,4,3455.0,4.6,11.2,86.4493267,0.997,0.272,0.338,147.35,291.0323102,49.0402129
Kepler-1406 b,Kepler-1406,1,11.62905828,0.0987,1.1,1.37,0.09813543,0.0043,5.66,854.0,292.0818824,38.9149472
Kepler-758 e,Kepler-758,4,8.1934719,0.0829,1.53,2.96,0.13649746,0.0093,4.54,1144.0,293.0846115,41.1354049
Kepler-675 b,Kepler-675,1,2.33743801,0.0325,2.44,6.53,0.21768222,0.0205,2.47,1070.0,293.8334488,50.2303479
Kepler-77 b,Kepler-77,1,3.57878087,0.04501,10.761,136.661,0.96,0.43,0.603,1440.0,289.6079433,44.3454347
Kepler-679 b,Kepler-679,1,12.39358604,0.0983,3.01,9.32,0.26853421,0.0293,1.88,677.0,296.0213374,50.5678019
K2-265 b,K2-265,1,2.36902,0.03359,1.70824866,7.3418362,0.1524,0.0231,7.9,1366.0,342.0316493,-14.4947789
Kepler-1682 b,Kepler-1682,1,14.8334,0.1134,2.88940836,8.7,0.25777575,0.0274,1.98,694.0,293.9835827,39.5728474
Kepler-1907 c,Kepler-1907,2,14.86390018,0.10371,1.15547044,1.63,0.10308435,0.00513,5.81,620.0,280.7085829,47.3279236
Kepler-996 b,Kepler-996,1,3.770590584,0.0474,1.98,4.58,0.17664377,0.0144,3.24,1272.0,291.9127633,41.5335891
Kepler-174 d,Kepler-174,3,247.35373,0.677,2.19,5.43,0.195,0.0171,2.84,212.0,287.4389454,43.8320052
Kepler-282 d,Kepler-282,4,24.806,0.15837,2.46,61.0,0.219,0.192,22.5,588.0,284.6772402,44.7976401
HD 219828 c,HD 219828,2,4789.87297,5.657,12.2,5102.41724598,1.09,16.054,15.4,149.17,349.6947029,18.6457524
Kepler-758 d,Kepler-758,4,20.4966197,0.1527,2.12,5.14,0.18913373,0.0162,2.96,843.0,293.0846115,41.1354049
K2-85 b,K2-85,1,0.68453862616,0.013,1.4,3.2,0.12489985,0.01006833,5.9,1355.0,59.464829,18.4649505
K2-3 d,K2-3,3,44.55603,0.2014,1.458,2.2,0.13007427,0.00692197,17.5,305.2,172.3353708,-1.4551364
Kepler-360 b,Kepler-360,2,3.289672,0.044,1.65,3.36,0.147,0.0106,4.11,1116.0,286.2847077,44.7815817
TOI-3664 b,TOI-3664,1,3.2974839,0.0431,13.69737442,114.41822652,1.222,0.36,0.248,1232.0,35.308494,59.7118568
Kepler-293 b,Kepler-293,2,19.254196,0.144,3.07,9.64,0.274,0.0303,1.83,657.0,286.3580611,42.4064917
HD 135625 b,HD 135625,1,4055.0,5.4,13.3,731.0053361,1.19,2.3,1.71,146.04,229.4511514,-45.9225871
K2-419 A b,K2-419 A,1,20.35847252,0.1208,10.55,196.0,0.941,0.617,0.916,377.0,135.0194934,13.2737056
HD 126105 b,HD 126105,1,524.0,1.36,13.5,530.77343969,1.2,1.67,1.19,413.6,216.0016789,-19.801096
TOI-756 b,TOI-756,2,1.2392495,0.018,2.81,9.83,0.25069184,0.03092864,2.42,934.0,192.103738,-45.4704709
TOI-4794 b,TOI-4794,1,3.5658116,0.0492,14.35870428,308.29355479,1.281,0.97,0.57,1673.0,110.4835517,-12.5654781
HD 52265 b,HD 52265,1,119.27,0.52,13.7,384.5743,1.22,1.21,0.822,405.0,105.0746449,-5.3668142
Kepler-974 b,Kepler-974,2,4.194496514,0.0419,1.57,3.09,0.14006602,0.00972,4.39,577.0,285.0131082,40.2209547
Kepler-1008 b,Kepler-1008,1,12.43931193,0.09755,1.28,2.18,0.11419395,0.00687,5.71,627.0,296.5476395,44.9418307
Kepler-1373 b,Kepler-1373,1,1.29123275,0.02598,1.16,1.65,0.10348827,0.00521,5.81,1887.0,285.7520229,39.2491731
Kepler-172 e,Kepler-172,4,35.118736,0.211,2.76,8.05,0.246,0.0253,2.1,550.0,283.3684093,41.821839
TOI-2338 b,TOI-2338,1,22.65398,0.158,11.2089807,1900.61387386,1.0,5.98,7.42,799.0,81.3445824,-34.6682491
Kepler-275 d,Kepler-275,3,35.676062,0.224,3.33,11.1,0.297,0.0348,1.65,671.0,292.4797004,38.5149018
Kepler-305 e,Kepler-305,4,3.20538,0.04017,1.7938153,3.87,0.16003348,0.0122,3.68,1000.0,299.2242557,40.343167
TOI-2133 b,TOI-2133,1,3.8266472,0.041,2.37,6.21,0.2114376,0.0195,2.56,798.0,261.2438308,32.7983974
K2-188 b,K2-188,2,1.742169,0.0289,1.35,2.39,0.12043893,0.00752,5.34,1692.0,129.8137008,23.3574367
Kepler-32 d,Kepler-32,5,22.7802,0.13,2.7,39.9089,0.24087787,0.12556744,0.52,328.0,297.8423073,46.5743595
Qatar-3 b,Qatar-3,1,2.5079204,0.03783,12.285064,1369.8473,1.096,4.31,4.0,1681.0,359.1519716,36.2129562
Kepler-1787 b,Kepler-1787,1,39.31370163,0.227,2.31898181,5.99,0.20688606,0.0188,2.64,540.0,289.0643042,47.1174041
GJ 849 c,GJ 849,2,5990.0,4.95,13.8,314.65012293,1.23,0.99,0.658,50.41,332.4229938,-4.6408317
Kepler-231 c,Kepler-231,2,19.271566,0.114,1.93,24.1,0.172,0.076,0.97,393.0,293.9733913,50.531846
HD 153557 b,HD 153557,3,7.29903,0.068,4.77,20.34101805,0.425,0.064,1.03,772.12,254.4706516,47.3678558
Kepler-1939 b,Kepler-1939,1,2.790659904,0.0334,1.16480773,1.68,0.10391736,0.00528,5.84,816.0,285.6899312,40.9946659
Kepler-1170 b,Kepler-1170,1,9.98969327,0.088,2.41,6.39,0.2150058,0.0201,2.51,705.0,292.1685422,43.7795963
Kepler-245 e,Kepler-245,4,3.219821056,0.04053,1.75,1806.36,0.15612454,5.68344415,902.0,998.0,291.6389972,42.4363482
HD 128356 b,HD 128356,1,298.2,0.87,13.9,282.8687,1.24,0.89,0.579,232.36,219.2702793,-25.8031728
Kepler-487 c,Kepler-487,3,38.6519976,0.21864,2.68,7.65,0.23909359,0.0241,2.18,487.0,295.2872318,41.2220033
Kepler-157 b,Kepler-157,3,1.732342,0.028,1.32,2.3,0.118,0.00724,5.5,1546.0,291.0972257,38.8756049
HD 20794 e,HD 20794,4,147.02,0.509,2.03,4.77,0.181,0.01500802,3.13,352.04,49.9997666,-43.0666533
Kepler-40 b,Kepler-40,1,6.87349,0.08,13.11,699.2,1.17,2.2,1.68,1620.0,296.8136883,47.5265446
Kepler-621 b,Kepler-621,1,2.628113746,0.031,2.3,5.9,0.20519226,0.0186,2.66,737.0,290.927245,39.9141166
Kepler-323 b,Kepler-323,2,1.678328,0.02778,1.381,3.9,0.12320478,0.01227077,8.2,1838.0,291.3822988,38.1274595
TOI-6651 b,TOI-6651,1,5.056973,0.0633,5.09,61.0,0.45410017,0.19192746,2.52,1493.0,15.7885904,35.3890405
TOI-908 b,TOI-908,1,3.183792,0.041657,3.186,16.137,0.28423637,0.05077268,2.742,1317.0,53.1594266,-81.250745
Kepler-1582 b,Kepler-1582,1,4.83817712,0.0316,1.49,2.83,0.1329289,0.00889,4.7,354.0,289.3765441,41.1580845
HD 177565 b,HD 177565,1,44.505,0.246,4.0,15.1,0.357,0.04750967,1.3,539.21,286.7175787,-37.8122394
WASP-90 b,WASP-90,1,3.916243,0.0562,18.27067,200.2329,1.63,0.63,0.193,1840.0,315.5319489,7.0562793
HD 211810 b,HD 211810,1,1558.0,2.656,14.0,212.9461,1.25,0.67,0.426,177.77,334.5286724,61.1349912
K2-133 d,K2-133,4,11.02454,0.07487,2.003,4.67,0.17869569,0.0147,3.19,734.0,70.1493775,25.0098135
GJ 96 b,GJ 96,1,73.94,0.291,4.67,19.66,0.417,0.06185697,1.06,257.81,35.5624031,47.8802075
Kepler-512 b,Kepler-512,1,34.43587975,0.21395,2.69,7.7,0.23998573,0.0242,2.17,652.0,298.2689217,48.9167391
K2-138 b,K2-138,6,2.35309,0.03385,1.51,3.1,0.13471318,0.00975364,4.9,1157.0,348.9490311,-10.8497391
HD 191939 e,HD 191939,6,101.12,0.407,13.0,112.2,1.16,0.35302068,0.281,390.0,302.0256247,66.8503014
Kepler-298 c,Kepler-298,3,22.92881,0.136,1.93,4.38,0.172,0.0138,3.35,416.0,283.0398448,48.8253303
GJ 896 A b,GJ 896 A,1,284.39,0.63965,13.3,718.29219982,1.19,2.26,1.68,126.7,352.9700384,19.9370011
HD 72490 b,HD 72490,1,858.0,1.88,13.5,561.92344,1.2,1.768,1.26,386.45,128.4028287,13.5507189
K2-63 b,K2-63,2,20.257,0.1627,3.22,10.5,0.28726916,0.0329,1.73,1033.44,333.4267738,-12.0663429
GJ 433 c,GJ 433,3,5094.105,4.819,6.27,32.422,0.56,0.10201051,0.723,53.76,173.8619194,-32.5436302
HD 12661 c,HD 12661,2,1708.0,2.8145,13.2,899.45439181,1.18,2.83,2.15,174.06,31.1423525,25.4135632
KOI-351 g,KOI-351,8,210.73514,0.71704,7.718,15.0,0.68855503,0.04719528,0.272128,342.0,284.4334642,49.3051239
Kepler-1931 b,Kepler-1931,1,38.5760994,0.23329,2.65323514,7.53,0.23670619,0.0237,2.22,619.0,290.8723061,43.3330104
TOI-519 b,TOI-519,1,1.2652328,0.0159,11.54525012,147.15455244,1.03,0.463,0.56,687.0,124.6067582,-19.6627918
Kepler-287 c,Kepler-287,2,44.851896,0.246,3.26,66.0,0.291,0.20765922,15.4,513.0,290.9274282,48.4434588
TOI-2578 b,TOI-2578,1,3.4579667,0.0495,19.66055215,167.17774208,1.754,0.526,0.121,1778.0,68.0521023,52.2526547
Kepler-1067 b,Kepler-1067,2,0.762129261,0.0164,0.8,0.437,0.07137122,0.00137,4.69,1872.0,285.3873706,45.0490265
Kepler-1753 b,Kepler-1753,1,16.00460052,0.1179,2.22678077,5.59,0.19866042,0.0176,2.78,583.0,288.236664,46.6058744
Kepler-570 b,Kepler-570,1,4.301662003,0.0497,2.45,6.57,0.21857436,0.0207,2.45,1009.0,290.4376111,48.7918597
Kepler-1049 b,Kepler-1049,1,3.273460736,0.0349,0.95,0.809,0.08475332,0.00254,5.18,625.0,287.3469567,47.7729078
Kepler-663 b,Kepler-663,1,4.99678284,0.0559,2.6,7.27,0.23195646,0.0229,2.27,917.0,297.8082232,47.9466342
TOI-2498 b,TOI-2498,1,3.738252,0.0491,6.06,34.62,0.54063792,0.1089267,0.86,1443.0,95.4162204,11.2516477
CoRoT-30 b,CoRoT-30,1,9.06005,0.0844,11.309881,921.707,1.009,2.9,3.45,894.6,277.6011767,6.8359338
WASP-98 b,WASP-98,1,2.96264036,0.03762,12.823096,293.03926,1.144,0.922,0.764,1171.0,58.4290113,-34.3282716
Kepler-10 c,Kepler-10,3,45.294301,0.241,2.355,11.29,0.21009939,0.03552231,4.75,579.0,285.679298,50.2414842
Kepler-337 b,Kepler-337,2,3.292781,0.045,1.54,2.99,0.137,0.0094,4.5,1458.0,290.0605123,47.1639533
Kepler-108 b,Kepler-108,2,49.183921,0.292,8.65,56.0,0.772,0.176,0.475,669.0,294.5589885,46.0623952
Kepler-707 b,Kepler-707,1,2.237492751,0.0325,1.33,2.33,0.11865465,0.00733,5.44,1160.0,290.007564,42.1164698
Kepler-284 b,Kepler-284,2,12.699149,0.104,2.24,5.65,0.2,0.0178,2.76,686.0,293.1465698,47.7297053
Kepler-135 c,Kepler-135,2,11.448708,0.103,1.16,1.65,0.103,0.00521,5.81,975.0,290.4950939,38.7954956
GJ 3634 b,GJ 3634,1,2.64561,0.0287,2.83,8.4,0.253,0.026,2.04,656.45,164.6433493,-31.1443383
Kepler-950 b,Kepler-950,1,98.7180406,0.3982,8.98,59.6,0.80114194,0.188,0.452,360.0,287.9565768,41.1302834
HD 73526 b,HD 73526,2,188.3,0.65,13.1,978.9164,1.17,3.08,2.39,414.37,129.318331,-41.3184231
Kepler-102 d,Kepler-102,5,10.311767,0.08618,1.154,3.0,0.10295316,0.00943906,10.7,686.0,281.4824731,47.2078263
Kepler-959 b,Kepler-959,1,14.80074836,0.1633,4.38,17.6,0.39075743,0.0555,1.15,1912.0,292.171185,40.8113849
K2-243 b,K2-243,2,11.54182,0.1087,2.17,5.35,0.19359443,0.0168,2.88,1035.0,181.1211419,-4.8991358
K2-133 c,K2-133,4,4.86784,0.04341,1.603,3.2,0.14301008,0.0101,4.27,570.6,70.1493775,25.0098135
Kepler-1310 b,Kepler-1310,1,0.679336272,0.01452,1.44,2.67,0.1284682,0.00839,4.91,1883.0,283.9200236,40.7400419
HIP 74890 b,HIP 74890,1,822.3,2.1,13.3,762.792,1.18,2.4,1.78,387.66,229.5714974,-41.4210961
GJ 15 A c,GJ 15 A,2,7600.0,5.4,6.67,36.0,0.595,0.1132681,0.667,46.14,4.6126677,44.0247296
Kepler-1509 b,Kepler-1509,1,25.4338197,0.1707,1.85,4.08,0.16504595,0.0128,3.54,667.0,283.7977792,46.9310139
Kepler-749 b,Kepler-749,1,17.31716585,0.1054,3.1,9.8,0.27656348,0.0308,1.81,454.0,299.8973341,43.9040667
HD 102329 b,HD 102329,2,778.09998,1.81,12.6,2593.4928,1.12,8.16,7.12,532.95,176.6941567,3.4742143
TOI-1194 b,TOI-1194,1,2.3106446,0.034,8.71664516,120.0,0.77764833,0.37756222,0.99,1264.29,167.8214811,69.9647749
Barnard d,Barnard's star,4,2.3402,0.0188,0.694,0.263,0.062,0.00082749,4.32,483.0,269.4486144,4.7379808
Kepler-1951 b,Kepler-1951,1,20.65780067,0.1435,2.32107188,6.0,0.20707252,0.0189,2.64,728.0,290.4999139,40.2877161
GJ 180 b,GJ 180,3,17.133,0.092,2.43,6.49,0.217,0.02041972,2.49,344.43,73.460097,-17.776194
Kepler-389 b,Kepler-389,2,3.244107,0.041,1.51,2.89,0.135,0.00909,4.61,1047.0,291.9600082,44.9000587
HD 20794 d,HD 20794,4,89.68,0.3625,2.04,4.8,0.182,0.015,3.11,388.0,49.9997666,-43.0666533
TOI-837 b,TOI-837,1,8.3249113,0.0888,9.16894621,120.45696625,0.818,0.379,0.89,995.3,157.0372806,-64.5052107
Kepler-1877 b,Kepler-1877,1,2.377569914,0.03472,0.624086,0.179,0.05567732,0.000564,4.05,1278.0,294.866924,46.7904816
Kepler-543 b,Kepler-543,1,13.89961966,0.1023,2.5,6.8,0.22303506,0.0214,2.39,521.0,287.2187273,38.8625366
HD 74698 b,HD 74698,2,15.017,0.121,5.12,23.0,0.457,0.07,0.942,925.57,130.0744755,-71.8768726
Kepler-152 c,Kepler-152,2,88.255055,0.356,2.39,6.3,0.213,0.0198,2.54,326.0,286.8653826,41.9889571
Gliese 12 b,Gliese 12,1,12.761418,0.067,0.93,0.95,0.08296919,0.00298903,6.4,314.6,3.9579137,13.5576175
Kepler-266 c,Kepler-266,2,107.723601,0.457,3.89,14.4,0.347,0.0453,1.34,421.0,294.4843821,44.1669355
TOI-6130 b,TOI-6130,1,2.392679,0.036,14.3474953,333.71982735,1.28,1.05,0.64,1750.0,339.2050832,16.8271941
rho CrB b,rho CrB,3,39.849,0.2245,13.7,347.995,1.23,1.09491472,0.744,614.0,240.2600639,33.3001861
Kepler-1531 b,Kepler-1531,1,1.138543376,0.02204,1.11,1.41,0.09902757,0.00444,5.67,2537.0,285.146622,39.3708055
K2-12 b,K2-12,1,8.28246,0.0792,2.44,5.2,0.21768259,0.01636103,1.6,1026.0,173.1919022,2.2446794
GJ 581 b,GJ 581,3,5.3686,0.0399,4.79,20.5,0.427,0.06450021,1.02,464.32,229.8564725,-7.7226935
Kepler-84 c,Kepler-84,5,12.883,0.1072,2.36,20.2,0.211,0.064,8.44,865.0,298.2520208,40.4960842
TOI-5210 b,TOI-5210,1,4.5661061,0.0557,10.72699453,81.99972901,0.957,0.258,0.364,1286.0,314.316923,21.9502055
NGTS-30 b,NGTS-30,1,98.29838,0.408,10.40193409,305.11527072,0.928,0.96,1.49,500.0,173.714867,-24.6054801
K2-413 c,K2-413,2,5.3301,0.0426,1.2327,2.05,0.10997432,0.00644,6.01,804.55,353.4175668,-7.6120272
CoRoT-16 b,CoRoT-16,1,5.35227,0.0618,13.11,170.032,1.17,0.535,0.44,1195.53,278.5246658,-6.0026026
HD 94890 b,HD 94890,2,824.61,2.07,13.3,676.97450691,1.19,2.13,1.58,533.83,164.1797804,-37.1383035
TOI-1533 b,TOI-1533,2,3.6457974,0.0445,2.89,28.1,0.25782897,0.08841249,6.5,1011.0,355.2467209,57.4852417
HD 31253 b,HD 31253,1,466.0,1.26,14.1,197.0546,1.26,0.62,0.386,348.36,73.6822877,12.3520103
HD 208527 b,HD 208527,1,875.5,2.1,12.5,3146.4,1.11,9.9,8.85,959.79,329.0999413,21.239922
Kepler-326 b,Kepler-326,3,2.248329,0.032,1.52,44.6,0.136,0.14,69.8,1127.0,294.3255898,46.0022646
HD 153557 d,HD 153557,3,40654.64809,21.449,11.9,8725.66108578,1.06,27.454,28.5,43.47,254.4706516,47.3678558
Kepler-1573 b,Kepler-1573,1,2.6157554,0.0364,1.2,1.87,0.10705683,0.00588,5.95,1379.0,292.9883129,49.4849664
HD 70642 b,HD 70642,1,2124.54,3.318,13.0,1239.5307873,1.16,3.9,3.1,150.52,125.3661079,-39.7044432
Kepler-175 b,Kepler-175,2,11.903515,0.105,2.56,7.08,0.228,0.0223,2.32,827.0,289.553232,43.876116
Kepler-375 c,Kepler-375,2,19.986326,0.141,2.65,7.51,0.236,0.0236,2.22,720.0,288.6178715,48.0983639
GJ 3998 d,GJ 3998,3,41.78,0.189,2.34,6.07,0.209,0.01909836,2.6,292.23,259.0020507,11.0561751
HD 39194 c,HD 39194,3,14.0309,0.1083,2.65,7.49,0.236,0.02356618,2.21,675.19,86.129071,-70.1382377
Kepler-1044 b,Kepler-1044,1,6.77408868,0.0741,2.67,7.61,0.23820145,0.0239,2.2,1058.0,293.1444017,46.6662155
K2-189 c,K2-189,2,6.67932,0.068,2.31,5.95,0.20608475,0.0187,2.65,877.0,203.6214411,-15.0365158
HD 205158 b,HD 205158,1,25.33798,0.177,13.9,124.58873554,1.24,0.392,0.255,963.25,323.9186227,-59.6933144
Kepler-1714 b,Kepler-1714,1,10.27530003,0.10549,3.26437302,10.7,0.29122836,0.0337,1.69,1211.0,293.7164655,46.2266878
HD 219134 h,HD 219134,6,2247.0,3.11,12.7,108.0622,1.14,0.34,0.29,117.88,348.3372026,57.1696255
TOI-470 b,TOI-470,1,12.19148,0.119,4.34,17.4,0.38718953,0.0546,1.17,660.0,94.0099043,-25.0314111
Kepler-1241 b,Kepler-1241,1,18.5525701,0.1336,2.63,7.41,0.23463288,0.0233,2.24,612.0,294.5762033,38.4569588
Kepler-164 b,Kepler-164,4,5.03503,0.058,1.41,2.57,0.126,0.00809,5.04,1141.0,287.7808115,47.6298453
WASP-116 b,WASP-116,1,6.6132,0.065,13.67495645,203.41018048,1.22,0.64,0.43,1414.0,35.2157609,-1.8260419
TOI-1898 b,TOI-1898,1,45.52234,0.269,9.39553231,129.0,0.83821469,0.40587939,0.85,674.54,144.5553,23.5467464
Kepler-1820 b,Kepler-1820,1,31.03249931,0.1964,3.11883067,9.9,0.27824391,0.0312,1.79,561.0,296.71274,48.2722828
HIP 8152 b,HIP 8152,2,10.751014,0.093,2.53625843,8.9,0.22627021,0.02800253,2.97,794.96,26.2092533,-18.4013844
Kepler-1722 b,Kepler-1722,1,9.178569794,0.0819,2.86719266,8.58,0.25579424,0.027,2.0,753.0,296.6627402,41.2611985
TOI-1937 A b,TOI-1937 A,1,0.94667944,0.01932,13.97759893,638.83509807,1.247,2.01,1.28,2097.0,116.3707214,-52.3832587
Kepler-1388 d,Kepler-1388,4,20.9568158,0.126,2.86,8.55,0.25515211,0.0269,2.01,363.0,283.3360156,47.1744499
Kepler-1130 c,Kepler-1130,3,3.266639948,0.04238,0.79239584,0.422,0.07069294,0.00133,4.66,1072.0,285.207421,45.384333
Kepler-114 b,Kepler-114,3,5.188549,0.053,1.26,1.09,0.112,0.00342952,2.53,586.0,294.121482,48.3497977
HD 20782 b,HD 20782,5,597.0643,1.3649,13.6,472.83,1.21,1.4878,1.03,253.34,50.0166232,-28.8543535
Kepler-410 A b,Kepler-410 A,1,17.833648,0.1226,2.838,8.44,0.253,0.0265,2.03,866.0,283.1510448,45.1400838
Kepler-254 b,Kepler-254,3,5.826662,0.064,3.87,14.3,0.345,0.0449,1.36,1013.0,288.1646541,45.8164257
Kepler-1113 b,Kepler-1113,1,42.3004954,0.2415,2.81,8.3,0.25069141,0.0261,2.06,558.0,289.4066969,39.338813
Kepler-841 b,Kepler-841,1,124.4198398,0.479,5.23,23.8,0.46658935,0.0749,0.914,416.0,284.2513637,48.8095962
Kepler-331 b,Kepler-331,3,8.457496,0.065,1.82,3.97,0.162,0.0125,3.62,540.0,291.8343455,39.3073462
Kepler-25 d,Kepler-25,3,122.4,0.4164221832,10.0,71.9,0.894,0.226,0.395,544.68,286.6383905,39.4879038
Kepler-1792 b,Kepler-1792,1,4.1957798,0.0488,2.51990972,6.89,0.22481167,0.0217,2.37,1047.0,294.8400788,39.0859757
HD 136418 b,HD 136418,1,464.29999,1.29,13.3,680.1562,1.19,2.14,1.59,411.81,229.7756438,41.732423
Kepler-1485 b,Kepler-1485,1,19.9157725,0.14732,1.47,2.76,0.13114462,0.00869,4.77,728.0,298.0954404,44.7370612
HD 16417 b,HD 16417,1,17.24,0.14,5.0,22.1,0.446,0.0696,0.972,964.0,39.2441029,-34.5790905
Kepler-142 b,Kepler-142,3,2.024152,0.032,1.99,4.62,0.178,0.0145,3.22,1597.0,295.1190067,48.4813635
TOI-1288 c,TOI-1288,2,416.0,1.07,11.1,85.7,0.992,0.26964235,0.344,245.88,313.1670294,65.6087833
Kepler-103 b,Kepler-103,2,15.9653287,0.133,3.4857,11.67,0.31097386,0.03671793,1.52,973.0,288.9845512,40.0644857
Kepler-1415 b,Kepler-1415,1,0.63642408,0.01416,1.29,2.21,0.11508609,0.00696,5.66,1846.0,285.1568015,47.8732512
GJ 1002 c,GJ 1002,2,21.202,0.0738,1.1,1.36,0.098,0.00427904,5.61,181.7,1.6764641,-7.5462123
Kepler-662 b,Kepler-662,1,21.67697486,0.1408,2.18,5.39,0.19448657,0.017,2.86,530.0,290.4650801,47.9291252
TOI-1235 b,TOI-1235,1,3.444714,0.03845,1.69,6.69,0.15077196,0.02104909,7.25,775.0,152.2182549,69.2766204
HD 68475 b,HD 68475,1,7832.0,7.27,12.8,1639.99458012,1.15,5.16,4.3,79.88,122.7192621,-42.8128841
TOI-663 d,TOI-663,3,7.1027268,0.0576,1.92,5.2,0.17129122,0.01636103,4.0,482.0,160.0658525,-8.5110827
Kepler-754 b,Kepler-754,1,14.5596237,0.116,2.01,4.7,0.17932019,0.0148,3.18,758.0,293.2541121,37.8461519
HD 207897 b,HD 207897,1,16.20166,0.117,2.34302132,14.8,0.20903072,0.04656601,6.29,581.75,325.2016451,84.3337613
Kepler-1667 b,Kepler-1667,1,83.5781,0.35905,2.98385261,9.19,0.2662015,0.0289,1.9,655.0,283.5329505,48.0943604
TOI-905 b,TOI-905,1,3.739494,0.04666,13.125739,211.99261,1.171,0.667,0.515,1192.0,227.6586754,-71.3616316
Kepler-1468 d,Kepler-1468,3,19.59059906,0.1456,3.33187146,11.1,0.29725017,0.0349,1.65,819.0,293.5198289,41.2773671
TOI-2267 c,TOI-2267 A,3,3.4950412,0.0263,1.14,1.55,0.10170416,0.00489,5.75,374.0,65.0614963,84.9008238
TOI-2000 c,TOI-2000,2,9.127055,0.0878,8.14,81.7,0.727,0.257,0.829,1038.0,146.3970631,-66.6866307
TOI-1333 b,TOI-1333,1,4.720219,0.0626,15.647764,753.2571,1.396,2.37,1.08,1679.0,325.0145363,48.4067674
HD 75898 b,HD 75898,2,422.82,1.2025,13.2,810.46243785,1.18,2.55,1.94,335.16,133.4611999,33.0566885
Kepler-275 c,Kepler-275,3,16.088134,0.132,3.38,11.4,0.302,0.0357,1.62,875.0,292.4797004,38.5149018
Kepler-1459 b,Kepler-1459,1,62.8691611,0.2829,1.36,2.42,0.12133107,0.00761,5.29,349.0,282.4229401,46.0139761
BD-210397 c,BD-210397,2,6240.0,5.9,12.9,1525.5763536,1.15,4.8,3.91,69.51,33.3024198,-21.1962147
Kepler-671 b,Kepler-671,1,4.280958588,0.0503,2.69,7.7,0.23998573,0.0242,2.17,1012.0,294.2657519,49.3140933
Kepler-519 b,Kepler-519,1,24.3078946,0.15932,2.1,5.06,0.18734945,0.0159,3.0,532.0,299.3196708,41.3847447
HD 1397 b,HD 1397,1,11.53533,0.1097,11.500434,131.89945,1.026,0.415,0.477,1228.3,4.4471631,-66.3589285
Kepler-320 b,Kepler-320,2,8.371554,0.085,1.14,1.55,0.102,0.00489,5.75,1292.0,293.2135155,46.1751457
Kepler-1769 b,Kepler-1769,1,89.1934967,0.40598,4.465,18.2,0.39834131,0.0573,1.12,483.0,294.7433755,43.4611633
Kepler-1726 b,Kepler-1726,1,18.39629936,0.12794,2.50861954,6.84,0.22380443,0.0215,2.38,582.0,284.3861498,45.7197342
HD 42618 b,HD 42618,1,149.61,0.554,3.89,14.4,0.347,0.04530724,1.34,337.0,93.0032173,6.7819742
GJ 338 B b,GJ 338 B,1,24.422,0.142,3.25,10.6,0.29,0.03335133,1.7,391.0,138.5916722,52.6835211
K2-183 c,K2-183,3,10.787992,0.0932,2.3,5.9,0.20519261,0.0186,2.66,787.0,125.007177,14.0194586
Kepler-1772 b,Kepler-1772,1,3.215090036,0.04391,2.68609988,7.68,0.23963819,0.0242,2.18,1155.0,289.4381201,39.2703594
Kepler-1396 b,Kepler-1396,1,18.2206421,0.1406,2.07,4.94,0.18467303,0.0155,3.06,786.0,294.3363936,44.9182296
Kepler-1165 c,Kepler-1165,2,29.96870041,0.1969,3.36093385,11.2,0.29984295,0.0354,1.62,644.0,286.9712284,44.7082669
NGTS-21 b,NGTS-21,1,1.5433897,0.0236,14.90794433,750.07504052,1.33,2.36,1.25,1357.0,311.2583112,-35.4278412
Kepler-1519 b,Kepler-1519,1,240.7989397,0.7655,7.06,39.6,0.62985101,0.125,0.618,342.0,296.6679448,49.4617774
Kepler-338 d,Kepler-338,4,44.431014,0.257,3.0,9.27,0.268,0.0292,1.89,680.0,282.9790593,40.7844188
Kepler-121 c,Kepler-121,2,41.008011,0.216,2.27,5.77,0.203,0.0182,2.71,425.0,286.1621273,39.6780204
K2-154 c,K2-154,2,7.95486,0.0677,2.07,4.94,0.18467303,0.0155,3.06,552.0,189.0015173,-2.6696217
Kepler-262 b,Kepler-262,2,13.060855,0.108,1.36,2.42,0.121,0.00761,5.29,734.0,290.7287168,37.2526575
WASP-11 b,WASP-11,1,3.72247,0.0435,12.44199,251.0857,1.11,0.79,0.632,992.0,47.3689472,30.6733817
TOI-2211.01,TOI-2211,1,3.092686757,0.04011,1.561,3.06,0.13926333,0.00962,4.42,1056.92,308.5390859,-29.6726127
Kepler-1821 b,Kepler-1821,1,16.45809937,0.1244,2.59248115,7.24,0.23128608,0.0228,2.28,644.0,294.5254573,49.872484
Kepler-124 b,Kepler-124,3,3.410493,0.039,0.73,0.315,0.065,0.00099,4.45,892.0,286.7527322,49.0648788
Kepler-380 b,Kepler-380,2,3.930821,0.05,1.19,1.81,0.106,0.0057,5.9,1317.0,282.3947017,48.7591334
Kepler-1259 b,Kepler-1259,1,0.663085258,0.0141,1.43,2.63,0.12757605,0.00829,4.94,1681.0,297.8414628,46.9676288
Kepler-156 c,Kepler-156,2,15.906801,0.117,2.55,7.04,0.227,0.0221,2.33,588.0,290.2964214,37.7494271
Kepler-406 b,Kepler-406,2,2.42629,0.03599,1.43,6.35,0.1276,0.02,11.82,1302.0,291.8481764,44.9682807
HD 18143 b,HD 18143,2,10.2851,0.088,3.28,10.80616584,0.293,0.034,1.68,769.92,43.9140248,26.8723829
Kepler-286 e,Kepler-286,4,29.221289,0.176,1.77,3.78,0.158,0.0119,3.75,539.0,290.6761874,48.2942362
HD 82886 b,HD 82886,1,705.0,1.58,13.3,740.5439,1.19,2.33,1.73,435.78,143.9383526,34.7805902
CoRoT-11 b,CoRoT-11,1,2.99433,0.0436,16.03,740.51,1.43,2.33,0.99,1657.0,280.6872998,5.9376586
HD 154857 b,HD 154857,2,408.60001,1.29,13.3,778.6835,1.18,2.45,1.82,359.86,257.816194,-56.681038
Kepler-624 b,Kepler-624,1,14.58649607,0.11638,2.31,5.95,0.2060844,0.0187,2.65,852.0,295.1933631,39.5396946
Kepler-1530 c,Kepler-1530,3,5.3227406,0.05744,1.65,3.36,0.14720314,0.0106,4.11,1167.0,288.1624396,48.165153
TOI-5349 b,TOI-5349,1,3.317921,0.0369,10.2,127.4,0.91,0.4,0.66,719.0,52.7125703,20.8796279
HD 108202 b,HD 108202,1,2990.0,3.7,13.1,953.485221,1.17,3.0,2.33,93.04,186.4613189,-1.1109233
K2-321 b,K2-321,1,2.2979749,0.02839,2.05124347,4.86,0.183,0.0153,3.09,830.0,156.4054989,2.5138829
Kepler-14 b,Kepler-14,1,6.790123,0.0771,12.733,2669.66,1.136,8.4,7.1,1605.0,287.708814,47.33305
Kepler-448 c,KOI-12,2,2500.0,4.2,12.0,6992.26,1.07,22.0,22.2,184.72,297.4537402,41.0110188
Kepler-1047 c,Kepler-1047,2,3.18897601,0.04413,0.99,0.937,0.08832188,0.00295,5.31,1309.0,288.6462564,50.7889645
TOI-1294 c,TOI-1294,2,159.9,0.61,14.3,147.0,1.27,0.46251372,0.276,440.45,223.0926408,70.4765573
BD+49 828 b,BD+49 828,1,2590.0,4.2,13.5,508.5,1.21,1.6,1.14,320.63,45.6406187,49.7299481
TOI-1117 b,TOI-1117,3,2.22816,0.033,2.46,8.9,0.21946688,0.02800253,3.3,1538.0,273.6020606,-66.4199742
TOI-4406 b,TOI-4406,1,30.08364,0.201,11.2089807,95.3485221,1.0,0.3,0.372,904.0,18.0485164,-56.9253875
HD 108147 b,HD 108147,1,10.8985,0.102,10.9,82.95,0.973,0.261,0.352,890.0,186.4409852,-64.0223492
Kepler-1430 b,Kepler-1430,1,2.46050993,0.0304,1.18,1.76,0.10527255,0.00553,5.89,969.0,289.6975391,43.3719581
Kepler-1388 e,Kepler-1388,4,37.6327084,0.1861,2.46,6.62,0.2194665,0.0208,2.44,299.0,283.3360156,47.1744499
TOI-2322 b,TOI-2322,2,11.30717,0.0924,0.994,2.31,0.08867889,0.00726807,12.75,603.1,116.9731027,-71.0019671
Kepler-1311 b,Kepler-1311,3,11.1726994,0.10082,1.24,2.07,0.11062539,0.00651,5.97,1019.0,289.6512597,43.8244445
CoRoT-6 b,CoRoT-6,1,8.886593,0.0855,13.068,940.74,1.166,2.96,2.32,1017.0,281.0725563,6.6632062
K2-58 c,K2-58,3,2.53726,0.035,1.62,3.26,0.14452672,0.0102,4.21,1293.86,333.8218395,-14.049857
K2-182 b,K2-182,1,4.7369696,0.05174,2.71257333,20.97667486,0.242,0.066,5.7,965.8,130.180046,10.9829509
Kepler-1991 c,Kepler-1991,2,22.79020351,0.1528,2.57,7.13,0.22928044,0.0224,2.31,634.0,285.0360506,45.0709909
TOI-2345 c,TOI-2345,2,21.064302,0.1257,2.451,7.27,0.21866395,0.02287398,2.71,544.0,43.884794,-34.9779745
Kepler-126 d,Kepler-126,3,100.283134,0.448,2.5,54.59018723,0.223,0.17175992,18.398878,475.0,289.3473634,44.2084445
HD 145377 b,HD 145377,1,103.95,0.45,12.8,1913.3366,1.14,6.02,5.01,442.98,242.9019658,-27.0781199
Kepler-445 c,Kepler-445,3,4.871229,0.0301,2.51,6.85,0.22,0.0215,2.38,341.0,298.7363395,46.4991236
HD 25912 c,HD 25912,2,26308.65619,17.848,12.2,5252.75008249,1.09,16.527,15.9,67.44,60.9074988,-51.9315058
Kepler-1635 b,Kepler-1635,1,469.63111,1.12664,3.64,12.9,0.32473905,0.0405,1.47,200.0,285.3490542,45.5561768
Kepler-1709 b,Kepler-1709,1,65.70459747,0.32704,3.12424875,9.93,0.27872728,0.0312,1.79,472.0,283.3748873,43.7883708
Kepler-611 b,Kepler-611,1,2.437033302,0.0351,1.65,3.36,0.14720314,0.0106,4.11,1513.0,286.0049121,45.4803043
Kepler-1904 b,Kepler-1904,1,4.577020168,0.0436,1.3904994,2.51,0.12405226,0.00791,5.13,567.0,288.8744026,51.1542215
Kepler-473 b,Kepler-473,1,14.55731705,0.12048,4.08,15.6,0.36399322,0.0492,1.26,879.0,286.6300796,38.9455907
Kepler-1061 b,Kepler-1061,1,2.757982666,0.0388,1.98,4.58,0.17664377,0.0144,3.24,1332.0,296.2300306,50.2752091
Kepler-9 d,Kepler-9,3,1.592851,0.0273,1.64,8.41466053,0.146,0.026473,13.547166,2026.0,285.5739904,38.4008192
DMPP-6 b,DMPP-6,2,7.6027,0.0779,2.28,5.8,0.203,0.01824884,2.69,1203.65,120.3857827,-70.0234291
TOI-7510 d,TOI-7510,3,48.864468,0.2672,10.52,190.0,0.939,0.597,0.89,542.4,273.728188,-54.4340547
HD 83443 c,HD 83443,2,8241.0,8.0,13.6,476.7426105,1.21,1.5,1.04,89.95,144.2994103,-43.272721
Kepler-802 b,Kepler-802,1,40.0587473,0.2265,3.54,12.3,0.31581765,0.0386,1.52,489.0,286.0157998,45.0077413
Kepler-865 c,Kepler-865,2,6.20920207,0.061,0.89,0.64,0.07940062,0.00201,4.99,914.0,297.7242257,43.5272796
Kepler-316 b,Kepler-316,2,2.240508,0.027,1.06,1.2,0.095,0.00377,5.54,837.0,290.825835,44.1838993
Kepler-329 b,Kepler-329,2,7.416397,0.061,1.4,2.54,0.125,0.008,5.09,547.0,299.2681646,45.2272852
Kepler-1085 c,Kepler-1085,2,56.7771,0.29798,3.26817741,10.7,0.29156726,0.0337,1.68,491.0,287.4776359,46.1411685
Pr0211 c,Pr0211,2,4850.0,5.5,12.6,2475.8957,1.12,7.79,6.8,99.1,130.547744,19.276957
Kepler-1068 b,Kepler-1068,1,16.92344113,0.13038,3.63,12.8,0.32384691,0.0403,1.47,702.0,294.6481708,46.3923173
Kepler-1856 b,Kepler-1856,1,1.302000046,0.0215,1.73447868,3.66,0.15474009,0.0115,3.85,1344.0,295.9091695,51.3478777
Kepler-7 b,Kepler-7,1,4.8854892,0.06067,18.180998,140.16303,1.622,0.441,0.14,1630.0,288.5814928,41.0897335
Kepler-1799 b,Kepler-1799,1,11.9296999,0.1028,4.12801189,15.9,0.36827719,0.0501,1.24,770.0,288.3086994,51.4783348
K2-146 c,K2-146,2,4.00498,0.0327,2.19,7.49,0.19537871,0.02358,3.92,518.53,130.0266951,19.0923416
HIP 114933 b,HIP 114933,1,1481.6,2.84,13.4,616.58710958,1.2,1.94,1.41,316.81,349.2071949,-21.2033101
Kepler-1305 b,Kepler-1305,1,13.5630972,0.1109,1.88,4.19,0.16772237,0.0132,3.47,733.0,297.3394624,46.3472165
11 Com b,11 Com,1,323.21,1.178,12.2,4914.89848585,1.09,15.464,14.9,803.26,185.1787793,17.7932516
Kepler-1144 b,Kepler-1144,1,17.14647302,0.1291,1.99,4.62,0.17753591,0.0145,3.22,811.0,290.0432936,47.2578857
Kepler-1162 c,Kepler-1162,2,59.284064,0.2832,1.81,3.93,0.16147766,0.0124,3.64,401.0,283.2920273,45.4339813
HD 224693 b,HD 224693,1,26.6904,0.191,14.0,222.481,1.25,0.7,0.446,903.45,359.9749837,-22.4279999
Kepler-1088 b,Kepler-1088,1,23.12748644,0.16163,1.42,2.6,0.12668391,0.00819,4.99,667.0,281.5614578,42.4504087
Kepler-393 c,Kepler-393,2,14.613612,0.124,1.33,2.33,0.119,0.00733,5.44,901.0,290.995205,45.192188
HD 202772 A b,HD 202772 A,1,3.3088775,0.05208,18.2370116,323.54931833,1.627,1.018,0.293,2181.0,319.6995877,-26.6163743
Kepler-1597 b,Kepler-1597,1,2.94654179,0.04136,1.06,1.2,0.09456687,0.00377,5.54,1497.0,288.1639687,42.4810124
TOI-480 b,TOI-480,1,6.866196,0.077,2.85372018,20.8,0.2545923,0.06544412,4.91,1198.94,88.3784618,-16.2653974
Kepler-1560 b,Kepler-1560,1,3.03195744,0.04175,0.89,0.64,0.07940048,0.00201,4.99,1269.0,292.7846013,43.21601
Kepler-1440 b,Kepler-1440,1,39.859484,0.23431,1.26,2.13,0.11240967,0.00669,5.85,597.0,285.3469737,48.3122283
WASP-130 b,WASP-130,1,11.55098,0.1012,9.97601,390.9309,0.89,1.23,2.34,833.0,203.1060194,-42.4752733
HD 162020 b,HD 162020,1,8.4282,0.08,12.5,3127.4472,1.11,9.84,8.8,650.0,267.6599252,-40.3184646
WASP-157 b,WASP-157,1,3.951623,0.0499,11.19,182.43442,0.99830493,0.574,0.64,1193.0,201.6551525,-8.3176353
Kepler-188 b,Kepler-188,2,2.061897,0.032,1.68,3.46,0.15,0.0109,4.01,1463.0,281.2797173,44.3154743
HD 136352 b,HD 136352,3,11.57797,0.0964,1.664,4.72,0.14845239,0.01485078,5.623888,905.0,230.4401147,-48.3188174
Kepler-588 b,Kepler-588,1,4.221625357,0.052,2.63,7.41,0.23463288,0.0233,2.24,1176.0,284.2572531,47.6889081
HD 156279 b,HD 156279,2,133.40355,0.502,12.5,2997.75753482,1.12,9.432,8.43,361.73,258.0966686,63.3527828
Kepler-693 b,Kepler-693,1,15.37563332,0.1121,10.18,73.8,0.90819877,0.232,0.384,600.0,283.253527,40.3582155
Kepler-1380 b,Kepler-1380,1,10.3108245,0.0917,1.43,2.63,0.12757605,0.00829,4.94,786.0,288.1160421,42.4403832
Kepler-387 b,Kepler-387,2,6.791636,0.068,1.03,1.08,0.092,0.0034,5.43,994.0,287.7982699,45.6567655
K2-54 b,K2-54,1,9.7833,0.0761,2.6116925,7.33,0.233,0.0231,2.26,560.0,338.0541631,-17.5440636
Kepler-1126 c,Kepler-1126,2,199.66876,0.6193,1.45,2.7,0.12936056,0.00849,4.87,305.0,285.691955,45.6893993
K2-263 b,K2-263,1,50.819172,0.2573,2.513,15.4,0.22419523,0.04845382,5.650354,482.0,129.6821253,15.6806039
Kepler-1469 b,Kepler-1469,1,21.8635301,0.1466,2.8,8.25,0.24979927,0.0259,2.07,551.0,293.8213286,39.3913385
Kepler-462 b,Kepler-462,2,84.6866,0.4172,3.0,53.9,0.26764207,0.16958752,9.3,611.0,299.8211502,43.8142793
Kepler-1183 b,Kepler-1183,1,28.5057189,0.1793,2.82,8.35,0.25158355,0.0263,2.05,555.0,292.2324228,38.8921946
TOI-1443 b,TOI-1443,1,23.540678,0.147,2.30381001,30.0,0.20553252,0.09439056,14.0,520.66,297.398678,76.1391776
Kepler-1900 b,Kepler-1900,1,2.986229897,0.042,1.62314676,3.27,0.1448077,0.0103,4.2,1356.0,291.8863206,44.4790319
47 UMa d,47 UMa,3,14002.0,11.6,13.5,521.22,1.2,1.64,1.16,91.58,164.8647611,40.4304931
TOI-5624 b,TOI-5624,5,3.3903473,0.04201,2.314,9.4,0.20644161,0.02957571,4.0,1136.0,180.8443476,49.2512257
Kepler-739 b,Kepler-739,1,12.53248465,0.1054,3.32,11.0,0.29619056,0.0346,1.65,775.0,290.067994,46.5791535
GJ 9066 c,GJ 9066,1,771.36,0.88,9.6,66.74396547,0.856,0.21,0.415,65.66,30.0588307,13.0443172
gam Lib c,gam Lib,2,966.49,2.318,12.8,1662.56039702,1.14,5.231,4.36,543.71,233.8818636,-14.789502
Kepler-261 b,Kepler-261,2,10.381227,0.088,2.18,5.39,0.194,0.017,2.86,672.0,291.3647333,37.609239
TrES-5 b,TrES-5,1,1.48224686,0.02459,13.383546,568.9157,1.194,1.79,1.31,1480.0,305.2219454,59.4489033
HD 204313 b,HD 204313,3,2041.11539,3.185,12.9,1466.7780983,1.15,4.615,3.75,163.43,322.0510568,-21.7274194
Kepler-18 b,Kepler-18,3,3.504725,0.0447,2.0,6.9,0.178,0.022,4.9,1165.0,298.0794448,44.746248
Kepler-1400 b,Kepler-1400,1,9.06689421,0.0771,1.62,3.26,0.14452672,0.0102,4.21,725.0,286.2716827,45.4408055
Kepler-84 d,Kepler-84,5,4.224537,0.052,1.38,2.48,0.123,0.0078,5.19,1254.0,298.2520208,40.4960842
K2-258 b,K2-258,1,19.0921,0.149,3.0,9.27,0.26764207,0.0292,1.89,831.0,187.6314027,-1.1609171
Kepler-1855 b,Kepler-1855,1,0.727330983,0.0115,1.216205,1.96,0.10850273,0.00617,5.99,849.0,283.4018628,41.5161554
Kepler-1987 e,Kepler-1987,4,8.74292005,0.0765,1.92,4.35,0.17129122,0.0137,3.38,643.0,295.8254663,42.9433716
K2-276 b,K2-276,1,18.718269,0.1291,3.77,13.7,0.33633687,0.043,1.4,583.0,125.9528309,22.6339399
Kepler-415 c,Kepler-415,2,8.708,0.0695,2.01,4.7,0.1793205,0.0148,3.18,543.0,293.8045041,38.6390517
K2-127 b,K2-127,1,3.588163,0.0411,8.37,52.9,0.74672138,0.167,0.496,809.0,207.0782895,-11.5889878
WASP-119 b,WASP-119,1,2.49979,0.0363,15.6926,390.9309,1.4,1.23,0.7,1600.0,55.9336392,-65.19378
TOI-1782.02,TOI-1782,2,1.829024227,0.025739,1.839,4.04,0.16406487,0.0127,3.57,974.95,213.0787718,74.4117909
WTS-1 b,WTS-1,1,3.352057,0.047,16.7,1274.44,1.49,4.01,1.61,1500.0,293.9850284,36.2962939
Kepler-893 b,Kepler-893,1,6.33855761,0.0699,3.03,9.43,0.27031849,0.0297,1.86,1034.0,284.9630591,43.9130282
HD 103949 b,HD 103949,1,120.878,0.439,3.35,11.2,0.299,0.03523896,1.64,302.65,179.5479558,-23.9241221
Kepler-1487 c,Kepler-1487,2,35.8007112,0.2588,7.97,48.7,0.711037,0.153,0.529,991.0,295.4980737,38.6444499
K2-155 b,K2-155,3,6.342,0.0562,1.8,3.89,0.16058524,0.0123,3.67,708.0,65.469614,21.3532633
Kepler-1579 b,Kepler-1579,1,0.849907889,0.014,0.84,0.52,0.07493978,0.00164,4.82,1139.0,293.288022,43.5149061
K2-264 b,K2-264,2,5.840002,0.05023,2.231,5.61,0.19903649,0.0176,2.78,496.0,131.3583524,19.698401
Kepler-1351 b,Kepler-1351,1,0.916140768,0.0156,0.65,0.208,0.05798912,0.000653,4.16,1212.0,293.6084289,42.1978746
Kepler-8 b,Kepler-8,1,3.5224991,0.0474,15.871944,187.5197,1.416,0.59,0.27,1680.0,281.2881335,42.4510975
Kepler-1363 b,Kepler-1363,1,2.94194094,0.0363,1.25,2.1,0.11151753,0.0066,5.91,988.0,296.9964872,49.2563228
HD 221420 b,HD 221420,1,10090.0,10.15,12.0,7278.2705203,1.07,22.9,23.1,123.49,353.3319001,-77.3853286
HD 117207 b,HD 117207,1,2621.75,3.787,13.4,669.34662514,1.19,2.106,1.53,147.2,202.3368806,-35.5713041
HIP 71135 b,HIP 71135,1,87.19,0.335,4.55,18.8,0.406,0.05915112,1.1,285.11,218.2158073,-52.6464757
HATS-51 b,HATS-51,1,3.3488702,0.04639,15.80469,244.09344,1.41,0.768,0.34,1553.0,102.8474248,-29.0586551
Kepler-168 b,Kepler-168,2,4.425391,0.056,1.46,2.73,0.13,0.00859,4.82,1240.0,294.7101832,39.8250437
Kepler-382 c,Kepler-382,2,12.162701,0.097,1.59,3.15,0.142,0.00993,4.31,882.0,299.1362435,45.8699582
K2-246 b,K2-246,1,5.76918,0.0602,3.49,12.0,0.31135695,0.0377,1.55,977.0,181.6296115,-1.1606
HAT-P-15 b,HAT-P-15,1,10.8635,0.0965,11.88154,616.5902,1.06,1.94,1.96,904.0,66.248142,39.460602
K2-238 b,K2-238,1,3.20466,0.046,14.5717,273.3338,1.3,0.86,0.56,1587.0,347.7043164,-7.8575592
Kepler-42 c,Kepler-42,3,0.45328509,0.006,0.73,60.337,0.065,0.18984143,98.0,720.0,292.2196,44.6173667
HD 96700 c,HD 96700,3,19.88,0.141,1.69,3.5,0.151,0.01101223,3.98,808.42,166.9742616,-30.1751383
K2-147 b,K2-147,1,0.961939,0.01575,1.47286006,2.77,0.1314,0.00872,4.76,1077.0,293.8330329,-28.498475
Kepler-725 b,Kepler-725,2,39.64372,0.2238,10.8,81.6,0.96351312,0.257,0.356,514.0,283.9774949,44.8115613
CoRoT-5 b,CoRoT-5,1,4.0378962,0.04947,15.558,148.42,1.388,0.467,0.217,1438.0,101.2772396,0.8152163
Kepler-1819 b,Kepler-1819,1,16.48690033,0.1337,3.90351256,14.5,0.34824866,0.0456,1.34,760.0,296.5600307,46.8574644
CoRoT-29 b,CoRoT-29,1,2.85057,0.0386,10.0881,270.1555,0.9,0.85,1.45,1224.75,278.9020691,6.4795703
BD+48 738 b,BD+48 738,1,392.6,1.0,13.9,289.2253,1.24,0.91,0.592,705.93,40.7102869,49.5869395
TOI-757 b,TOI-757,1,17.46819,0.122,2.5,10.5,0.22303545,0.03303669,3.6,641.0,187.9948428,-35.5544523
HD 156098 c,HD 156098,2,7841.5839,8.415,12.8,1661.6069118,1.14,5.228,4.35,177.18,259.264687,-32.6630768
HD 56957 b,HD 56957,1,5859.08992,6.426,12.8,1880.90851263,1.14,5.918,4.93,145.67,109.3253986,-40.6560651
Kepler-1014 b,Kepler-1014,1,16.57110363,0.121,2.39,6.3,0.21322152,0.0198,2.54,614.0,285.1219875,44.1105331
Kepler-437 b,Kepler-437,1,66.65062,0.288,2.14,5.22,0.19,0.0164,2.93,308.0,297.3473326,44.0269249
Kepler-395 c,Kepler-395,2,34.989262,0.177,1.32,2.3,0.118,0.00724,5.5,341.0,293.5111889,45.1366252
BD+20 2457 b,BD+20 2457,2,379.63,1.45,12.1,6807.63,1.08,21.42,21.1,1159.67,154.186782,19.8912626
Kepler-1609 b,Kepler-1609,1,114.34219,0.4679,2.22,5.56,0.19805513,0.0175,2.79,429.0,290.1465356,39.6658026
WASP-197 b,WASP-197,1,5.167228,0.065,14.44837612,403.32424848,1.289,1.269,0.74,1665.0,160.6307133,28.1986255
Kepler-281 b,Kepler-281,3,14.646008,0.117,2.82,324.0,0.252,1.019418,52.0,694.0,294.1081465,44.7706524
Kepler-908 b,Kepler-908,1,1.340597468,0.02526,1.22,1.98,0.10884111,0.00624,5.99,1783.0,295.3225434,39.3764624
K2-318 b,K2-318,1,7.01,0.0911,1.66,3.39,0.14809528,0.0107,4.07,456.0,232.4461375,-17.557463
Kepler-1449 b,Kepler-1449,1,13.2274528,0.1176,1.68,3.46,0.14987956,0.0109,4.01,867.0,288.2317293,50.5678345
WASP-181 b,WASP-181,1,4.5195064,0.05427,13.271456,95.03117,1.184,0.299,0.237,1186.0,26.7932253,3.1329325
Kepler-1965 b,Kepler-1965,1,41.86869812,0.22971,1.35415138,2.4,0.1208095,0.00756,5.31,492.0,292.5147146,38.0219872
HIP 38594 b,HIP 38594,2,60.722,0.256,2.77,8.1,0.247,0.02548532,2.09,308.29,118.5439118,-25.3023073
HD 38801 b,HD 38801,1,685.25,1.623,12.5,3082.31534,1.11,9.698,8.67,287.8,86.9963141,-8.3280256
Kepler-241 b,Kepler-241,2,12.718092,0.094,2.33,6.04,0.208,0.019,2.62,562.0,292.9131121,41.0609786
Kepler-129 d,Kepler-129,3,2646.0,4.0,12.6,2637.9757781,1.12,8.3,7.25,178.86,285.3111845,47.8484775
HAT-P-69 b,HAT-P-69,1,4.7869491,0.06555,18.786284,1137.8314,1.676,3.58,1.02,1930.0,130.5056385,3.7105662
Kepler-389 c,Kepler-389,2,14.51143,0.11,1.46,2.73,0.13,0.00859,4.82,636.0,291.9600082,44.9000587
Kepler-286 c,Kepler-286,4,3.468095,0.042,1.37,2.45,0.122,0.00771,5.24,1098.0,290.6761874,48.2942362
K2-158 c,K2-158,2,5.90279,0.0622,1.28,2.18,0.11419395,0.00687,5.71,948.0,179.9397081,-5.7216879
Kepler-864 c,Kepler-864,2,2.42150341,0.0382,1.62,3.26,0.14452697,0.0102,4.21,1532.0,285.0570943,46.3206074
Kepler-460 c,KIC 5437945,2,220.1303357,0.75318,5.52,26.1,0.49246141,0.0821,0.853,389.0,288.4749028,40.6512848
EPIC 220674823 b,EPIC 220674823,2,0.57130782,0.0132,1.606,7.54,0.14327797,0.02372349,10.684836,2324.0,13.0800239,10.7947051
OGLE-TR-111 b,OGLE-TR-111,1,4.0144463,0.0473,11.421971,174.799,1.019,0.55,0.65,1019.0,163.324115,-61.4056976
6 Lyn b,6 Lyn,1,919.86,2.028,13.4,597.83523357,1.2,1.881,1.37,371.86,97.6960311,58.1611753
TOI-1630.01,TOI-1630,1,12.055734733,0.101151,2.417,6.42,0.21563067,0.0202,2.5,584.0,352.0166759,75.5526069
Kepler-1763 b,Kepler-1763,1,1.480280042,0.0257,1.14651332,1.59,0.10228524,0.00499,5.8,1822.0,294.1130368,40.3628861
Kepler-961 b,Kepler-961,1,16.87727414,0.12585,2.55,7.04,0.22749576,0.0221,2.33,642.0,282.0354942,43.6312491
TOI-1472 c,TOI-1472,2,15.5381747,0.116,3.334,21.13,0.298,0.067,3.14,662.0,14.1142611,48.6375168
TOI-5153 b,TOI-5153,1,20.33003,0.158,11.88151954,1036.12060682,1.06,3.26,3.39,906.0,91.5403204,-19.9534443
Kepler-1239 b,Kepler-1239,1,5.19104016,0.0625,2.9,8.75,0.25872067,0.0275,1.97,1183.0,293.1273357,42.3200578
KOI-7913 b,KOI-7913 A,1,24.278553,0.1456,2.34,6.08,0.209,0.0191,2.61,432.0,286.7485252,45.1587234
Kepler-1312 c,Kepler-1312,2,1.116119981,0.02103,1.02732734,1.07,0.09165216,0.00337,5.42,1659.0,292.9712801,41.0357494
Kepler-1902 b,Kepler-1902,1,3.822220087,0.0385,1.17563613,1.74,0.10488341,0.00546,5.88,601.0,292.7376545,42.0147792
Kepler-747 b,Kepler-747,1,35.61760587,0.1916,5.27,24.1,0.47015791,0.0759,0.905,456.0,288.4165196,41.0298175
K2-264 c,K2-264,2,19.660302,0.11283,2.668,7.6,0.23802302,0.0239,2.2,331.0,131.3583524,19.698401
Kepler-297 b,Kepler-297,3,38.871826,0.217,2.87,48.5,0.256,0.153,11.3,509.0,283.2091605,48.7776156
Kepler-949 b,Kepler-949,2,8.689307296,0.07739,2.91,8.8,0.25961281,0.0277,1.96,782.0,298.6079128,46.45366
HD 12648 b,HD 12648,1,133.60001,0.54,13.4,622.9468,1.2,1.96,1.42,1053.23,34.7480718,85.7365329
Kepler-53 b,Kepler-53,3,18.6489525,0.1361,2.89,111.0,0.258,0.34924506,1.18,701.0,290.4617926,40.5624966
HD 159243 b,HD 159243,2,12.62,0.11,13.7,359.13,1.22,1.13,0.767,942.13,263.3395365,5.7008254
HD 95127 b,HD 95127,1,482.0,1.28,12.4,3378.5329,1.11,10.63,9.74,1151.28,164.8961152,43.8144094
Kepler-105 b,Kepler-105,2,5.4122034,0.06016,2.53,10.8,0.22571187,0.0339806,3.68,1418.0,287.8872376,46.2761224
GJ 876 d,GJ 876,4,1.93778,0.02080665,2.51,6.83,0.224,0.021,2.37,603.09,343.3239737,-14.2665958
Kepler-1177 b,Kepler-1177,1,106.247547,0.4301,1.9,4.27,0.16950665,0.0134,3.42,377.0,286.6714813,49.4062964
TOI-1710 b,TOI-1710,1,24.28336,0.1652,5.06,19.1,0.45142374,0.06009532,0.8,602.99,94.2838373,76.21102
HD 145675 c,14 Her,2,15732.45889,20.0,12.6,2510.8444153,1.12,7.9,6.9,55.51,242.6021014,43.8163621
BD+15 2940 b,BD+15 2940,1,137.48,0.539,13.7,352.78,1.23,1.11,0.754,1207.75,240.09564,15.5467507
Kepler-1588 b,Kepler-1588,1,7.84931739,0.07419,0.76,0.363,0.06780266,0.00114,4.54,925.0,288.2327232,48.0021967
Kepler-226 b,Kepler-226,3,3.940997,0.047,1.55,24.0,0.138,0.076,35.4,1018.0,292.3760942,47.8809596
Kepler-11 d,Kepler-11,6,22.6845,0.155,3.12,7.3,0.278,0.023,1.28,653.0,297.1150949,41.9091092
NGTS-14 A b,NGTS-14 A,1,3.5357173,0.0403,4.976796,29.24036,0.444,0.092,1.395,1143.0,328.5174799,-38.3774193
K2-131 b,K2-131,1,0.3693038,0.00936,1.69,7.9,0.15077196,0.02485618,8.8,2223.0,182.751404,-9.7652392
Kepler-937 c,Kepler-937,2,153.343364,0.5545,2.67,7.61,0.23820145,0.0239,2.2,377.0,294.1688142,46.7146161
Kepler-218 d,Kepler-218,3,124.5244647,0.49884,2.66,7.56,0.23730931,0.0238,2.21,356.0,295.4128785,46.2665801
TOI-6054.01,TOI-6054,2,7.501428,0.0763,2.64,12.5,0.23552543,0.0393294,3.7,1360.0,56.337007,60.350917
HD 97658 b,HD 97658,1,9.4897116,0.0805,2.12,8.3,0.18913406,0.02611472,4.8,751.0,168.6376584,25.7105962
Kepler-135 b,Kepler-135,2,6.00253,0.067,1.81,3.93,0.161,0.0124,3.64,1209.0,290.4950939,38.7954956
Kepler-501 b,Kepler-501,2,5.640677572,0.0627,4.3,17.1,0.38362031,0.0537,1.18,1125.0,297.2014919,41.7301534
HD 208487 b,HD 208487,1,129.36,0.53,14.3,146.20106722,1.27,0.46,0.275,437.59,329.3332489,-37.7641354
DMPP-8 b,DMPP-8,1,62.915,0.3098,10.8,81.09,0.96,0.25513767,0.354,579.7,305.3083517,-81.6166664
HAT-P-25 b,HAT-P-25,1,3.65281514,0.0466,12.722215,180.84527,1.135,0.569,0.483,1182.0,48.4354731,25.1973548
Kepler-1416 b,Kepler-1416,1,1.49514952,0.0257,0.88,0.615,0.07850834,0.00193,4.96,1870.0,298.6634624,43.8940593
Kepler-100 d,Kepler-100,4,35.3331,0.21747,1.61,3.0,0.144,0.00943901,2.695922,670.0,291.3861294,41.9901394
TOI-892 b,TOI-892,1,10.62656,0.092,11.99363,301.9385,1.07,0.95,0.962,1397.0,86.738228,-11.2353401
Kepler-1466 b,Kepler-1466,1,31.1750448,0.17981,1.55,3.02,0.13828174,0.00951,4.46,585.0,289.8312418,44.6098415
HD 221287 b,HD 221287,1,456.1,1.25,13.1,982.05,1.17,3.09,2.4,290.13,352.836223,-58.209754
K2-124 b,K2-124,1,6.413651,0.049,2.9,8.75,0.25872067,0.0275,1.97,442.0,133.6410515,23.1329509
HD 145934 b,HD 145934,1,2751.53433,4.89,13.4,658.5404593,1.19,2.072,1.5,276.92,243.2912249,13.2394527
Kepler-566 b,Kepler-566,1,18.42794624,0.1247,2.15,5.27,0.19181015,0.0166,2.91,526.0,291.5544735,47.8144362
Kepler-648 b,Kepler-648,1,17.4211749,0.13324,3.22,10.5,0.28726916,0.0329,1.73,674.0,283.8996207,45.0169137
TOI-5800 b,TOI-5800,1,2.6278838,0.0344,2.46,9.5,0.21946688,0.02989034,3.46,1108.0,305.0655462,-7.4119237
Kepler-1224 b,Kepler-1224,1,13.32351601,0.11625,1.33,2.33,0.11865465,0.00733,5.44,872.0,286.6257591,37.537313
TOI-1739 b,TOI-1739,1,8.303341406,0.073872,1.946,4.45,0.17361079,0.014,3.32,755.55,240.172481,83.2586589
TIC 88785435 b,TIC 88785435,1,10.508843,0.08432,5.03,22.3,0.44874732,0.0701,0.963,635.0,224.2838576,-30.8800273
Kepler-770 c,Kepler-770,3,1.475322314,0.0309,1.2,1.87,0.10705683,0.00588,5.95,2740.0,286.4904589,38.374872
Kepler-1946 b,Kepler-1946,1,3.035190105,0.0394,2.48812698,6.75,0.2219762,0.0212,2.41,1143.0,282.3355387,42.8453417
TOI-4507 b,TOI-4507,1,104.61611,0.456,8.2,20.0,0.73155626,0.06292704,0.2,464.8,80.4513677,-69.9882175
TOI-3540 A b,TOI-3540 A,1,3.119999,0.04289,23.53885947,375.03752026,2.1,1.18,0.065,1498.0,328.9113712,28.1794996
TOI-2803 A b,TOI-2803 A,1,1.96229325,0.03185,18.11371281,309.88269682,1.616,0.975,0.287,1893.0,93.1147397,-23.4924956
Kepler-274 c,Kepler-274,2,33.197861,0.204,1.84,4.04,0.164,0.0127,3.56,678.0,292.9227926,38.4772173
TOI-262 b,TOI-262,1,11.14529,0.163,2.07,4.94,0.18467335,0.0155,3.06,584.0,32.534687,-31.0706272
Kepler-1884 b,Kepler-1884,1,8.988320351,0.0845,1.81406781,3.95,0.16184057,0.0124,3.64,864.0,296.7463986,43.0454207
TOI-2420 b,TOI-2420,1,5.842641,0.0684,15.02003414,294.62693329,1.34,0.927,0.477,1571.6,14.8268138,-19.7711643
Wolf 1061 c,Wolf 1061,3,17.8719,0.089,1.66,3.41,0.148,0.01072901,4.1,299.3,247.5748276,-12.6676866
Kepler-1964 b,Kepler-1964,1,2.440829992,0.0322,1.7810587,3.83,0.15889569,0.012,3.73,986.0,297.0588033,49.4784362
Kepler-1072 b,Kepler-1072,1,1.569066502,0.02742,1.58,3.12,0.14095816,0.00982,4.35,1849.0,292.0443891,46.3289723
Kepler-1462 b,Kepler-1462,1,65.6488341,0.3094,3.82,14.0,0.34079757,0.044,1.38,390.0,296.397542,42.3969273
HATS-25 b,HATS-25,1,4.2986432,0.05163,14.12334,194.82979,1.26,0.613,0.38,1277.0,207.9076746,-23.7812403
HAT-P-50 b,HAT-P-50,1,3.1220109,0.0453,14.437192,429.0705,1.288,1.35,0.78,1862.0,118.0634379,12.1393474
K2-233 c,K2-233,3,7.06024,0.0664,1.272,4.6,0.11348043,0.01447322,12.4,794.0,230.4799011,-20.2317975
Kepler-351 d,Kepler-351,3,142.544247,0.5177,2.72,7.85,0.24266215,0.0247,2.14,318.0,286.4527949,42.6577891
TOI-4465 b,TOI-4465,1,101.94054,0.416,14.01122587,1872.00931723,1.25,5.89,3.73,427.0,276.1340312,15.8418856
Kepler-1542 e,Kepler-1542,4,5.10115756,0.05649,0.76,0.363,0.06780266,0.00114,4.54,1065.0,285.7284757,42.6544651
Kepler-789 b,Kepler-789,1,8.63847725,0.0951,2.12,5.14,0.18913373,0.0162,2.96,1419.0,295.9751549,38.9466396
Kepler-328 c,Kepler-328,2,71.312,0.354,5.4,39.4,0.482,0.124,0.6,475.0,295.8092756,40.0084866
Kepler-311 d,Kepler-311,3,232.040326,0.7326,2.05,4.86,0.18288907,0.0153,3.1,327.0,282.0612731,47.0854984
Kepler-285 b,Kepler-285,2,2.633867,0.036,1.34,2.36,0.12,0.00742,5.39,1131.0,291.3908469,48.0655392
Kepler-1073 d,Kepler-1073,3,2.504760027,0.0352,1.48770949,2.82,0.13272478,0.00887,4.71,1369.0,294.1527259,38.2330886
Kepler-804 c,Kepler-804,2,9.65185017,0.08654,1.14,1.55,0.10170399,0.00489,5.75,890.0,293.3722109,44.7851812
Kepler-55 f,Kepler-55,5,10.198545,0.081,1.59,3.15,0.142,0.00993,4.31,559.0,285.1683291,44.0264898
WASP-149 b,WASP-149,1,1.332813,0.024,15.24421375,314.96795134,1.36,0.991,0.49,1855.0,124.073681,-8.6865813
K2-279 b,K2-279,1,7.122605,0.067,1.21,1.92,0.10794897,0.00606,5.96,879.0,204.7792935,-6.0417592
TOI-2274 b,TOI-2274,1,2.67963,0.05,2.45,6.57,0.21857474,0.0207,2.45,771.46,277.459311,40.5414117
Kepler-173 b,Kepler-173,2,4.263742,0.048,1.29,2.21,0.115,0.00696,5.66,1179.0,294.6466171,41.8840952
Kepler-1937 b,Kepler-1937,1,9.688599586,0.0915,3.0229133,9.39,0.26968673,0.0295,1.87,1014.0,290.6583922,40.7785383
Kepler-335 b,Kepler-335,2,6.562331,0.075,3.39,11.4,0.302,0.0359,1.61,1290.0,296.0642944,45.4285986
TOI-880.02,TOI-880,2,2.57571,0.0349,2.19,5.43,0.19537905,0.0171,2.84,1085.0,94.1644734,-13.987337
Kepler-1393 b,Kepler-1393,1,2.44357812,0.0337,0.8,0.437,0.07137122,0.00137,4.69,1249.0,284.4594558,40.1424756
Kepler-1035 b,Kepler-1035,1,2.714077555,0.03883,1.17,1.71,0.10438041,0.00537,5.87,1301.0,289.042243,42.8824991
HD 109286 b,HD 109286,1,520.1,1.259,13.2,950.30693693,1.17,2.99,2.27,259.4,188.3958418,7.2809064
Kepler-1895 b,Kepler-1895,1,6.070290089,0.0615,2.11934728,5.14,0.18907583,0.0162,2.97,789.0,291.6756005,48.7625419
TOI-2049 b,TOI-2049,1,5.303468,0.06919,16.64533634,486.27746271,1.485,1.53,0.578,1869.0,346.9098199,56.694513
Kepler-761 b,Kepler-761,1,10.12804789,0.0874,2.03,4.78,0.18110447,0.015,3.14,767.0,290.503599,44.1436249
Kepler-1985 b,Kepler-1985,1,3.42064689,0.0426,2.27,5.77,0.20251618,0.0182,2.71,1129.0,293.5663715,42.1325825
Kepler-1607 b,Kepler-1607,1,13.6473676,0.11978,0.92,0.721,0.0820769,0.00227,5.09,913.0,296.0598685,42.6560582
Kepler-1464 c,Kepler-1464,2,5.32786292,0.06101,1.0,0.972,0.08921402,0.00306,5.34,1023.0,287.2356828,38.7540824
Kepler-1898 b,Kepler-1898,1,4.765620232,0.05063,0.93353523,0.76,0.08328458,0.00239,5.13,1167.0,287.2058009,38.4981903
Kepler-1801 c,Kepler-1801,2,116.583183,0.4572,2.91,8.8,0.25961326,0.0277,1.96,371.0,295.1640095,39.2014024
Kepler-1274 b,Kepler-1274,1,6.98152703,0.08161,1.42,2.6,0.12668391,0.00819,4.99,1384.0,284.5936858,46.4497364
GJ 674 b,GJ 674,1,4.6938,0.039,3.33,11.09,0.297,0.035,1.65,530.8,262.1700476,-46.8989826
K2-73 b,K2-73,2,7.49556,0.07619,2.58,9.2,0.23017258,0.02894644,2.8,968.0,335.025662,-9.0560881
Kepler-428 b,Kepler-428,1,3.52563254,0.0433,12.11,403.63,1.08,1.27,1.02,1070.0,290.5817432,40.5773106
HIP 10090 b,HIP 10090,2,2960.0,3.87,13.0,1229.99593509,1.16,3.87,3.08,163.17,32.4351198,-30.7470844
Kepler-1729 b,Kepler-1729,1,4.220970154,0.0418,3.89404186,14.4,0.34740374,0.0454,1.34,595.0,296.6939428,42.6261145
K2-31 b,K2-31,1,1.25785,0.022,11.88154,563.83042,1.06,1.774,0.032,1688.0,245.4405531,-23.548273
Kepler-147 c,Kepler-147,2,33.416423,0.216,2.43,6.48,0.217,0.0204,2.48,689.0,287.9757213,39.087168
Kepler-1619 b,Kepler-1619,1,23.6225913,0.15413,0.76,0.363,0.06780266,0.00114,4.54,797.0,285.703595,44.4221528
GJ 1265 b,GJ 1265,1,3.6511,0.026,2.63,7.4,0.234,0.02328289,2.24,424.04,333.4324675,-17.6870623
K2-133 e,K2-133,4,26.5841,0.1346,1.73,3.64,0.15434026,0.0115,3.86,296.0,70.1493775,25.0098135
HATS-47 b,HATS-47,1,3.9228038,0.04269,12.520453,117.27927,1.117,0.369,0.331,852.9,287.4844021,-49.6649424
HD 1502 b,HD 1502,1,428.5,1.262,13.2,874.0325,1.18,2.75,2.09,458.89,4.8214389,14.054683
G 9-40 b,G 9-40,1,5.7459982,0.0418,1.9,4.0,0.16950694,0.01258541,3.2,440.6,134.7188514,21.0747961
Kepler-604 b,Kepler-604,1,25.85501786,0.1735,2.59,7.22,0.23106432,0.0227,2.28,637.0,292.3159795,42.6262429
Kepler-220 d,Kepler-220,4,28.122397,0.163,0.98,0.904,0.087,0.00284,5.28,401.0,291.5060432,46.8956262
HD 191939 b,HD 191939,6,8.8803256,0.0804,3.41,10.0,0.30422035,0.03146352,1.4,880.0,302.0256247,66.8503014
Kepler-54 b,Kepler-54,3,8.0109434,0.0619,2.1,0.98,0.187,0.00308342,0.76,453.0,294.7739245,43.0561976
TOI-1107 b,TOI-1107,1,4.0782387,0.0561,14.57167491,1064.72516345,1.3,3.35,1.89,1728.0,155.6078632,-82.2188693
TOI-6330 b,TOI-6330,1,6.8500246,0.05763,10.89,3179.0,0.972,10.0,13.57,495.0,22.1679816,53.6860778
Kepler-111 c,Kepler-111,2,224.77833,0.751,7.0840758,222.4798849,0.632,0.7,3.42,352.2,291.653163,44.6882613
GJ 3293 e,GJ 3293,4,13.2543,0.08208,1.63,3.28,0.145,0.01031998,4.16,370.79,67.1484425,-25.1713396
HIP 109384 b,HIP 109384,1,499.48,1.134,13.5,495.8148,1.21,1.56,1.11,213.83,332.408972,71.313956
Kepler-890 b,Kepler-890,1,52.75875577,0.2944,8.89,58.6,0.79311268,0.184,0.458,540.0,288.435718,43.7634712
HD 212771 b,HD 212771,1,380.7,1.19,13.3,759.6137,1.18,2.39,1.77,507.69,336.762413,-17.2641046
Kepler-591 b,Kepler-591,1,81.1694299,0.3554,3.39,11.4,0.30243554,0.0359,1.61,436.0,286.024052,48.431729
Kepler-65 e,Kepler-65,4,258.8,0.8539307544,13.9,260.0,1.24,0.82,0.532,389.08,288.6887221,41.1511076
Kepler-1471 c,Kepler-1471,2,11.6044881,0.0981,1.88,4.19,0.16772265,0.0132,3.47,841.0,289.6649171,50.0200612
HD 147018 c,HD 147018,2,1008.0,1.922,12.7,2080.0,1.13,6.56,5.58,183.28,245.7490012,-61.6901291
Kepler-1695 b,Kepler-1695,1,4.7329,0.0529,1.11948901,1.46,0.09987412,0.00458,5.72,957.0,293.6193001,46.4134015
Kepler-1728 b,Kepler-1728,1,4.782999992,0.0535,2.95501875,9.04,0.26362957,0.0284,1.93,886.0,287.0940046,39.0607801
Kepler-32 c,Kepler-32,5,8.7522,0.09,2.0,158.9,0.178,0.5,0.33,451.0,297.8423073,46.5743595
nu Oph c,nu Oph,2,3180.6,5.829,12.0,7838.32346,1.07,24.662,24.9,341.48,269.7566013,-9.7741342
KELT-2 A b,KELT-2 A,1,4.11379,0.05497,15.13215,540.311,1.35,1.7,0.91,2080.0,92.6640226,30.9571333
TOI-1751 b,TOI-1751,1,37.46852,0.215,2.9507845,19.5,0.26325181,0.06135386,4.13,651.64,243.4888534,63.5335297
TOI-1273 b,TOI-1273,1,4.631296,0.0549,11.09689089,70.55790635,0.99,0.222,0.28,1211.0,214.1208564,58.3902534
Kepler-1370 c,Kepler-1370,2,7.44142113,0.08084,1.27,2.15,0.11330181,0.00678,5.77,1075.0,284.5656897,41.7784781
KOI-1599.02,KOI-1599,2,13.6088,0.112293,1.9,9.0,0.16950665,0.02831702,7.21,755.0,298.3738383,40.6184483
Kepler-510 b,Kepler-510,1,19.55659418,0.1352,2.47,6.66,0.22035864,0.021,2.43,797.0,287.6550196,39.2441716
HD 81817 c,HD 81817,2,622.97802,2.325,12.0,7185.78245386,1.07,22.609,22.9,1198.52,144.2715659,81.3263096
GJ 433 d,GJ 433,3,36.059,0.178,2.14,5.223,0.191,0.01643331,2.93,279.71,173.8619194,-32.5436302
TOI-4487 A b,TOI-4487 A,1,3.9540709,0.05448,14.60530185,397.28550875,1.303,1.25,0.7,1639.0,306.4220814,45.9710306
TOI-2981 b,TOI-2981,1,3.601501,0.048,13.4,638.0,1.19546999,2.00737249,1.46,1358.0,163.487394,-25.5245988
Kepler-145 b,Kepler-145,2,22.951,0.17308,2.65,37.1,0.236,0.117,13.0,873.0,291.3877397,44.5290465
HIP 79431 b,HIP 79431,1,111.7,0.36,13.4,667.415,1.19,2.1,1.52,177.42,243.1742467,-18.8764247
GJ 3512 b,GJ 3512,2,203.109,0.3376,14.3,146.51889563,1.27,0.461,0.275,97.19,130.3316616,59.4918364
HAT-P-56 b,HAT-P-56,1,2.79083,0.0423,16.92559,734.1873,1.51,2.31,0.75,1840.0,100.8480137,27.2521823
GJ 163 d,GJ 163,3,603.95116,1.0304,5.92,29.4,0.528,0.09250228,0.779,106.43,62.3228353,-53.3711768
HD 8574 b,HD 8574,1,227.0,0.76,13.4,645.1949,1.19,2.03,1.47,394.03,21.3033807,28.5660169
K2-138 e,K2-138,6,8.26146,0.0782,3.39,12.97,0.30243554,0.04080798,1.8,757.0,348.9490311,-10.8497391
Kepler-1317 b,Kepler-1317,1,0.568874427,0.0128,1.56,3.05,0.13917388,0.00961,4.41,1796.0,291.6118842,42.1159787
HD 50554 b,HD 50554,1,1293.0,2.353,12.8,1859.29618095,1.14,5.85,4.87,190.08,103.678273,24.2451409
CoRoT-20 c,CoRoT-20,2,1675.0,2.9,12.2,5403.11,1.09,17.0,16.4,168.16,97.7204249,0.2268931
Kepler-1477 b,Kepler-1477,1,11.55530021,0.0911,1.18,1.76,0.10527255,0.00553,5.89,674.0,281.2985305,42.6856727
WASP-168 b,WASP-168,1,4.153658,0.0519,16.8135,133.4886,1.5,0.42,0.16,1340.0,96.7446427,-46.8213635
Kepler-1199 b,Kepler-1199,1,15.0447198,0.11309,1.15,1.6,0.10259613,0.00505,5.78,931.0,293.7258092,47.2469219
HATS-71 b,HATS-71,1,3.7955202,0.03745,11.478016,117.5971,1.024,0.37,0.42,586.8,15.5518893,-61.7561333
Kepler-935 b,Kepler-935,1,4.88083852,0.0527,1.35,2.39,0.12043893,0.00752,5.34,879.0,295.0217193,46.6192011
KELT-6 b,KELT-6,2,7.8457,0.07939,14.5717,165.2716,1.3,0.52,0.27,1313.0,195.9818362,30.640145
K2-72 c,K2-72,4,15.189034,0.078,1.16,1.65,0.10348827,0.00521,5.81,333.81,334.6227504,-9.6120084
Kepler-15 b,Kepler-15,1,4.942782,0.05714,10.76,209.76,0.96,0.66,0.93,1251.0,296.2005506,49.1400304
HD 134606 f,HD 134606,5,26.915,0.1784,2.24,5.63,0.2,0.01771396,2.75,685.04,228.8103897,-70.5203328
WASP-114 b,WASP-114,1,1.5487743,0.02851,15.008851,562.24127,1.339,1.769,0.97,2043.0,327.6656953,10.4629385
Kepler-1945 b,Kepler-1945,1,6.080039978,0.0597,1.289,2.21,0.11499708,0.00695,5.67,808.0,281.8980828,42.2858185
TOI-6002 b,TOI-6002,1,10.904821,0.05722,1.65,3.36,0.14720339,0.0106,4.11,321.4,299.6142524,32.2871702
Kepler-192 c,Kepler-192,3,21.2234,0.15,2.79,8.2,0.249,0.0258,2.07,623.0,287.9179379,45.5928829
K2-46 b,K2-46,1,19.1541,0.13821,2.05,4.86,0.18288875,0.0153,3.1,889.0,174.2662454,-0.90721
Kepler-1777 b,Kepler-1777,1,12.18420029,0.10301,2.13189678,5.19,0.19019542,0.0163,2.94,819.0,290.3286455,37.7231188
Kepler-1360 b,Kepler-1360,1,40.5286413,0.2866,3.4,11.5,0.30332768,0.0361,1.61,933.0,300.3440482,45.6231826
Kepler-746 b,Kepler-746,1,3.48159251,0.0435,1.11,1.41,0.09902757,0.00444,5.67,1156.0,290.6822097,37.3551593
Kepler-270 b,Kepler-270,2,11.476094,0.107,2.01,4.7,0.179,0.0148,3.18,984.0,282.2001207,44.4222795
Kepler-1668 b,Kepler-1668,1,15.434,0.124,4.34764405,17.4,0.38787082,0.0548,1.16,721.0,297.3523076,46.0959309
Kepler-319 b,Kepler-319,3,4.362705,0.051,1.63,3.29,0.145,0.0104,4.17,1023.0,288.8119782,39.7706431
K2-199 c,K2-199,2,7.3744897,0.0662,2.85,12.4,0.25426041,0.03901476,2.9,694.0,208.9014508,-6.1360833
TOI-1723 b,TOI-1723,1,13.727012643,0.113496,3.435,10.4,0.3064507,0.03272206,1.6,782.98,116.7971978,68.4766845
Kepler-95 b,Kepler-95,1,11.5231,0.10232,3.42,13.0,0.305,0.041,1.71,927.0,284.4824281,44.397891
Kepler-482 b,Kepler-482,1,56.35418576,0.25787,2.36,6.17,0.2105451,0.0194,2.58,352.0,296.8229326,48.1077628
Kepler-356 b,Kepler-356,2,4.612696,0.057,1.57,3.09,0.14,0.00972,4.39,1294.0,292.4210998,37.6827919
Kepler-1065 b,Kepler-1065,2,3.609308907,0.0455,3.73,13.4,0.33276831,0.0422,1.42,1092.0,294.511319,38.7904648
Kepler-2000 c,Kepler-2000,2,20.6180348,0.1228,1.57,3.09,0.14006626,0.00972,4.39,359.0,285.5743032,49.9621218
Kepler-511 b,Kepler-511,2,296.637865,0.85672,6.35,33.1,0.56650906,0.104,0.71,332.0,282.9455384,47.5749181
Kepler-23 c,Kepler-23,3,10.74,0.09501,3.005,7.81,0.26808861,0.02457301,1.576894,1008.0,294.2189131,49.4792536
HD 68402 b,HD 68402,1,1103.0,2.18,12.6,2510.8444153,1.12,7.9,6.9,196.26,121.3474609,-74.4100732
TrES-1 b,TrES-1,1,3.03007,0.03925,12.66617,266.9772,1.13,0.84,0.712,1140.0,286.0408755,36.632536
Gliese 48 b,Gliese 48,1,39.6299,0.1752,2.77,8.11,0.247,0.02551691,2.1,271.0,15.6582402,71.6781735
TOI-444 b,TOI-444,1,17.9636,0.133,2.77,8.1,0.24712327,0.0255,2.09,609.0,64.1839982,-26.7664071
Kepler-111 b,Kepler-111,2,3.341815,0.046,1.58,3.12,0.141,0.00982,4.35,1356.0,291.653163,44.6882613
Kepler-119 c,Kepler-119,2,4.125103,0.049,0.92,0.721,0.082,0.00227,5.09,1016.0,295.9463854,42.6588324
TOI-2202 b,TOI-2202,2,11.9126075,0.09564,10.95117414,287.31687993,0.977,0.904,1.2,652.07,51.2284214,-73.9575458
Wendelstein-2 b,Wendelstein-2,1,1.7522239,0.0234,12.9934728,232.33373,1.1592,0.731,0.62,2470.0,297.7909214,16.9125679
HD 112300 b,HD 112300,1,466.63,1.33,12.2,5031.22368281,1.09,15.83,15.2,1240.35,193.8988441,3.3972376
Kepler-753 b,Kepler-753,1,5.747725012,0.054,1.91,4.31,0.17039879,0.0136,3.4,641.0,291.9032411,37.9023677
Kepler-399 b,Kepler-399,3,14.425281,0.103,0.96,0.84,0.086,0.00264,5.22,773.0,299.5017242,40.6707669
Kepler-466 b,Kepler-466,2,51.07926307,0.26769,2.85,8.5,0.25425997,0.0267,2.02,503.0,295.6486585,48.4955191
Kepler-593 b,Kepler-593,1,21.21708973,0.1508,2.87,8.6,0.25604425,0.0271,2.0,706.0,294.9513923,48.6511709
Kepler-793 b,Kepler-793,1,4.24153639,0.0491,1.37,2.45,0.12222321,0.00771,5.24,1177.0,295.2167334,38.7744269
DMPP-7 b,DMPP-7,1,4.984,0.05873,9.13,61.39,0.815,0.19315454,0.443,1480.51,203.5284651,0.4988127
Kepler-1967 b,Kepler-1967,1,7.281690121,0.06686,0.73022577,0.315,0.06514649,0.000991,4.45,1086.0,299.1376276,43.4984724
Kepler-1006 b,Kepler-1006,1,19.76172042,0.1464,1.54,2.99,0.1373896,0.0094,4.5,791.0,295.7542063,42.5373065
Kepler-90 i,KOI-351,8,14.44912,0.1201380843,1.32,2.3,0.11776251,0.00724,5.5,709.0,284.4334642,49.3051239
HD 194490 b,HD 194490,1,13092.18348,11.116,12.4,3561.90295725,1.11,11.207,10.3,90.87,306.9980087,-51.6644646
Kepler-625 c,Kepler-625,2,4.1653651,0.05379,1.05,1.16,0.09367473,0.00364,5.51,1048.0,292.1504723,39.6375254
Kepler-130 c,Kepler-130,3,27.50868,0.178,2.9,8.75,0.259,0.0275,1.97,683.0,288.4505905,40.2452006
Kepler-307 c,Kepler-307,2,13.0729,0.10896,2.2,3.64,0.19627085,0.01145266,1.74,739.0,297.7950939,40.4176403
Kepler-393 b,Kepler-393,2,9.182417,0.091,1.29,2.21,0.115,0.00696,5.66,1052.0,290.995205,45.192188
Kepler-613 b,Kepler-613,1,15.77979614,0.1232,2.29,5.86,0.20430012,0.0184,2.68,713.0,282.7868415,46.2449846
HD 23472 f,HD 23472,5,12.1621839,0.0906,1.137,0.77,0.10143652,0.00242269,3.0,630.0,55.4590314,-62.7672667
Kepler-1903 b,Kepler-1903,1,17.0678997,0.1321,2.28642395,5.85,0.20398143,0.0184,2.69,769.0,290.8882981,51.2481617
HR 810 b,HR 810,1,302.79999,0.92,12.7,1970.5361234,1.14,6.2,5.29,329.57,40.6417178,-50.7993484
K2-68 b,K2-68,1,8.05428,0.0708,1.58,3.12,0.14095816,0.00982,4.35,706.64,334.0195539,-10.5673649
Kepler-250 b,Kepler-250,3,4.148141,0.048,1.13,1.51,0.101,0.00474,5.75,938.0,289.5947633,44.1418114
Kepler-695 b,Kepler-695,1,3.040330424,0.0374,9.21,62.3,0.82166117,0.196,0.438,1021.0,299.3160934,40.8223815
K2-84 c,K2-84,2,27.86,0.1768,2.03,4.78,0.18110447,0.015,3.14,625.08,55.8093566,16.6344396
Kepler-1052 c,Kepler-1052,2,180.921729,0.6135,2.3,5.9,0.20519261,0.0186,2.66,302.0,295.34273,46.6022134
K2-138 g,K2-138,6,41.96797,0.23109,3.013,4.32,0.26880186,0.01359217,0.9,445.0,348.9490311,-10.8497391
HD 62364 b,HD 62364,2,5138.0,6.15,12.1,5965.63919939,1.08,18.77,18.5,143.96,113.9052658,-75.5442707
HD 128311 b,HD 128311,2,453.019,1.084,13.5,562.24127,1.2,1.769,1.26,200.47,219.0032292,9.7454368
Kepler-20 b,Kepler-20,6,3.6961049,0.04565,1.773,9.7,0.15817674,0.03051961,9.4,1187.0,287.6979913,42.3385782
CoRoT-4 b,CoRoT-4,1,9.20205,0.09,13.34,228.83,1.19,0.72,0.525,1074.0,102.1946233,-0.6727861
Kepler-53 d,Kepler-53,3,9.751962,0.091,2.12,166.503,0.189,0.52387702,1.4,870.0,290.4617926,40.5624966
NGTS-20 b,NGTS-20,1,54.18915,0.313,11.99360935,947.12865286,1.07,2.98,3.02,688.0,46.2926368,-21.9336472
Kepler-58 e,Kepler-58,4,4.45814897,0.0533,1.61,597.796,0.14363483,1.88087656,131.0,1212.0,296.3586251,39.1152033
Kepler-1622 b,Kepler-1622,1,10.8118737,0.10136,1.47,2.76,0.13114462,0.00869,4.77,922.0,297.3288329,47.815459
Kepler-1634 b,Kepler-1634,1,374.876239,1.0525,3.19,10.3,0.28459274,0.0324,1.74,282.0,294.043399,45.1398201
Kepler-294 b,Kepler-294,2,3.701212,0.048,1.77,3.78,0.158,0.0119,3.75,1087.0,287.3920392,46.0592578
GJ 581 e,GJ 581,3,3.1481,0.02799,1.38,2.48,0.123,0.00780295,5.19,554.37,229.8564725,-7.7226935
TOI-2427 b,TOI-2427,1,1.3060011,0.0202,1.8,3.89,0.16058552,0.0123,3.67,1117.0,52.2917315,-31.3628665
Kepler-1853 b,Kepler-1853,1,48.88819885,0.2395,1.51862272,2.92,0.13548268,0.00918,4.58,386.0,284.7478834,46.3735415
Kepler-445 d,Kepler-445,3,8.15275,0.0439,1.25,2.1,0.11,0.0066,5.91,305.0,298.7363395,46.4991236
Kepler-937 b,Kepler-937,2,67.668827,0.3214,3.72,13.4,0.33187617,0.042,1.43,495.0,294.1688142,46.7146161
Kepler-1701 b,Kepler-1701,1,169.134,0.5738,2.22186207,5.57,0.19822126,0.0175,2.79,273.0,286.6088625,41.8892986
Kepler-312 b,Kepler-312,2,1.772419,0.031,1.29,2.21,0.115,0.00696,5.66,1685.0,298.3957687,42.4597712
Kepler-200 b,Kepler-200,2,8.594805,0.08,2.13,5.18,0.19,0.0163,2.95,854.0,284.4099503,41.2374928
TOI-1777.01,TOI-1777,1,14.650111974,0.119466,2.246,5.67,0.20037504,0.0178,2.75,580.0,151.807032,46.1148814
HD 47186 b,HD 47186,2,4.0845,0.05,5.02,22.2481,0.448,0.07,0.966,1267.79,99.0367212,-27.6234285
Kepler-1024 b,Kepler-1024,1,66.4162133,0.3033,3.91,14.5,0.34882684,0.0457,1.33,376.0,291.9510277,38.2516419
HD 285968 b,HD 285968,1,8.7836,0.066,2.83,8.4,0.253,0.026,2.04,450.0,70.7353853,18.953358
HD 134606 e,HD 134606,5,4.3203,0.0527,1.33,2.34,0.119,0.00736246,5.47,1260.39,228.8103897,-70.5203328
Kepler-1835 b,Kepler-1835,1,11.96409988,0.0997,3.53387773,12.2,0.315272,0.0385,1.52,808.0,280.3148152,43.9856885
WASP-162 b,WASP-162,1,9.62468,0.0871,11.209,1652.716,1.0,5.2,6.9,910.0,168.2929079,-17.6577794
HD 108874 c,HD 108874,2,1624.0,2.659,13.8,314.64,1.23,0.99,0.658,168.21,187.6126029,22.8794399
TIC 172900988 b,TIC 172900988 Aa,1,200.452,0.90281,11.25,942.0,1.0036595,2.96386345,3.64,361.24,128.6616644,31.5539793
Kepler-1050 b,Kepler-1050,2,15.3787546,0.12353,1.6,3.19,0.14274244,0.01,4.28,1039.0,282.9249847,48.6264015
HD 93351 b,HD 93351,2,2.45946,0.035,1.69,3.49611248,0.151,0.011,3.98,1330.76,161.6779279,-1.6885763
HD 28471 d,HD 28471,3,11.681,0.1,2.06,4.91,0.184,0.01544859,3.09,945.0,66.2875166,-64.0786861
Kepler-1545 b,Kepler-1545,1,163.692349,0.5442,2.7,7.75,0.24087787,0.0244,2.16,274.0,298.8988313,47.4630696
Kepler-1811 b,Kepler-1811,1,76.42230225,0.3462,3.84829873,14.1,0.34332281,0.0445,1.36,455.0,289.9793241,40.1427848
Kepler-1774 b,Kepler-1774,1,59.77080154,0.29496,3.18179549,10.2,0.28386127,0.0322,1.74,522.0,288.5743991,40.9886069
Kepler-771 b,Kepler-771,1,8.73485836,0.0843,1.82,3.97,0.16236952,0.0125,3.62,890.0,287.4441104,38.0884183
KOBE-1 b,KOBE-1,2,8.5399,0.07006,2.91,8.8,0.26,0.0276879,1.96,594.4,19.1660378,25.3310358
Kepler-1196 b,Kepler-1196,1,66.1849031,0.3179,2.23,5.6,0.19894727,0.0176,2.77,436.0,292.369585,43.9108663
Kepler-1277 b,Kepler-1277,1,40.8365012,0.21857,1.6,3.19,0.14274244,0.01,4.28,496.0,295.1025166,40.5723736
CoRoT-3 b,CoRoT-3,1,4.2568,0.05783,11.32,6883.91,1.01,21.66,26.4,1695.0,292.0552827,0.1218359
Kepler-333 b,Kepler-333,2,12.551158,0.087,1.32,28.2,0.118,0.089,67.4,480.0,292.2861201,40.9135429
Kepler-562 b,Kepler-562,1,18.009314436,0.1333,5.21,23.7,0.46480507,0.0745,0.921,658.0,290.1196007,46.2737393
Kepler-1671 b,Kepler-1671,1,4.16787,0.04946,1.32557381,2.32,0.11825977,0.00729,5.47,962.0,291.7484295,39.4467817
HIP 34222 b,HIP 34222,1,159.986,0.492,13.9,263.79757781,1.24,0.83,0.54,218.98,106.4257786,27.4704132
Kepler-206 b,Kepler-206,3,7.781987,0.078,1.2,1.87,0.107,0.00588,5.95,983.0,291.6346564,41.8338415
Kepler-1852 b,Kepler-1852,1,7.970940113,0.0762,1.88610592,4.22,0.16826739,0.0133,3.46,760.0,288.0297157,40.3441934
BD+37 3172 b,BD+37 3172,1,1887.76,4.65,12.4,3368.9811142,1.11,10.6,9.71,713.25,278.8155071,38.1153886
Kepler-881 b,Kepler-881,1,4.44448017,0.0552,1.78,3.82,0.15880096,0.012,3.72,1217.0,288.9925529,46.6706513
Kepler-185 b,Kepler-185,2,1.6329,0.026,1.17,1.71,0.104,0.00537,5.87,1237.0,282.4681674,43.8899464
Kepler-422 b,Kepler-422,1,7.8914483,0.082,12.89,136.66,1.15,0.43,0.38,1028.0,282.6296334,46.3232807
Kepler-1294 b,Kepler-1294,1,115.6862258,0.4684,3.19,10.3,0.28459274,0.0324,1.74,401.0,291.2681037,44.4881624
HD 153557 c,HD 153557,3,15.27018,0.111,4.36,17.48056238,0.389,0.055,1.16,604.33,254.4706516,47.3678558
Kepler-324 c,Kepler-324,4,51.805612,0.26,3.15,6.2,0.281,0.01950738,1.73,410.0,286.4714473,49.6490933
Gl 725 A b,Gl 725 A,1,11.2201,0.068,1.48,2.78,0.132,0.00874686,4.71,376.1,280.6834312,59.638109
Kepler-1379 b,Kepler-1379,1,0.881841146,0.0171,1.3,2.24,0.11597823,0.00705,5.6,1564.0,293.6704404,41.4102105
Kepler-1122 b,Kepler-1122,1,42.1917357,0.2315,2.04,4.82,0.18199661,0.0152,3.12,526.0,288.2805801,46.3408747
Kepler-1826 b,Kepler-1826,1,1.615360022,0.0213,1.47519116,2.78,0.13160797,0.00874,4.76,806.0,292.7700072,48.8998469
Kepler-913 c,Kepler-913,2,5.939119816,0.0699,3.8580709,14.2,0.34419462,0.0447,1.36,1357.0,297.5830564,41.9523531
HD 134606 c,HD 134606,5,58.883,0.3007,3.37,11.31,0.301,0.03558524,1.62,527.65,228.8103897,-70.5203328
Kepler-1847 b,Kepler-1847,1,11.12969971,0.0989,2.74516914,7.97,0.24490801,0.0251,2.12,843.0,296.6014013,44.3252289
Kepler-770 d,Kepler-770,3,4.15244722,0.0616,1.4,2.54,0.12489963,0.008,5.09,1941.0,286.4904589,38.374872
HATS-5 b,HATS-5,1,4.763387,0.0542,10.223,75.323,0.912,0.237,0.39,1025.0,67.2228465,-21.4820568
Kepler-46 c,Kepler-46,3,57.011,0.2799,13.5,119.499,1.21,0.376,0.267,455.0,289.2687388,42.6041819
HD 10180 e,HD 10180,6,49.748,0.2699,5.39,25.1,0.481,0.079,0.881,577.77,24.4731133,-60.5114881
Kepler-1027 b,Kepler-1027,1,1.907805199,0.02911,0.89,0.64,0.07940048,0.00201,4.99,1268.0,287.5711746,42.8138159
Kepler-276 c,Kepler-276,3,31.884,0.18619,2.9,16.6,0.259,0.052,0.89,563.0,293.568197,39.0363123
HIP 75092 b,HIP 75092,1,926.4,2.02,13.5,568.91284853,1.2,1.79,1.27,353.19,230.1724206,-25.9910525
Kepler-828 b,Kepler-828,1,0.567857136,0.01228,1.51,2.89,0.13471318,0.00909,4.61,1848.0,286.8872555,42.4712271
Kepler-1145 b,Kepler-1145,1,3.97076766,0.0443,1.4,2.54,0.12489963,0.008,5.09,958.0,295.3081524,43.0444026
HIP 107773 b,HIP 107773,1,144.3,0.72,13.4,629.3034,1.19,1.98,1.44,957.11,327.5005089,-64.7126993
WASP-50 b,WASP-50,1,1.9551,0.0293,13.069694,466.828704,1.166,1.4688,1.325,1394.84,43.6880738,-10.8980242
HD 145457 b,HD 145457,1,176.13,0.762,13.2,888.01256916,1.18,2.794,2.12,826.81,242.5162215,26.7429068
Kepler-1925 b,Kepler-1925,1,46.71640015,0.2588,3.00177922,9.28,0.26780127,0.0292,1.89,531.0,289.8287452,45.1026883
XO-7 b,XO-7,1,2.8641424,0.04421,15.389957,225.34147,1.373,0.709,0.34,1743.0,277.4780753,85.2333208
K2-101 b,K2-101,1,14.6762429,0.1124,2.0,4.66,0.17842836,0.0147,3.2,618.0,130.3439097,18.9338205
HN Lib b,HN Lib,1,36.116,0.1417,2.2,5.46,0.196,0.01717908,2.82,234.4,218.5684823,-12.5170062
ups And d,ups And,3,1276.46,2.51329,12.5,3257.74117175,1.11,10.25,9.17,233.9,24.1983534,41.4038147
Kepler-1620 b,Kepler-1620,1,101.951829,0.4322,1.61,3.22,0.14363458,0.0101,4.24,428.0,297.2709026,46.9284743
Kepler-1157 b,Kepler-1157,1,4.45743164,0.0448,1.09,1.32,0.09724329,0.00416,5.6,732.0,283.1209268,43.5255701
Kepler-249 c,Kepler-249,3,7.113702,0.058,1.51,2.89,0.135,0.00909,4.61,429.0,296.9853002,43.6586043
Kepler-1610 b,Kepler-1610,2,8.70181574,0.0777,1.61,3.22,0.14363458,0.0101,4.24,750.0,295.9049795,45.4054296
Kepler-1245 c,Kepler-1245,2,2.936584681,0.0372,1.44,2.67,0.1284682,0.00839,4.91,1190.0,290.7443078,43.260753
Kepler-1746 b,Kepler-1746,1,321.2120056,0.94082,8.93504475,59.1,0.79713267,0.186,0.455,310.0,288.3203979,42.2613874
HD 2638 b,HD 2638,1,3.4442,0.04,14.3,133.4886,1.28,0.42,0.251,1212.27,7.4990038,-5.76496
BD-13 2130 b,BD-13 2130,1,714.29999,1.66,12.5,3108.3774,1.11,9.78,8.75,744.77,114.2884692,-13.9066703
HD 19615 b,HD 19615,1,402.0,1.1,12.6,2701.5414595,1.12,8.5,7.42,1113.92,48.7813299,73.868015
Kepler-305 c,Kepler-305,4,8.291,0.07568,3.3,6.0,0.294,0.019,0.917,728.0,299.2242557,40.343167
HD 77338 b,HD 77338,1,5.7361,0.06,4.12,15.9,0.368,0.05,1.25,1035.54,135.3022475,-25.5282343
TOI-4603 b,TOI-4603,1,7.24599,0.0888,11.67975789,4096.80816623,1.042,12.89,14.1,1677.0,83.8659288,21.2942417
Kepler-209 c,Kepler-209,2,41.749882,0.231,3.1,9.8,0.277,0.0308,1.81,486.0,291.1694567,42.6407281
Kepler-826 b,Kepler-826,1,4.48758907,0.05202,1.25,2.1,0.11151753,0.0066,5.91,1305.0,284.8601128,39.2405076
HD 66428 c,HD 66428,2,10478.84437,9.408,13.5,560.64930995,1.2,1.764,1.25,95.52,120.8691654,-1.1636019
Kepler-17 b,Kepler-17,1,1.4857108,0.02591,14.68,778.65,1.31,2.45,1.35,1570.0,298.3952437,47.8149865
HD 163607 c,HD 163607,2,1272.0,2.39,13.3,699.54383,1.19,2.201,1.63,228.5,268.4181383,56.3924701
TOI-132 b,TOI-132,1,2.1097019,0.026,3.42,22.4,0.30511196,0.07047793,3.08,1395.0,338.3996623,-43.436872
Kepler-1696 b,Kepler-1696,1,65.9409,0.3244,2.80982017,8.29,0.25067537,0.0261,2.05,454.0,295.5761011,42.0233639
Kepler-1401 b,Kepler-1401,1,11.20066445,0.0975,1.68,3.46,0.14987956,0.0109,4.01,808.0,287.4660334,40.75842
Kepler-1996 b,Kepler-1996,2,32.376183,0.1789,2.26,5.73,0.20162404,0.018,2.73,392.0,285.2537555,46.5822183
Kepler-928 b,Kepler-928,1,3.932461302,0.0444,1.59,3.15,0.1418503,0.00993,4.31,894.0,289.920676,41.5427758
HIP 107772 b,HIP 107772,1,55.199,0.243,3.64,12.9,0.325,0.04058774,1.47,280.92,327.4977057,-41.2440371
Kepler-153 c,Kepler-153,2,46.90232,0.237,2.53,6.94,0.226,0.0218,2.35,458.0,282.460502,48.2570293
HD 73256 c,HD 73256,1,2690.0,3.8,12.2,5085.254512,1.09,16.0,15.4,133.92,129.0949961,-30.0373339
HD 149143 b,HD 149143,1,4.07182,0.053,13.6,422.7139,1.22,1.33,0.923,1471.9,248.2126715,2.0844547
Kepler-48 d,Kepler-48,5,42.8961,0.23302,2.04,7.93,0.182,0.025,5.08,448.0,299.1393094,40.948939
WASP-48 b,WASP-48,1,2.14363,0.03444,16.8135,254.264,1.5,0.8,0.415,2035.0,291.1623865,55.4730273
Kepler-18 d,Kepler-18,3,14.85888,0.1172,6.98,16.4,0.623,0.052,0.27,720.0,298.0794448,44.746248
TOI-4443.01,TOI-4443,1,1.8498567,0.029962645,1.7193265,3.6,0.15322184,0.0113,3.89,1638.82,274.2686643,21.9095459
TOI-3856 b,TOI-3856,1,2.04360352,0.0325,13.59649359,171.62733978,1.213,0.54,0.371,1544.0,145.2229223,27.950158
Kepler-106 c,Kepler-106,4,13.5708,0.10987,2.5,10.44,0.223,0.033,3.28,785.0,300.864006,44.3375497
Kepler-957 b,Kepler-957,1,5.907413537,0.0559,5.5,25.9,0.49067713,0.0816,0.855,769.0,290.1563633,48.818971
Kepler-309 b,Kepler-309,2,5.923653,0.059,1.56,3.05,0.139,0.00961,4.41,531.0,297.5098911,46.9614121
TOI-5734 b,TOI-5734,1,6.1841876,0.05921,2.1,9.1,0.18734977,0.0286318,5.403344,688.0,111.2558179,37.2311218
Kepler-1740 b,Kepler-1740,1,8.172400475,0.0779,3.32321414,11.0,0.29647782,0.0347,1.65,858.0,293.873663,38.9224548
Kepler-176 d,Kepler-176,4,25.751974,0.163,2.51,1.72,0.224,0.00541173,0.6,501.0,294.6679021,43.8532104
TOI-1695 b,TOI-1695,1,3.1342791,0.033548,1.9,6.36,0.16950694,0.0200108,5.0,698.0,21.9217346,72.2966148
HATS-24 b,HATS-24,1,1.3484978,0.0238,15.636555,718.2958,1.395,2.26,1.03,2166.0,268.8907069,-61.7474
K2-150 b,K2-150,1,10.59357,0.0727,2.0,4.66,0.17842805,0.0147,3.2,413.19,18.3443908,8.9874328
HD 20868 b,HD 20868,1,380.85001,0.95,13.7,397.2875,1.22,1.25,0.849,207.11,50.1794053,-33.72969
Kepler-1829 b,Kepler-1829,1,5.186719894,0.0559,2.47887001,6.71,0.22115035,0.0211,2.42,860.0,288.664484,51.4983798
HD 37124 c,HD 37124,3,885.5,1.71,14.1,207.22516,1.25,0.652,0.406,204.73,84.2599947,20.7289784
HD 67087 c,HD 67087,2,2374.0,3.86,12.9,1540.0,1.15,4.85,3.94,193.42,121.9155672,31.5511553
Kepler-277 c,Kepler-277,2,33.006,0.21781,3.36,64.2,0.3,0.202,7.8,778.0,286.5831894,39.0772582
K2-116 b,K2-116,1,4.655411,0.048,0.69,0.257,0.06155768,0.000809,4.3,783.03,336.1523363,-11.5793181
Kepler-1350 b,Kepler-1350,2,4.4968604,0.0413,2.52,6.9,0.22481934,0.0217,2.37,535.0,288.250611,46.6794847
Kepler-995 b,Kepler-995,1,28.26731672,0.1701,2.7,7.75,0.24087787,0.0244,2.16,517.0,284.6157154,39.130998
CFHTWIR-Oph 98 b,CFHTWIR-Oph 98 A,1,8040000.0,200.0,20.8487041,2479.0615746,1.86,7.8,1.5,1800.0,246.934277,-23.98115
Kepler-1174 b,Kepler-1174,1,6.89225223,0.0732,1.59,3.15,0.1418503,0.00993,4.31,1156.0,281.8314296,42.298891
KOI-3503 c,KOI-3503,2,31.828,0.18688,1.21,10.36,0.10794916,0.03259621,10.0,686.0,293.1507654,41.7291532
Kepler-269 c,Kepler-269,2,8.127899,0.081,1.69,3.5,0.151,0.011,3.98,875.0,290.2151459,41.775981
TOI-6054.02,TOI-6054,2,12.563636,0.1079,2.82,9.3,0.25158398,0.02926107,2.25,1143.0,56.337007,60.350917
TOI-5788 c,TOI-5788,2,16.213362,0.1197,2.272,6.4,0.20269461,0.02013665,3.032489,667.0,287.4249017,31.7615284
Kepler-1719 b,Kepler-1719,1,6.149559975,0.06868,3.95000623,14.8,0.35239656,0.0465,1.32,1287.0,284.7068546,38.9367566
Kepler-122 b,Kepler-122,5,5.766193,0.064,2.34,6.08,0.209,0.0191,2.61,1159.0,291.1118647,39.9490248
Kepler-607 b,Kepler-607,2,0.638163204,0.0137,0.87,0.59,0.0776162,0.00186,4.92,1874.0,291.0571451,44.632306
Kepler-1981 b,Kepler-1981,1,453.54212,1.3292,9.23,62.5,0.82344686,0.197,0.437,390.0,287.9754691,38.7402988
Kepler-430 b,Kepler-430,2,35.968,0.2244,3.25,10.6,0.29,0.0334,1.7,667.0,292.8085984,49.5794242
Kepler-1229 b,Kepler-1229,1,86.828989,0.3006,1.4,2.54,0.12489963,0.008,5.09,212.0,297.4868347,46.9966782
HD 37605 c,HD 37605,2,2720.0,3.74,13.1,1013.8777,1.17,3.19,2.48,126.75,85.0074276,6.0595116
TOI-1431 b,TOI-1431,1,2.650237,0.046,16.70138124,991.62462984,1.49,3.12,1.17,2370.0,316.2036922,55.5880221
Kepler-1266 c,Kepler-1266,2,4.86631012,0.0506,1.68023962,3.46,0.1499012,0.0109,4.01,881.0,285.8693277,42.7279996
TOI-7009 b,TOI-7009,1,2.3206612,0.0287,3.71,13.3,0.3309846,0.0418,1.43,872.0,299.5131334,55.6510291
Kepler-32 e,Kepler-32,5,2.896,0.033,1.5,4.08181,0.13382104,0.01284281,0.091,652.0,297.8423073,46.5743595
Kepler-1555 b,Kepler-1555,1,8.10501635,0.0805,1.61,3.22,0.14363458,0.0101,4.24,959.0,287.6354587,45.7160327
Kepler-1725 b,Kepler-1725,1,16.71990013,0.13263,2.8125177,8.31,0.25091645,0.0261,2.05,767.0,294.3735518,40.1946345
Kepler-155 c,Kepler-155,2,52.661793,0.242,2.24,5.65,0.2,0.0178,2.76,286.0,288.4957831,51.0819286
HD 38529 c,HD 38529,2,2127.60566,3.226,12.5,3299.05886466,1.11,10.38,9.28,258.56,86.6451363,1.1675866
TOI-6716 b,TOI-6716,1,4.7185898,0.0319,0.982,0.911,0.0876,0.00287,5.29,369.0,111.657082,-30.5521801
Kepler-163 c,Kepler-163,2,21.347262,0.152,2.26,5.73,0.202,0.018,2.73,648.0,295.0027458,46.9873389
Kepler-52 b,Kepler-52,3,7.8773565,0.0637,2.1,135.0,0.187,0.4247575,3.35,553.0,286.7380152,49.9757383
Kepler-439 b,Kepler-439,1,178.1396,0.563,2.24,5.65,0.2,0.0178,2.76,291.0,280.8015188,44.0339733
Kepler-1491 c,Kepler-1491,2,61.569765,0.3045,2.44,6.53,0.21768259,0.0205,2.47,530.0,293.6297645,45.7406293
WASP-194 b,WASP-194,1,3.183387,0.047,15.47960235,373.13054982,1.381,1.174,0.55,1693.0,295.3877064,56.2178049
Kepler-1758 b,Kepler-1758,1,9.977210045,0.0919,2.57059831,7.13,0.22933382,0.0224,2.31,1028.0,297.7968197,39.9213378
Kepler-1158 b,Kepler-1158,1,13.5396293,0.12643,2.34,6.08,0.20876082,0.0191,2.61,1079.0,292.2339048,41.5751832
Kepler-311 b,Kepler-311,3,9.176092,0.087,1.7,3.53,0.152,0.0111,3.95,960.0,282.0612731,47.0854984
Kepler-1956 b,Kepler-1956,1,5.943719864,0.0563,1.08940238,1.32,0.09719014,0.00416,5.61,674.0,294.6208506,49.894219
Kepler-402 e,Kepler-402,4,11.242861,0.102,1.46,2.73,0.13,0.00859,4.82,931.0,288.3701976,43.3546109
Kepler-565 b,Kepler-565,1,4.243747226,0.0501,3.64,12.9,0.32473905,0.0405,1.47,1063.0,283.6180825,47.1967793
Kepler-750 b,Kepler-750,2,9.42887179,0.08742,3.07,9.64,0.27388706,0.0303,1.83,1163.0,289.0968274,44.004364
TOI-1272 b,TOI-1272,1,3.3159765,0.041,4.26,24.1,0.3800524,0.07582708,1.72,1051.0,199.1962036,49.8610591
Kepler-238 e,Kepler-238,5,23.654,0.17286,5.6,169.7,0.5,0.534,0.54,731.0,287.8971066,40.6378141
Kepler-1255 b,Kepler-1255,1,36.2919336,0.2226,2.32,5.99,0.20697654,0.0189,2.64,694.0,295.2392569,42.7264842
Kepler-352 c,Kepler-352,3,16.332995,0.118,1.24,2.07,0.111,0.00651,5.97,591.0,299.8966237,46.0519022
Kepler-1742 b,Kepler-1742,1,49.47819901,0.2587,2.1782413,5.38,0.19433001,0.0169,2.86,462.0,286.9668086,44.9924315
Kepler-127 b,Kepler-127,3,14.435889,0.125,1.4,2.54,0.125,0.008,5.09,884.0,285.1899439,46.0280596
HIP 111909 c,HIP 111909,2,893.63,1.97,13.9,257.44100967,1.24,0.81,0.527,357.64,340.0304354,-49.5985391
Kepler-568 b,Kepler-568,1,11.02347475,0.0794,2.26,5.73,0.2016237,0.018,2.73,429.0,298.1061315,48.4016448
Kepler-1611 b,Kepler-1611,1,5.1762429,0.0586,0.81,0.457,0.07226336,0.00144,4.73,1243.0,296.5120204,49.7277506
Kepler-1923 b,Kepler-1923,1,52.60969925,0.2846,1.95958179,4.5,0.17482248,0.0142,3.29,553.0,298.0834457,40.3462551
HD 63765 b,HD 63765,1,358.0,0.94,14.2,168.4499,1.27,0.53,0.323,246.9,116.9582617,-54.265345
Kepler-896 b,Kepler-896,2,144.547396,0.56378,2.53,6.94,0.22571148,0.0218,2.35,303.0,282.4391402,43.7344291
Kepler-1208 b,Kepler-1208,1,11.08507637,0.0901,2.32,5.99,0.20697654,0.0189,2.64,665.0,291.8812445,44.5557587
Kepler-499 b,Kepler-499,1,5.632528453,0.0598,2.17,5.35,0.19359443,0.0168,2.88,844.0,295.1099549,43.9151012
HD 62549 b,HD 62549,1,14306.88519,11.842,12.6,2707.58019923,1.12,8.519,7.44,92.25,116.0821439,-5.0541223
Kepler-155 b,Kepler-155,2,5.931194,0.056,2.09,5.02,0.186,0.0158,3.02,614.0,288.4957831,51.0819286
HD 111591 b,HD 111591,1,1056.4,2.5,12.9,1398.452,1.15,4.4,3.58,422.08,192.5725483,22.8631285
Kepler-45 b,Kepler-45,1,2.455239,0.03,10.76,160.497,0.96,0.505,0.8,1000.0,292.8729292,41.0641727
Kepler-406 c,Kepler-406,2,4.62332,0.05531,0.85,2.71,0.076,0.009,24.39,1050.0,291.8481764,44.9682807
ups And c,ups And,3,241.258,0.827774,12.3,4443.24112986,1.1,13.98,13.1,407.56,24.1983534,41.4038147
Kepler-93 b,Kepler-93,2,4.72673978,0.05343,1.478,4.66,0.13185856,0.014662,7.93,1133.0,291.4181275,38.6723124
TOI-3464 b,TOI-3464,1,3.6515568,0.0515,13.7646283,397.28550875,1.228,1.25,0.83,1693.0,234.4830357,-44.7899772
K2-5 b,K2-5,2,5.73594,0.0532,1.91,4.31,0.17039879,0.0136,3.4,565.0,169.3034598,-1.8778254
Kepler-596 b,Kepler-596,1,21.30022655,0.15161,3.46,11.8,0.30868052,0.0372,1.57,725.0,289.5006797,51.6857106
Kepler-1757 b,Kepler-1757,1,19.65640068,0.1335,2.94660251,8.99,0.26287872,0.0283,1.93,549.0,297.7397823,46.9418957
K2-174 b,K2-174,1,19.562307,0.126,2.6,7.27,0.23195646,0.0229,2.27,455.0,60.7929729,16.347166
TOI-2267 b,TOI-2267 A,3,2.28909,0.0205,1.0,0.972,0.08921418,0.00306,5.34,424.0,65.0614963,84.9008238
TOI-756 c,TOI-756,2,149.4,0.439,13.0,1287.20504835,1.16,4.05,3.22,194.0,192.103738,-45.4704709
K2-274 b,K2-274,1,14.1330314,0.0964,2.08,4.98,0.18556549,0.0157,3.04,655.0,129.2823699,20.3992512
Kepler-415 b,Kepler-415,2,4.176,0.0426,1.21,119.9,0.108,0.377,372.0,694.0,293.8045041,38.6390517
Kepler-1686 b,Kepler-1686,1,9.30987,0.08827,1.42553017,2.62,0.12717728,0.00825,4.97,913.0,291.6067189,42.0359783
Kepler-85 b,Kepler-85,4,8.3,0.07885,1.778,1.84,0.15862281,0.00578929,1.819493,809.0,290.9734395,45.2902761
TOI-3593 b,TOI-3593,1,3.8212867,0.0481,11.02963701,565.73456446,0.984,1.78,2.31,1170.0,331.506364,34.2116583
Kepler-263 c,Kepler-263,2,47.332773,0.242,2.47,6.66,0.22,0.021,2.43,386.0,292.4698022,37.5677941
K2-324 b,K2-324,1,3.262,0.0331,2.43,6.48,0.21679008,0.0204,2.48,707.0,157.6222171,6.8636732
Kepler-403 d,Kepler-403,3,13.61159129,0.12178,1.42,2.6,0.12668391,0.00819,4.99,958.0,289.9214256,46.7445267
TOI-954 b,TOI-954,1,3.6849729,0.04963,9.550068,55.30242,0.852,0.174,0.35,1526.0,61.9410587,-25.2088028
HD 213519 b,HD 213519,1,11.12214,0.099,2.99,9.2170238,0.267,0.029,1.89,931.36,337.7727845,45.1452472
Kepler-725 c,Kepler-725,2,207.541,0.6744,3.08,9.7,0.275,0.03051961,1.82,268.0,283.9774949,44.8115613
Kepler-378 b,Kepler-378,2,16.092361,0.112,0.75,0.347,0.067,0.00109,4.52,503.0,294.9489697,46.4388673
Kepler-82 d,Kepler-82,5,2.382961,0.034,1.77,885.098,0.158,2.78482974,220.0,1253.0,292.8733696,42.9661583
TOI-1752 b,TOI-1752,2,0.9351861,0.01624,1.693,3.51,0.1510396,0.011,3.97,1036.0,253.4614861,60.7096197
K2-317 b,K2-317,1,6.22,0.0542,2.93,8.91,0.26139709,0.028,1.95,432.0,228.6188638,-21.0227209
Kepler-1375 b,Kepler-1375,1,3.3004192,0.0471,1.74,3.68,0.1552324,0.0116,3.84,1543.0,296.2935173,43.4032189
WASP-29 b,WASP-29,1,3.92273,0.0457,8.63093,73.1009,0.77,0.23,0.65,970.0,357.8791976,-39.9071215
Kepler-1476 b,Kepler-1476,1,10.35863224,0.0932,1.67,3.43,0.14898742,0.0108,4.05,860.0,284.5320743,43.9898971
Kepler-883 b,Kepler-883,1,12.98495573,0.10288,1.78,3.82,0.15880096,0.012,3.72,818.0,286.433726,50.3002266
TOI-1820 b,TOI-1820,1,4.860674,0.061,12.778238,731.0053361,1.14,2.3,2.0,1375.0,187.6867207,27.4520016
Kepler-1220 b,Kepler-1220,1,7.42693741,0.0734,1.52,2.92,0.13560532,0.0092,4.57,899.0,297.070398,42.9777396
Kepler-1284 b,Kepler-1284,1,0.664073806,0.0143,1.21,1.92,0.10794897,0.00606,5.96,1703.0,291.2789549,47.6875766
HD 4760 b,HD 4760,1,434.0,1.14,12.3,4417.837,1.1,13.9,13.0,1198.67,12.4161652,6.4071412
Kepler-1425 b,Kepler-1425,1,14.4541302,0.11435,0.94,0.779,0.08386118,0.00245,5.15,676.0,294.9510368,43.0124348
TOI-2497 b,TOI-2497,1,10.655669,0.1166,11.14172682,1531.93292174,0.994,4.82,6.1,1595.0,90.0625878,11.8840577
HD 240210 b,HD 240210,1,501.75,1.16,12.8,1655.82,1.14,5.21,4.34,970.67,347.6219227,57.0294818
TOI-3362 b,TOI-3362,1,18.09547,0.153,12.80065596,1598.3590588,1.142,5.029,4.19,688.0,155.9841428,-56.8431169
Kepler-146 b,Kepler-146,2,31.158799,0.2,3.71,13.3,0.331,0.0418,1.43,639.0,294.1107631,38.7102222
HIP 113103 c,HIP 113103,2,14.245648,0.10479,2.4,6.35,0.21411403,0.02,2.52,585.0,343.5723794,-43.0102291
WASP-32 b,WASP-32,1,2.71866,0.0394,10.76064,835.8929,0.96,2.63,3.24,1388.0,3.9617073,1.2005122
Kepler-192 d,Kepler-192,3,6.47027579,0.0686,1.02,1.04,0.0909983,0.00328,5.39,926.0,287.9179379,45.5928829
Kepler-1488 b,Kepler-1488,2,39.8189932,0.24153,1.86,4.12,0.16593809,0.013,3.52,650.0,286.6464265,49.9377735
BD+14 4559 b,BD+14 4559,1,268.94,0.78,13.8,330.5432,1.23,1.04,0.691,246.28,318.4010002,14.6893834
TOI-2977 b,TOI-2977,1,2.3505614,0.03386,13.15934334,533.95172376,1.174,1.68,1.28,1544.0,143.9265177,-60.3574758
Kepler-1873 b,Kepler-1873,1,0.558842003,0.0128,1.62573811,3.28,0.14503889,0.0103,4.19,1787.0,294.596557,46.0483705
Kepler-52 d,Kepler-52,3,36.445171,0.182,1.95,88.8775,0.174,0.27963989,18.0,332.0,286.7380152,49.9757383
K2-370 b,K2-370,1,2.1408093,0.0321,2.67,11.1,0.23820186,0.03492451,3.2,1267.0,67.8205302,19.8316901
Kepler-829 b,Kepler-829,1,6.88337562,0.0678,2.11,5.1,0.18824159,0.016,2.98,857.0,282.3328312,42.4638125
HIP 29442 d,TOI-469,3,6.429575,0.0673,1.538,5.14,0.13721141,0.01617225,11.0,920.0,93.0578446,-14.6493167
nu Oct A b,nu Oct A,1,402.4,1.24,13.3,696.04421133,1.19,2.19,1.63,477.33,325.3702792,-77.3910853
Kepler-196 b,Kepler-196,3,20.739886,0.138,1.9,4.27,0.17,0.0134,3.42,536.0,284.9685077,42.0791214
Kepler-131 b,Kepler-131,2,16.092,0.12789,2.41,16.13,0.215,0.051,6.0,718.0,288.5308924,40.942373
Kepler-179 b,Kepler-179,2,2.735926,0.036,1.64,3.33,0.146,0.0105,4.15,1075.0,298.6636163,47.7619329
Kepler-1745 b,Kepler-1745,1,3.016190052,0.0408,1.92872921,4.38,0.17206999,0.0138,3.35,1449.0,293.4689924,42.8223582
Kepler-251 c,Kepler-251,4,16.514043,0.122,2.77,8.1,0.247,0.0255,2.09,655.0,296.5662171,44.1058077
Kepler-806 b,Kepler-806,1,8.09219642,0.07684,1.14,1.55,0.10170399,0.00489,5.75,1089.0,296.0071956,44.8535698
HD 38529 b,HD 38529,2,14.3099,0.115,14.1,206.58846455,1.25,0.65,0.405,1369.46,86.6451363,1.1675866
Kepler-200 c,Kepler-200,2,10.222157,0.09,1.59,3.15,0.142,0.00993,4.31,806.0,284.4099503,41.2374928
Kepler-1854 b,Kepler-1854,1,39.83110046,0.20894,2.58746104,7.21,0.23083821,0.0227,2.29,420.0,286.28593,37.3869915
WASP-158 b,WASP-158,1,3.656333,0.0517,11.99363,886.7457,1.07,2.79,3.1,1590.0,4.1463468,-10.9764226
Kepler-438 b,Kepler-438,1,35.23319,0.166,1.12,1.46,0.1,0.00459,5.71,288.0,281.6457236,41.9510686
TIC 139270665 c,TIC 139270665,2,1010.0,2.0,12.9,1554.18091023,1.15,4.89,3.98,200.0,124.0338967,33.2914532
HD 175541 b,HD 175541,1,298.43,0.975,14.1,190.06234,1.26,0.598,0.373,501.11,283.9203211,4.2649344
Kepler-1266 b,Kepler-1266,2,28.474748,0.16431,2.58,7.18,0.23017218,0.0226,2.3,489.0,285.8693277,42.7279996
Kepler-255 b,Kepler-255,3,5.714606,0.063,1.55,3.02,0.138,0.00951,4.46,971.0,296.0642702,45.9767647
Kepler-1423 b,Kepler-1423,1,23.955378,0.1586,1.06,1.2,0.09456687,0.00377,5.54,741.0,288.2437481,41.1100655
Kepler-1869 b,Kepler-1869,2,8.167360306,0.07976,1.11955354,1.46,0.09988005,0.00458,5.72,865.0,292.6149958,42.7643438
Kepler-1831 b,Kepler-1831,1,5.78387022,0.0655,1.97019818,4.54,0.17576961,0.0143,3.26,1051.0,295.3024604,49.5890456
HD 219134 b,HD 219134,6,3.092926,0.03876,1.602,4.74,0.14292087,0.01491363,6.34,1015.0,348.3372026,57.1696255
TOI-6695 c,TOI-6695,2,242.4,0.838,13.6,460.85119015,1.21,1.45,1.01,415.0,129.5720221,-23.550217
Kepler-1797 b,Kepler-1797,1,23.3593998,0.1637,3.05774442,9.58,0.27279416,0.0301,1.84,684.0,292.4642406,45.9682799
HIP 35173 b,HIP 35173,1,41.516,0.217,3.61,12.7,0.322,0.03995847,1.48,444.34,109.0449329,-3.6661273
Kepler-1894 b,Kepler-1894,2,2.762660027,0.0385,1.20117759,1.87,0.10716207,0.0059,5.93,1231.0,295.5864604,49.6668523
Kepler-1223 b,Kepler-1223,1,16.301259,0.1186,1.22,1.98,0.10884111,0.00624,5.99,557.0,285.2956462,44.5527542
K2-7 b,K2-7,1,28.6781,0.1867,4.03523305,15.3,0.36,0.0482,1.28,786.0,167.0937488,-1.065855
Kepler-307 b,Kepler-307,2,10.4208,0.09359,2.43,7.44,0.21679008,0.02340874,2.62,797.0,297.7950939,40.4176403
Kepler-755 c,Kepler-755,2,2.853133644,0.037,1.26,2.13,0.11240967,0.00669,5.85,1016.0,296.8609348,41.0973178
HAT-P-22 b,HAT-P-22,1,3.21222,0.0414,12.89035,785.0401,1.15,2.47,2.14,1463.0,155.6814593,50.1287115
Kepler-268 b,Kepler-268,2,25.934138,0.18,2.55,7.04,0.227,0.0221,2.33,695.0,291.9761559,38.0550327
Kepler-1775 b,Kepler-1775,1,85.65399933,0.39565,3.64762153,12.9,0.32541956,0.0406,1.46,522.0,286.4023452,38.7385674
HAT-P-20 b,HAT-P-20,1,2.875317,0.0361,9.718,2302.899,0.867,7.246,13.78,970.0,111.9164295,24.3361185
Kepler-607 c,Kepler-607,2,39.67679977,0.21507,2.76001201,8.05,0.2462322,0.0253,2.1,473.0,291.0571451,44.632306
Kepler-907 b,Kepler-907,1,15.86621821,0.1225,1.2,1.87,0.10705683,0.00588,5.95,879.0,285.4764959,41.6326615
Kepler-318 c,Kepler-318,2,11.815007,0.105,3.68,13.1,0.328,0.0413,1.44,762.0,298.4828337,46.7936357
Kepler-823 b,Kepler-823,1,4.16809082,0.0507,1.57,3.09,0.14006602,0.00972,4.39,1277.0,284.5825682,39.2201737
HD 75302 b,HD 75302,1,4356.0,5.3,12.8,1716.2733978,1.14,5.4,4.5,115.76,132.3015641,3.4850141
TOI-540 b,TOI-540,1,1.2391491,0.01223,0.903,0.674,0.08056026,0.00212,5.03,611.0,76.3096949,-47.9375391
Kepler-225 b,Kepler-225,2,6.738975,0.056,1.2,1.87,0.107,0.00588,5.95,579.0,292.1939846,47.4570808
K2-13 b,K2-13,1,39.91488,0.2114,1.89,4.23,0.16861451,0.0133,3.44,511.0,170.1554763,2.5027534
Kepler-647 c,Kepler-647,2,29.6663,0.18291,4.00135002,15.1,0.35697654,0.0476,1.3,644.0,284.7882977,44.5916225
HD 24085 b,HD 24085,1,2.0455,0.034,3.46,11.8,0.309,0.03712677,1.57,1875.43,56.2563447,-70.0245193
K2-360 c,EPIC 201595106,2,9.79692,0.0883,4.02,15.23,0.359,0.04791894,1.29,912.0,183.7203635,1.9681688
Kepler-314 b,Kepler-314,2,2.461069,0.035,0.83,0.498,0.074,0.00157,4.79,1195.0,294.6741507,42.0756037
Kepler-1184 b,Kepler-1184,1,53.5991044,0.2863,2.68,7.65,0.23909359,0.0241,2.18,529.0,291.282031,46.9659514
TOI-1438 c,TOI-1438,2,9.428089,0.083,2.75,10.6,0.24533899,0.03335133,2.9,794.0,280.9237844,74.9378327
HD 155193 b,HD 155193,1,352.65,1.04,14.0,238.37130525,1.25,0.75,0.477,391.86,257.4208876,10.0381003
Kepler-10 d,Kepler-10,3,151.06,0.5379,3.49,12.0,0.312,0.03775622,1.55,387.0,285.679298,50.2414842
TOI-6041 c,TOI-6041,2,88.0,0.3721,10.5,77.9,0.938,0.24510081,0.37,403.5,46.0610334,43.5576668
HIP 97233 b,HIP 97233,1,1062.26506,2.491,12.1,6098.17364511,1.08,19.187,18.9,354.42,296.4221207,-0.6968794
HD 107148 c,HD 107148,2,18.3267,0.1407,4.7,19.89605828,0.42,0.0626,1.05,799.68,184.8059773,-3.3199927
Kepler-502 b,Kepler-502,1,4.28686431,0.0535,4.77,20.4,0.4255509,0.0641,1.03,1217.0,291.080133,43.8601911
Kepler-1871 b,Kepler-1871,1,1.952700019,0.0308,2.42172881,6.44,0.21605255,0.0203,2.49,1403.0,292.4275044,38.4728824
Kepler-1235 b,Kepler-1235,1,4.16055856,0.04836,0.79,0.418,0.07047908,0.00131,4.66,985.0,284.9030677,43.9540616
Kepler-1625 b,Kepler-1625,1,287.378949,0.87762,6.06,30.6,0.54063699,0.0962,0.756,350.0,295.429322,39.8865068
K2-158 b,K2-158,2,10.06049,0.0887,2.64,7.46,0.23552502,0.0235,2.23,794.0,179.9397081,-5.7216879
TOI-1669 c,TOI-1669,2,2.6800535,0.0376,2.2963977,13.0,0.20487123,0.04090257,6.0,1285.16,45.9564744,83.5874273
Kepler-69 b,Kepler-69,2,13.722341,0.094,2.24,5.65,0.2,0.0178,2.76,779.0,293.2609013,44.8688656
Kepler-120 b,Kepler-120,2,6.312501,0.055,2.15,8.5,0.192,0.027,4.7,575.0,287.8915707,39.3390979
WASP-153 b,WASP-153,1,3.332609,0.048,17.37395,123.9537,1.55,0.39,0.15,1700.0,279.2624729,40.0186905
Kepler-341 e,Kepler-341,4,42.473269,0.242,1.99,4.62,0.178,0.0145,3.22,539.0,289.8615609,43.4727412
Kepler-627 b,Kepler-627,1,40.6994443,0.22661,3.73,13.4,0.33276831,0.0422,1.42,685.0,292.1042198,39.7678585
TOI-778 b,TOI-778,1,4.633611,0.06,15.4,878.0,1.37,2.8,1.3,1561.0,199.3338503,-15.2737046
Kepler-737 b,Kepler-737,1,28.59915399,0.1422,1.96,4.5,0.17485949,0.0142,3.28,298.0,291.8629793,46.4291614
NGTS-13 b,NGTS-13,1,4.119027,0.0549,12.800678,1538.2972,1.142,4.84,4.02,1605.0,176.2402326,-38.1397158
Kepler-1175 b,Kepler-1175,1,37.94563,0.2181,2.99,9.22,0.26674993,0.029,1.9,515.0,289.1426847,46.8129656
HD 130322 b,HD 130322,1,10.70871,0.0925,13.7,365.49,1.22,1.15,0.781,720.0,221.8857975,-0.2820782
Gl 49 b,Gl 49,1,13.8508,0.0905,2.24,5.63,0.2,0.01771387,2.75,435.99,15.6687321,62.3454386
TOI-2416 b,TOI-2416,1,8.275479,0.0831,9.86390302,953.485221,0.88,3.0,5.4,1080.0,57.3389409,-60.7871861
TOI-3523 A b,TOI-3523 A,1,2.30458952,0.03559,15.9727975,435.42491759,1.425,1.37,0.587,1984.0,304.2834581,42.9065338
Kepler-843 b,Kepler-843,1,2.053879821,0.0313,2.59,7.22,0.23106432,0.0227,2.28,1523.0,296.3219786,48.9714373
Kepler-249 b,Kepler-249,3,3.306539,0.035,1.09,1.32,0.097,0.00416,5.6,554.0,296.9853002,43.6586043
TYC 1422-614-1 c,TYC 1422-614-1,2,559.3,1.37,12.5,3178.0,1.11,10.0,8.94,518.21,154.2777769,19.5584068
GJ 2056 b,GJ 2056,1,69.971,0.283,4.17,16.2,0.372,0.05097064,1.23,310.74,108.0194945,-24.8921008
Kepler-1910 b,Kepler-1910,1,5.688769817,0.0536,1.184,1.78,0.10562959,0.0056,5.89,645.0,296.6171677,41.2811677
Kepler-1655 b,Kepler-1655,1,11.8728787,0.1029,2.213,5.4,0.19743098,0.0169903,2.72,938.0,286.6895986,39.2120802
HD 191939 g,HD 191939,6,284.0,0.812,3.74,13.5,0.334,0.04247575,1.42,278.0,302.0256247,66.8503014
K2-358 b,K2-358,1,11.2510285,0.0863,2.68,7.65,0.239094,0.0241,2.18,888.0,133.8081054,18.9497263
Kepler-1237 b,Kepler-1237,1,84.5733226,0.3778,2.86,8.55,0.25515211,0.0269,2.01,366.0,295.6292745,44.6905815
HAT-P-38 b,HAT-P-38,1,4.640382,0.0523,9.247,84.857,0.825,0.267,0.59,1082.0,35.3834942,32.2460441
K2-55 b,K2-55,1,2.849271,0.03486,4.43,44.0,0.39521881,0.13843948,2.8,900.0,333.7518786,-17.2508002
HD 21693 c,HD 21693,2,53.7357,0.2586,4.34,17.37,0.387,0.0547,1.17,492.36,51.8040469,-58.3232726
TOI-7149 b,TOI-7149,1,2.65206166,0.02603,13.2,224.0,1.18,0.705,0.53,593.0,244.7384657,19.1758116
Kepler-852 b,Kepler-852,1,44.9309804,0.27967,2.54,6.99,0.22660362,0.022,2.34,565.0,297.3915863,48.5606875
K2-357 b,K2-357,1,16.3488637,0.145,3.72,13.4,0.33187674,0.042,1.43,735.0,131.9386628,16.3289144
TOI-3976 A b,TOI-3976 A,1,6.607662,0.0743,12.27383387,55.61997123,1.095,0.175,0.165,1295.0,224.3560083,44.2743223
Kepler-1357 b,Kepler-1357,1,3.0091324,0.041,1.28,2.18,0.11419395,0.00687,5.71,1177.0,291.5480665,50.3532584
Kepler-132 e,Kepler-132,4,110.2869374,0.43927,1.18,1.76,0.10527255,0.00553,5.89,414.0,283.23581,41.343037
TOI-763 b,TOI-763,2,5.6057,0.06,2.28,9.79,0.20340798,0.03080263,4.51,1038.0,194.468098,-39.7580613
HATS-14 b,HATS-14,1,2.7667641,0.03815,11.646151,340.39593,1.039,1.071,1.191,1276.0,313.2154754,-25.6873756
Kepler-1320 b,Kepler-1320,1,0.868386528,0.0163,1.7,3.53,0.15166384,0.0111,3.95,1389.0,288.4335977,40.3808519
Kepler-1807 b,Kepler-1807,1,10.86060047,0.0988,2.70393215,7.77,0.24122908,0.0245,2.16,1108.0,291.5494119,44.5272788
rho CrB e,rho CrB,3,12.904,0.1061,1.75,3.71,0.156,0.01167297,3.8,1004.88,240.2600639,33.3001861
Kepler-1613 b,Kepler-1613,1,1.5184299,0.02755,2.08,4.98,0.18556517,0.0157,3.04,1926.0,289.8750066,43.4209318
HD 20794 b,HD 20794,4,18.314,0.1257,1.45,2.7,0.129,0.0085,4.87,660.0,49.9997666,-43.0666533
K2-277 b,K2-277,1,6.326768,0.0664,2.18575124,7.4,0.195,0.023283,4.0,1049.0,202.0161895,-15.9379749
Kepler-1032 b,Kepler-1032,1,3.290117953,0.0361,1.87,4.16,0.16683023,0.0131,3.5,802.0,289.9308779,40.0977109
TOI-5726.01,TOI-5726,1,5.491125215,0.062186,2.554,7.05,0.22785301,0.0222,2.33,1093.03,123.3950504,68.5745899
Wolf 327 b,Wolf 327,1,0.5734745,0.01,1.24,2.53,0.11062558,0.00796027,7.24,996.0,148.3783199,35.570548
GJ 3378 b,GJ 3378,1,21.45,0.09673,1.32,2.3,0.118,0.00723661,5.5,272.0,90.2951302,59.5931917
Kepler-294 c,Kepler-294,2,6.6264,0.071,2.71,7.8,0.242,0.0245,2.15,895.0,287.3920392,46.0592578
Kepler-21 b,Kepler-21,1,2.7858212,0.0434,1.639,7.5,0.14622204,0.02359764,9.3,2015.0,287.3619673,38.7141384
HD 161178 b,HD 161178,1,279.3,0.85,14.1,181.16219199,1.26,0.57,0.355,828.33,264.2873565,72.455859
Kepler-36 b,Kepler-36,2,13.86825,0.11419,1.498,3.83,0.13364261,0.01205047,6.26,978.0,291.2501859,49.2318073
ups And b,ups And,3,4.617033,0.05922166,14.0,218.531,1.25,0.6876,0.438,1523.73,24.1983534,41.4038147
Kepler-42 d,Kepler-42,3,1.865169,0.0154,0.57,0.357785,0.051,0.00112572,0.55,450.0,292.2196,44.6173667
TOI-6478 b,TOI-6478,1,34.005019,0.1136,4.6,19.2,0.411,0.0603,1.08,204.4,149.9918059,-16.1597935
Kepler-125 b,Kepler-125,2,4.164389,0.041,2.37,6.21,0.211,0.0195,2.56,590.0,298.2581101,47.6050031
Kepler-1407 b,Kepler-1407,1,20.0711504,0.1502,2.25,5.69,0.20073156,0.0179,2.74,826.0,283.9424274,41.4715535
TOI-1246 b,TOI-1246,4,4.30744,0.049,3.01,8.1,0.26853468,0.02548545,1.63,955.0,251.1158702,70.4299917
HD 16760 b,HD 16760,1,466.08,1.156,12.1,6833.3107505,1.08,21.5,21.2,226.14,40.5892123,38.6182163
TOI-3837 b,TOI-3837,1,11.88865,0.099,10.87271128,187.51876013,0.97,0.59,0.82,1178.0,152.6662832,24.2731213
Kepler-1561 b,Kepler-1561,1,1.005207007,0.0194,1.09,1.32,0.09724329,0.00416,5.6,1682.0,296.9235822,43.5664628
Kepler-1338 b,Kepler-1338,1,0.935118057,0.01937,0.92,0.721,0.0820769,0.00227,5.09,2124.0,284.0422701,41.6990348
HD 143361 b,HD 143361,1,1039.15,1.988,12.9,1382.55357045,1.15,4.35,3.54,180.26,240.4588405,-44.4350575
WASP-59 b,WASP-59,1,7.919585,0.0697,8.687,274.276,0.775,0.863,2.4,670.0,349.6229547,24.889277
Kepler-1293 b,Kepler-1293,1,5.57654784,0.06763,0.97,0.871,0.0865376,0.00274,5.24,1183.0,290.0258783,48.3359227
Kepler-59 c,Kepler-59,2,17.9801235,0.13114,1.98,3.81,0.177,0.0119876,1.62,752.0,287.0394932,46.6401677
Kepler-825 b,Kepler-825,2,3.77360059,0.0453,1.53,2.96,0.13649746,0.0093,4.54,1270.0,294.769825,39.3984081
KELT-14 b,KELT-14,1,1.7100566,0.03005,19.537287,408.09372,1.743,1.284,0.322,1970.0,108.301409,-42.4097623
Kepler-339 d,Kepler-339,3,10.558345,0.091,1.17,14.7,0.104,0.046,50.4,796.0,293.351701,48.4445922
Kepler-1280 b,Kepler-1280,1,66.5579057,0.33982,1.87,4.16,0.16683023,0.0131,3.5,757.0,293.5738933,45.3844919
Kepler-245 c,Kepler-245,4,17.460812,0.124,2.18,26.7,0.194,0.08400759,9.4,568.0,291.6389972,42.4363482
Kepler-1481 b,Kepler-1481,1,5.94220998,0.059,1.23,2.04,0.10973325,0.00642,6.02,797.0,289.4390075,49.7312226
TOI-1266 c,TOI-1266,3,18.8027,0.105,1.98,3.17,0.17664407,0.00997394,2.25,346.0,197.9965833,65.8336973
Kepler-1838 b,Kepler-1838,1,12.14680004,0.11082,1.66049425,3.4,0.14813963,0.0107,4.08,1097.0,298.9917165,40.14226
K2-75 c,K2-75,2,18.311,0.1429,2.77,8.1,0.24712285,0.0255,2.09,955.14,338.844896,-7.469895
CoRoT-18 b,CoRoT-18,1,1.9000693,0.0295,14.68,1102.82,1.31,3.47,2.2,1550.0,98.1724172,-0.0316045
HD 76920 b,HD 76920,1,415.891,1.091,13.1,994.80291391,1.17,3.13,2.43,621.44,133.820353,-67.2653621
KOI-351 d,KOI-351,8,59.73667,0.32,2.87,8.6,0.256,0.0271,2.0,520.0,284.4334642,49.3051239
Kepler-1414 b,Kepler-1414,1,3.51576315,0.0426,1.23,2.04,0.10973325,0.00642,6.02,1033.0,284.9285796,42.4223085
alf Tau b,alf Tau,1,628.96,1.46,12.7,2056.3601,1.13,6.47,5.52,1086.77,68.980174,16.509201
Kepler-178 c,Kepler-178,3,20.552802,0.142,2.88,8.65,0.257,0.0272,1.99,656.0,287.1010275,46.8964033
Kepler-1731 b,Kepler-1731,1,21.76129913,0.1399,2.93295657,8.92,0.26166131,0.0281,1.94,486.0,291.2544229,36.7434302
Kepler-710 b,Kepler-710,1,4.347285527,0.0524,1.88,4.19,0.16772237,0.0132,3.47,1174.0,291.9641255,42.6961308
HD 219134 g,HD 219134,6,94.2,0.3753,3.28,10.80622,0.293,0.034,1.68,339.34,348.3372026,57.1696255
K2-5 c,K2-5,2,10.93241,0.0818,2.26,5.73,0.2016237,0.018,2.73,456.0,169.3034598,-1.8778254
Kepler-708 b,Kepler-708,1,3.167891938,0.0426,2.93,8.91,0.26139709,0.028,1.95,1221.0,293.8164588,42.2125159
HD 69123 b,HD 69123,1,1193.3,2.482,13.1,982.08977763,1.17,3.09,2.4,411.78,123.55499,-35.4899246
WASP-54 b,WASP-54,1,3.69364,0.04988,17.71022,187.5197,1.58,0.59,0.167,1759.0,205.4542456,-0.1281712
Kepler-398 b,Kepler-398,3,4.081423,0.044,0.93,0.749,0.083,0.00236,5.12,755.0,291.4688524,40.3437001
Kepler-1018 b,Kepler-1018,1,49.1013514,0.253,2.58,7.18,0.23017218,0.0226,2.3,498.0,283.5967317,45.4078654
TOI-4734 b,TOI-4734,1,6.235633,0.074,10.9175472,61.65871096,0.974,0.194,0.26,1468.0,90.3581219,12.5478825
K2-250 b,K2-250,1,4.01392,0.04606,2.71257333,7.81,0.242,0.0246,2.15,1003.0,185.0315429,-8.9757427
TOI-2842 b,TOI-2842,1,3.5514058,0.0475,12.84549188,117.59651059,1.146,0.37,0.304,1471.0,108.0442066,-10.63934
HD 105779 b,HD 105779,1,2412.0,3.38,14.1,203.41018048,1.26,0.64,0.399,147.29,182.6612053,-16.9564908
Kepler-1181 c,Kepler-1181,2,8.93484887,0.0928,1.83,4.01,0.16326195,0.0126,3.6,1124.0,289.7473165,39.5234131
Kepler-31 b,Kepler-31,3,20.8613,0.16,5.5,36.7418,0.491,0.11560263,0.78,781.0,294.0230229,45.8530535
Kepler-633 c,Kepler-633,2,23.78319931,0.16246,2.296,5.89,0.20483575,0.0185,2.67,725.0,295.2173259,40.5921599
K2-320 b,K2-320,1,1.995,0.0142,2.62,7.37,0.23374074,0.0232,2.25,698.0,163.2519122,5.3064776
HD 114386 c,HD 114386,2,444.0,1.05,13.4,117.59651059,1.2,0.37,0.269,200.82,197.6652124,-35.0561807
Kepler-1523 b,Kepler-1523,1,0.93875077,0.01867,1.58,3.12,0.14095816,0.00982,4.35,1676.0,296.0540705,45.8270447
GJ 463 b,GJ 463,1,3459.0,3.53,13.1,1080.6165838,1.17,3.4,2.64,63.55,185.7440496,64.0324311
Kepler-1606 b,Kepler-1606,1,196.435224,0.6421,2.07,4.94,0.18467303,0.0155,3.06,324.0,286.3782987,43.0732287
HD 33564 b,HD 33564,1,388.0,1.1,12.5,2892.1,1.12,9.1,8.14,344.43,80.6378979,79.2318488
Kepler-30 c,Kepler-30,3,60.323105,0.3,12.3,640.0,1.097,2.01,1.88,411.0,285.2836483,38.9472625
TOI-2886 b,TOI-2886,1,1.60200105,0.02871,18.6405349,444.9597698,1.663,1.4,0.377,1978.0,110.0076569,-10.5698414
Kepler-1016 c,Kepler-1016,2,105.6551369,0.43519,3.68,13.1,0.32830761,0.0413,1.44,407.0,294.613689,45.9846265
HD 125612 c,HD 125612,3,4.15466,0.051,4.07,15.57359194,0.363,0.049,1.27,1303.14,215.2227183,-17.4818147
Kepler-1930 b,Kepler-1930,1,13.02680016,0.10233,1.52955541,2.95,0.13645803,0.00929,4.53,643.0,297.577145,40.0276768
Wolf 1061 d,Wolf 1061,3,217.21,0.47,2.69,7.7,0.24,0.02422679,2.17,130.24,247.5748276,-12.6676866
Kepler-270 c,Kepler-270,2,25.262887,0.18,1.77,3.78,0.158,0.0119,3.75,756.0,282.2001207,44.4222795
Kepler-589 b,Kepler-589,2,16.54964934,0.1196,2.27,5.77,0.20251584,0.0182,2.71,656.0,280.6414331,47.7520581
Kepler-1082 b,Kepler-1082,1,1.543206604,0.02571,1.12,1.46,0.09991971,0.00459,5.71,1827.0,289.3586737,50.5984489
Kepler-431 d,Kepler-431,3,11.922,0.1045,1.11,1.41,0.1,0.00444,5.67,856.0,281.1123072,43.2277663
Kepler-11 e,Kepler-11,6,31.9996,0.195,4.19,8.0,0.374,0.025,0.58,582.0,297.1150949,41.9091092
Kepler-1824 b,Kepler-1824,1,95.61100006,0.4267,2.38127597,6.26,0.21244358,0.0197,2.55,421.0,296.7071957,41.2036197
WASP-170 b,WASP-170,1,2.34478022,0.0337,12.285064,508.528,1.096,1.6,1.6,1422.0,135.4163028,-20.7203686
K2-74 b,K2-74,1,19.5666,0.1402,2.31,5.95,0.2060844,0.0187,2.65,772.58,339.9192984,-8.7145697
K2-239 b,K2-239,3,5.24,0.0441,1.1,1.37,0.09813543,0.0043,5.66,502.0,160.5941265,4.4413751
Kepler-544 b,Kepler-544,1,21.41616926,0.15482,2.12,5.14,0.18913373,0.0162,2.96,748.0,294.0290734,39.0517893
TOI-1246 d,TOI-1246,4,18.654874,0.132,3.43139739,5.4,0.3061293,0.0169903,0.73,587.77,251.1158702,70.4299917
HD 39194 d,HD 39194,3,33.874,0.1949,2.12,5.16,0.19,0.01623518,2.98,503.31,86.129071,-70.1382377
Kepler-1326 b,Kepler-1326,1,42.3514267,0.2743,4.18,16.3,0.37291462,0.0512,1.23,938.0,296.222199,39.268942
HATS-9 b,HATS-9,1,1.915291,0.0312,13.85,266.02371,1.23561424,0.837,0.626,1746.0,290.8101704,-20.1663771
Kepler-1563 b,Kepler-1563,1,3.43276598,0.0442,0.75,0.347,0.06691052,0.00109,4.52,1134.0,288.5735936,51.4727698
Kepler-1721 b,Kepler-1721,1,4.592380047,0.0519,3.11856756,9.9,0.27822044,0.0312,1.79,924.0,283.5441984,45.2256548
Kepler-256 e,Kepler-256,4,10.681572,0.096,2.35,6.12,0.21,0.0193,2.59,897.0,292.58042,46.0973588
TOI-1184 b,TOI-1184,1,5.748433803,0.056027,2.39,6.8,0.21322189,0.02139519,2.63,715.47,272.2045196,60.6787845
G 192-15 b,G 192-15,2,2.27476,0.01723,1.02,1.03,0.0907,0.00324074,5.33,453.6,90.6220931,49.861939
HD 168746 b,HD 168746,1,6.404,0.07,11.1,85.8141,0.993,0.27,0.345,900.0,275.4573269,-11.9229757
HD 20781 c,HD 20781,5,13.8905,0.1004,2.17,5.33,0.193,0.0168,2.87,730.3,50.0139757,-28.7841175
HATS-61 b,HATS-61,1,7.817953,0.07908,13.394755,1080.622,1.195,3.4,2.47,1226.1,61.6578005,-25.3496674
Kepler-848 b,Kepler-848,1,6.91134416,0.07586,1.7,3.53,0.15166384,0.0111,3.95,1086.0,293.2882949,48.8116114
HD 184010 b,HD 184010,3,286.6,0.94,12.1,98.52680617,1.08,0.31,0.306,545.04,292.8401421,26.6172796
WASP-132 b,WASP-132,3,7.1335164,0.0674,10.09929161,136.0305582,0.901,0.428,0.73,682.0,217.6091998,-46.159516
HD 23472 d,HD 23472,5,3.97664,0.04298,0.75,0.55,0.06691063,0.00173049,7.5,909.0,55.4590314,-62.7672667
Kepler-1227 b,Kepler-1227,1,94.2887577,0.38555,2.29,5.86,0.20430012,0.0184,2.68,369.0,287.0664109,41.8749712
Kepler-388 c,Kepler-388,2,13.297004,0.093,0.86,0.566,0.077,0.00178,4.89,515.0,284.8280577,44.6086451
HD 129445 b,HD 129445,1,1840.0,2.9,13.3,797.74930157,1.18,2.51,1.86,173.36,221.5104196,-68.7629901
WASP-141 b,WASP-141,1,3.310651,0.0469,13.56289,854.9627,1.21,2.69,1.98,1540.0,71.8244347,-17.1151736
TrES-2 b,TrES-2,1,2.47063,0.03568,15.24424,473.5667,1.36,1.49,0.884,1466.0,286.8085258,49.3164211
HD 108863 b,HD 108863,1,437.7,1.32,13.3,767.24162,1.18,2.414,1.79,490.51,187.5826081,21.9480993
Kepler-1586 b,Kepler-1586,1,15.6049212,0.12208,1.52,2.92,0.13560532,0.0092,4.57,1013.0,298.2026236,44.9258585
HD 109749 b,HD 109749,1,5.239891,0.0615,11.1,85.8141,0.993,0.27,0.345,1250.83,189.3173489,-40.8121458
Kepler-1355 b,Kepler-1355,1,1.289588112,0.0224,1.46,2.73,0.13025248,0.00859,4.82,1448.0,283.7414249,49.0679833
TOI-2015 c,TOI-2015,2,5.582796,0.041232,2.93,8.91,0.261,0.028034,1.95,448.0,232.1326528,27.361073
Kepler-1747 b,Kepler-1747,1,6.230319977,0.066,4.26508,16.8,0.38050561,0.053,1.19,875.0,284.2096557,45.258082
Kepler-411 d,Kepler-411,4,58.02035,0.279,3.319,15.2,0.29610135,0.04782431,2.3,410.0,287.6057027,49.5233937
Kepler-909 b,Kepler-909,1,13.93290318,0.11873,1.47,2.76,0.13114462,0.00869,4.77,852.0,289.5063796,45.3709728
Kepler-169 b,Kepler-169,5,3.250619,0.04,1.13,1.51,0.101,0.00474,5.75,962.0,285.9999204,40.9193822
Kepler-1557 b,Kepler-1557,1,3.74032496,0.049,1.53,2.96,0.13649746,0.0093,4.54,1287.0,293.8813592,46.8388172
Kepler-30 b,Kepler-30,3,29.33434,0.18,3.9,11.3,0.348,0.036,1.02,524.0,285.2836483,38.9472625
HD 87816 c,HD 87816,2,7596.0,10.14,12.4,3877.5065654,1.1,12.2,11.2,226.65,151.5296524,-52.1878679
Kepler-1710 b,Kepler-1710,1,14.91110039,0.11583,3.19744103,3.49494179,0.28525707,0.01099626,1.11225,694.0,291.6832878,37.7514726
Kepler-842 b,Kepler-842,1,1.21956827,0.0204,1.6,3.19,0.14274244,0.01,4.28,1252.0,292.3285976,49.6535171
Kepler-185 c,Kepler-185,2,20.729042,0.139,2.02,4.74,0.18,0.0149,3.16,530.0,282.4681674,43.8899464
HD 168009 b,HD 168009,1,15.1479,0.1192,3.05,9.53485221,0.272,0.03,1.85,887.57,273.8847918,45.2088229
Kepler-245 d,Kepler-245,4,36.277108,0.202,3.03,21.6,0.27,0.068,0.0111,445.0,291.6389972,42.4363482
Kepler-81 c,Kepler-81,3,12.04,0.08347,2.37,4.3,0.211,0.014,1.77,502.0,293.6369437,42.8248275
HIP 105854 b,HIP 105854,1,184.2,0.81,12.6,2606.1,1.12,8.2,7.16,822.14,321.5962275,-37.8294782
Kepler-1001 c,Kepler-1001,2,9.18186,0.08296,1.57799279,3.11,0.14077909,0.0098,4.35,804.0,286.2739151,48.6186972
Kepler-763 b,Kepler-763,3,1.19655156,0.0205,1.22,1.98,0.10884111,0.00624,5.99,1414.0,292.1445534,47.1573604
Kepler-738 b,Kepler-738,1,24.58721573,0.1552,2.5,6.8,0.22303506,0.0214,2.39,530.0,287.5696516,46.5679011
EPIC 211945201 b,EPIC 211945201,1,19.49221,0.1493,5.76,11.0,0.51387278,0.03460987,0.33,817.0,136.5741931,19.4020565
TOI-2796 b,TOI-2796,1,4.8084983,0.0569,17.26183028,139.84449908,1.54,0.44,0.15,1205.0,84.1527191,0.8962788
HD 6860 b,HD 6860,1,663.87,2.03,11.9,8981.83078182,1.06,28.26,29.3,1196.06,17.432979,35.620499
HD 86081 b,HD 86081,1,2.1378431,0.0346,13.6,470.3884,1.21,1.48,1.03,1860.31,149.0243714,-3.8083543
Kepler-317 c,Kepler-317,2,8.77501,0.083,1.72,3.61,0.153,0.0113,3.9,837.0,294.9438822,39.0320499
HD 34445 b,HD 34445,6,1049.0,2.07,13.9,260.6206,1.24,0.82,0.533,231.47,79.4207483,7.3527156
K2-37 d,K2-37,3,14.09229,0.1102,2.31,12.5,0.20608475,0.0393294,4.7,646.0,243.4509662,-24.7870527
NGTS-31 b,NGTS-31,1,4.162734,0.064,18.04645893,355.96781584,1.61,1.12,0.3,1410.0,80.4212533,-38.656827
Kepler-1498 b,Kepler-1498,1,48.051405,0.2528,1.33,2.33,0.11865465,0.00733,5.44,564.0,284.7780883,44.9167513
HIP 18606 b,HIP 18606,1,674.94,1.61,14.0,244.72787339,1.25,0.77,0.49,405.91,59.7181058,-5.4706979
Kepler-256 b,Kepler-256,4,1.620493,0.027,1.59,3.15,0.142,0.00993,4.31,1681.0,292.58042,46.0973588
Kepler-801 b,Kepler-801,1,11.41928253,0.0795,2.0,4.66,0.17842805,0.0147,3.2,419.0,286.0751815,44.6646277
TOI-2525 c,TOI-2525,2,49.2519,0.249,10.13291855,208.8132634,0.904,0.657,1.11,399.96,86.8509737,-60.5213081
KIC 3526061 b,KIC 3526061,1,3552.0,5.14,12.1,5768.58558705,1.08,18.15,17.9,248.63,285.1863974,38.6111112
TOI-1248 b,TOI-1248,1,4.3601561,0.051,6.8084859,27.4,0.60741347,0.08621004,0.47,952.09,259.0235918,63.1056072
HD 23079 b,HD 23079,2,735.74,1.6,13.2,845.42356262,1.18,2.66,2.02,237.47,54.9281897,-52.9162344
HD 11964 c,HD 11964,2,37.91,0.229,5.38,25.0,0.48,0.0788,0.882,757.54,29.2884252,-10.2434693
Kepler-219 d,Kepler-219,3,47.903645,0.272,2.81,19.1,0.251,0.06,4.73,598.0,288.7389481,46.7625929
Kepler-962 b,Kepler-962,1,12.05707239,0.09874,1.97,4.54,0.17575163,0.0143,3.26,689.0,295.3131906,46.2375024
Kepler-1663 b,Kepler-1663,1,17.6046,0.1072,3.30395896,10.9,0.29475948,0.0344,1.66,362.0,290.4015156,48.8227234
TIC 52059926 b,TIC 52059926,1,175.532,0.553,10.71,5380.0,0.955,16.9,24.1,229.6,16.7726869,-68.3681031
Kepler-1998 b,Kepler-1998,1,3.03267135,0.0405,0.6,0.156,0.05352851,0.00049,3.97,1187.0,283.4291536,47.5923973
Kepler-921 b,Kepler-921,1,51.300634,0.2716,2.87,8.6,0.25604425,0.0271,2.0,492.0,284.6162253,49.1907438
Kepler-1137 b,Kepler-1137,1,23.9210791,0.1871,2.2,5.48,0.19627085,0.0172,2.83,1020.0,287.1302407,48.665347
HD 224538 b,HD 224538,1,1202.05199,2.375,12.7,2075.73732612,1.13,6.531,5.57,236.74,359.7164302,-61.5868613
K2-63 c,K2-63,2,25.4556,0.189,3.9,14.5,0.3479347,0.0455,1.34,958.85,333.4267738,-12.0663429
TOI-3364 b,TOI-3364,1,5.8768918,0.0675,12.22899794,530.77343969,1.091,1.67,1.6,1264.0,144.5377709,-49.3352226
Kepler-569 b,Kepler-569,1,34.18890521,0.19784,3.16,10.1,0.28191632,0.0319,1.76,526.0,283.507219,48.552633
Kepler-1539 b,Kepler-1539,1,133.3036741,0.4765,2.7,7.75,0.24087787,0.0244,2.16,301.0,284.2194566,44.2685146
HIP 4845 b,HIP 4845,1,34.15,0.176,3.89,14.4,0.347,0.04530724,1.34,358.21,15.5881733,-10.4246208
Kepler-1482 b,Kepler-1482,1,12.25383217,0.09968,1.01,1.01,0.09010616,0.00317,5.39,678.0,285.3138209,48.72527
HATS-53 b,HATS-53,1,3.8537768,0.04753,15.02006,189.10885,1.34,0.595,0.303,1312.0,176.628323,-33.8600764
TOI-5422 b,TOI-5422,1,5.377219,0.0619,9.10169233,8899.195396,0.812,28.0,65.8,1369.0,86.8436173,25.6260342
Kepler-117 b,Kepler-117,2,18.7959228,0.1445,8.059,29.875,0.719,0.094,0.3,984.0,288.7930651,48.040176
Kepler-1676 b,Kepler-1676,1,29.9221,0.1954,3.3769596,11.3,0.30127216,0.0357,1.61,782.0,287.2368778,43.5671665
LHS 1678 d,LHS 1678,3,4.9652229,0.04,0.981,0.907,0.08751911,0.00285,5.28,462.95,68.1789866,-39.7908744
Kepler-289 c,Kepler-289,4,125.8723,0.50155,11.23,157.18,1.00187522,0.49,0.66,394.0,297.4653351,42.8828517
WASP-161 b,WASP-161,1,5.4060425,0.0673,12.811887,791.3967,1.143,2.49,2.2,1557.0,126.3378248,-11.5009889
Kepler-449 c,Kepler-449,2,33.6727,0.1979,2.764,8.07,0.24658756,0.0254,2.1,661.0,293.732787,41.9006366
Kepler-169 e,Kepler-169,5,13.767102,0.105,2.2,5.48,0.196,0.0172,2.83,595.0,285.9999204,40.9193822
HD 86950 b,HD 86950,1,1270.0,2.72,13.0,1144.188,1.16,3.6,2.86,416.76,150.4066612,-17.3330699
HD 127506 b,HD 127506,1,65.78395,0.287,5.67,27.333243,0.506,0.086,0.824,354.8,217.6848544,35.4546059
TOI-1347 c,TOI-1347,2,4.841962,0.0546,1.6,6.4,0.14274268,0.02013665,4.1,1000.0,280.3266806,70.2900536
Kepler-54 c,Kepler-54,3,12.0717249,0.0809,1.23,0.7,0.11,0.00220245,2.376368,395.0,294.7739245,43.0561976
Kepler-1150 b,Kepler-1150,1,2.787868386,0.0382,1.02,1.04,0.0909983,0.00328,5.39,1432.0,296.7244553,49.5326846
Kepler-390 c,Kepler-390,2,13.060022,0.101,0.79,0.418,0.07,0.00131,4.66,630.0,291.6288086,41.2088351
Kepler-1092 b,Kepler-1092,1,58.6017925,0.2996,2.07,4.94,0.18467303,0.0155,3.06,508.0,297.7232008,47.1126833
Kepler-259 c,Kepler-259,2,36.924931,0.217,2.7,7.75,0.241,0.0244,2.16,530.0,288.2119707,46.6150461
Kepler-1765 b,Kepler-1765,1,10.41889954,0.0917,2.49508857,6.78,0.22259728,0.0213,2.4,855.0,298.0144601,42.9574314
Kepler-138 b,Kepler-138,4,10.3134,0.0753,0.64,0.07,0.05709707,0.00022024,1.7,452.0,290.3814122,43.2930645
HD 219415 b,HD 219415,1,2093.3,3.2,13.8,317.83,1.23,1.0,0.665,221.26,348.7243579,56.7303001
HD 140901 c,HD 140901,2,14386.0,11.8,13.4,572.0911326,1.2,1.8,1.31,76.76,236.8689866,-37.9172333
Kepler-1536 b,Kepler-1536,1,364.758031,0.8507,3.14,10.0,0.28013204,0.0315,1.77,166.0,291.5852554,45.7158742
TOI-1824 b,TOI-1824,1,22.808533,0.151,2.7438269,16.0,0.24478826,0.05034163,4.24,528.67,197.7312286,61.7448492
Kepler-509 b,Kepler-509,1,41.74600392,0.23702,2.49,6.76,0.22214292,0.0213,2.41,584.0,289.664394,48.706165
Kepler-431 b,Kepler-431,3,6.803,0.0719,0.764,0.37,0.068,0.00117,4.56,1032.0,281.1123072,43.2277663
GJ 649 b,GJ 649,1,600.1,1.112,10.8,81.99972901,0.966,0.258,0.358,120.74,254.5363221,25.7419719
DMPP-4 b,DMPP-4,1,3.4982,0.04853,3.53,12.2,0.315,0.03838549,1.52,1645.69,293.5826648,51.2358069
Kepler-184 d,Kepler-184,3,29.022358,0.179,2.49,6.76,0.222,0.0213,2.41,559.0,291.9518784,43.0746172
Kepler-813 b,Kepler-813,1,19.12947337,0.1439,2.14,5.22,0.19091801,0.0164,2.93,817.0,285.6626752,48.4353251
Kepler-1140 b,Kepler-1140,1,24.0862707,0.1478,2.77,8.1,0.24712285,0.0255,2.09,500.0,281.6940529,46.946521
TOI-1799 b,TOI-1799,1,7.094570865,0.072502,1.642,4.0,0.14648968,0.01258541,7.51,922.72,167.2329152,34.3030149
K2-65 b,K2-65,1,12.6475,0.1014,1.58,3.12,0.14095816,0.00982,4.35,723.51,333.2125206,-10.9261373
Kepler-104 d,Kepler-104,3,51.755394,0.257,3.58,5.54022107,0.319,0.01743092,1.668541,515.0,287.6046621,42.1665104
K2-72 d,K2-72,4,7.760178,0.05,1.01,1.01,0.09010616,0.00317,5.39,416.92,334.6227504,-9.6120084
Kepler-11 g,Kepler-11,6,118.3807,0.466,3.33,25.0,0.297,0.079,4.0,376.0,297.1150949,41.9091092
HD 148164 b,HD 148164,2,328.55,0.993,13.7,390.9309,1.22,1.23,0.835,337.89,246.4351678,11.9190729
Kepler-402 b,Kepler-402,4,4.028751,0.051,1.22,1.98,0.109,0.00624,5.99,1311.0,288.3701976,43.3546109
K2-184 b,K2-184,1,16.9780102,0.1685,1.47,2.76,0.13114484,0.00869,4.77,533.0,129.1405227,14.4618826
Kepler-372 d,Kepler-372,3,30.092568,0.201,1.69,3.5,0.151,0.011,3.98,660.0,291.2562253,49.2589288
HD 25723 b,HD 25723,1,457.01,1.49,13.3,794.5710175,1.18,2.5,1.86,698.4,61.0947182,-12.7922241
Kepler-1499 b,Kepler-1499,1,44.2008,0.23225,1.19,1.81,0.10616469,0.0057,5.9,409.0,283.986348,41.6505091
HD 187123 b,HD 187123,2,3.0965828,0.0426,14.2,166.218,1.27,0.523,0.319,1450.9,296.7428786,34.41899
Kepler-1073 b,Kepler-1073,3,8.67888593,0.0805,2.3,5.9,0.20519226,0.0186,2.66,905.0,294.1527259,38.2330886
HD 1666 b,HD 1666,1,270.0,0.94,12.7,2040.0,1.13,6.43,5.47,436.47,5.2180424,-19.9314823
OGLE-TR-10 b,OGLE-TR-10,1,3.101278,0.0434,14.011,197.046,1.25,0.62,0.4,1702.0,267.8677483,-29.8764758
Kepler-436 b,Kepler-436,2,64.00205,0.339,2.73,7.9,0.24,0.0249,2.13,322.0,301.7207775,44.4120856
Kepler-84 b,Kepler-84,5,8.726,0.0827,2.23,40.0,0.199,0.126,19.8,985.0,298.2520208,40.4960842
8 UMi b,8 UMi,1,93.31,0.462,13.5,524.41687155,1.2,1.65,1.17,1126.38,224.201685,74.9009379
Kepler-1093 b,Kepler-1093,2,25.0824626,0.17543,1.95,4.46,0.17396735,0.014,3.31,776.0,284.9780251,41.4202077
KOI-351 e,KOI-351,8,91.93913,0.42,2.66,7.56,0.237,0.0238,2.21,450.0,284.4334642,49.3051239
Kepler-778 b,Kepler-778,1,3.75574426,0.0453,1.68,3.46,0.14987956,0.0109,4.01,977.0,287.4774867,44.2374702
HD 101581 b,HIP 56998,2,4.46569,0.046,0.956,0.827,0.08528875,0.0026,5.2,834.0,175.2563039,-44.4041485
TOI-1883 b,TOI-1883,1,4.508,0.0423,5.65,13.7,0.50406011,0.04310502,0.4,544.0,134.0892456,-12.9306438
Kepler-1522 b,Kepler-1522,1,1.847889171,0.0288,1.73,3.64,0.15434026,0.0115,3.86,1374.0,289.8432347,52.0702094
Kepler-1245 b,Kepler-1245,2,4.35409304,0.0484,1.44,2.67,0.1284682,0.00839,4.91,1043.0,290.7443078,43.260753
HD 159868 b,HD 159868,2,1184.1,2.32,13.3,704.94694,1.19,2.218,1.65,255.69,264.7466665,-43.1462347
K2-220 b,K2-220,1,13.68186,0.1104,2.37,6.21,0.2114376,0.0195,2.56,761.0,12.7700071,9.5167694
Kepler-154 f,Kepler-154,5,9.91935684,0.08832,1.5,2.86,0.13382104,0.00899,4.66,838.0,289.7805393,49.8965624
Kepler-1938 b,Kepler-1938,1,13.06260014,0.0938,1.82828927,4.0,0.16310932,0.0126,3.6,527.0,299.351892,41.1957285
TOI-2322 c,TOI-2322,2,20.225528,0.1362,1.874,18.1,0.16718737,0.05694897,14.69,496.8,116.9731027,-71.0019671
WASP-68 b,WASP-68,1,5.0843,0.06206,14.79588,343.2564,1.32,1.08,0.665,1490.0,305.0957239,-19.3147271
Kepler-658 b,Kepler-658,1,1.287076762,0.0188,1.63,3.29,0.14541886,0.0104,4.17,871.0,282.983621,47.5783897
HD 76700 b,HD 76700,1,3.97097,0.05,9.6,66.7443,0.856,0.21,0.415,1424.61,133.4782248,-66.8004747
Kepler-227 b,Kepler-227,2,9.488015,0.09,3.11,9.85,0.277,0.031,1.8,793.0,291.9342748,48.141676
Kepler-260 b,Kepler-260,2,8.187399,0.075,2.01,4.7,0.179,0.0148,3.18,782.0,291.9259658,38.0140525
Kepler-1089 b,Kepler-1089,1,5.132485618,0.0497,1.83,4.01,0.16326166,0.0126,3.6,584.0,291.0926509,49.1901729
HD 235088 b,HD 235088,1,7.4341325,0.0706,1.982,4.15,0.1768225,0.01305736,2.922216,805.0,300.6154535,53.3774418
NGTS-34 b,NGTS-34,1,43.12655,0.257,3.65,19.1,0.32563175,0.06009532,2.16,624.0,162.4997176,-44.5478575
K2-138 f,K2-138,6,12.75758,0.10447,2.904,1.63,0.25907753,0.00512853,0.4,653.0,348.9490311,-10.8497391
TOI-1683.01,TOI-1683,1,3.0575356,0.036507593,2.6382,7.45,0.23510942,0.0235,2.23,929.25,65.9796504,27.8223701
Kepler-18 c,Kepler-18,3,7.64159,0.0752,5.49,17.3,0.49,0.054,0.59,899.0,298.0794448,44.746248
Kepler-831 b,Kepler-831,1,5.62153941,0.05984,1.27,2.15,0.11330181,0.00678,5.77,992.0,294.9855607,42.7277355
Kepler-221 c,Kepler-221,4,5.690586,0.059,2.93,9.3,0.261,0.02926107,1.94,860.0,296.6547477,46.8352242
K2-257 b,K2-257,1,1.60588,0.0216,0.83,0.498,0.07404764,0.00157,4.79,789.0,188.278284,-1.9532879
Kepler-27 d,Kepler-27,3,6.546289921,0.06578,2.7061946,7.78,0.24143093,0.0245,2.16,810.0,292.2367608,41.085871
BD+55 362 b,BD+55 362,1,265.59,0.78,14.0,228.83645304,1.25,0.72,0.458,259.06,23.9636676,56.6982282
Kepler-412 b,Kepler-412,1,1.7208604,0.02897,15.031269,299.07803,1.341,0.941,0.52,1850.0,286.1103053,43.6809612
TOI-2158 b,TOI-2158,1,8.60077,0.075,10.76062147,260.61929374,0.96,0.82,1.14,1188.0,276.8100527,20.5268868
Kepler-651 b,Kepler-651,1,21.38521506,0.14078,2.37,6.21,0.21143724,0.0195,2.56,574.0,287.3327284,46.2034366
HD 151450 b,HD 151450,2,21.89288,0.16,6.94,38.45723725,0.619,0.121,0.632,795.0,252.0080127,-15.964345
HD 134987 b,HD 134987,2,258.17999,0.81,13.5,511.7063,1.21,1.61,1.14,339.45,228.3675397,-25.3096721
CoRoT-8 b,CoRoT-8,1,6.21229,0.063,6.39,69.92,0.57,0.22,1.6,870.0,291.5885696,1.4262972
K2-411 b,K2-411,1,3.2141,0.0511,0.9898,0.937,0.08830419,0.00295,5.31,1428.52,58.003631,19.3909877
Kepler-1381 b,Kepler-1381,1,25.3842686,0.1728,2.25,5.69,0.20073156,0.0179,2.74,649.0,287.5357911,48.727783
Kepler-1325 b,Kepler-1325,1,33.8786838,0.2004,2.86,8.55,0.25515211,0.0269,2.01,564.0,285.0171505,42.085312
COCONUTS-2 b,COCONUTS-2 A,1,402000000.0,7506.0,12.57647635,2383.7130525,1.122,7.5,6.58,493.0,117.300914,-76.702696
Kepler-703 b,Kepler-703,1,4.583521756,0.0535,8.2,51.1,0.731555,0.161,0.509,1038.0,299.1868586,41.742699
Kepler-616 c,Kepler-616,3,90.4113556,0.4024,3.41,11.5,0.30421982,0.0363,1.59,413.0,294.989137,46.8383058
TOI-1533 c,TOI-1533,2,8.0637926,0.076,7.5,36.6,0.66910634,0.11515648,0.48,628.0,355.2467209,57.4852417
TOI-1408 b,TOI-1408,2,4.42587,0.05778,25.0,593.0,2.23035445,1.86578665,0.18,1293.0,313.5110469,72.5806455
HIP 91258 b,HIP 91258,1,5.0505,0.06,13.7,346.4347,1.23,1.09,0.74,1024.97,279.2211173,61.7015065
CD Cet b,CD Cet,1,2.2907,0.0185,1.82,3.95,0.162,0.01242809,3.6,464.0,48.3530155,4.7751881
Kepler-1322 b,Kepler-1322,2,0.962867382,0.0183,1.61,3.22,0.14363458,0.0101,4.24,1666.0,293.2045009,45.4353919
HAT-P-16 b,HAT-P-16,1,2.77596727,0.0413,14.68376472,1341.56043,1.31,4.221,2.479989,1566.0,9.5730343,42.4630961
Kepler-1999 b,Kepler-1999,1,8.7396758,0.0713,3.29,10.8,0.29351465,0.0341,1.67,577.0,282.3705675,48.259234
Kepler-1285 b,Kepler-1285,1,14.7967458,0.12758,0.97,0.871,0.0865376,0.00274,5.24,874.0,281.8353366,44.1558825
TOI-3688 A b,TOI-3688 A,1,3.246075,0.0456,13.08088048,311.47183886,1.167,0.98,0.76,1534.0,39.2823371,54.8512152
HD 5278 c,HD 5278,2,40.87,0.2416,4.49,18.4,0.401,0.05789287,1.12,664.95,12.5467785,-83.7437671
Kepler-1592 b,Kepler-1592,1,3.05710069,0.04,1.54,2.99,0.1373896,0.0094,4.5,1202.0,293.850623,38.3977379
HD 12484 b,HD 12484,1,58.83,0.297,13.2,947.1334,1.17,2.98,2.26,524.3,30.6115322,2.8158078
Kepler-1003 b,Kepler-1003,1,3.554856915,0.04333,1.78,3.82,0.15880096,0.012,3.72,1157.0,292.0204349,44.8762427
Kepler-213 b,Kepler-213,2,2.46236,0.036,1.62,3.26,0.145,0.0102,4.21,1326.0,290.8241931,44.6472832
Kepler-305 b,Kepler-305,4,5.487,0.05746,3.6,10.5,0.321,0.033,1.24,836.0,299.2242557,40.343167
GJ 536 b,GJ 536,2,8.70874,0.0668,2.41,6.37,0.215,0.02004226,2.5,451.0,210.2597264,-2.6522901
Kepler-361 c,Kepler-361,2,55.188023,0.3,2.52,6.9,0.225,0.0217,2.37,568.0,296.8034146,46.7411011
Kepler-1778 b,Kepler-1778,1,10.08740044,0.0956,3.01665969,9.36,0.26912881,0.0294,1.87,942.0,287.3612976,43.7388
Kepler-1005 b,Kepler-1005,1,6.49801525,0.06717,1.5,2.86,0.13382104,0.00899,4.66,1026.0,286.2858998,43.3205085
Kepler-346 b,Kepler-346,2,6.511127,0.071,2.66,7.56,0.237,0.0238,2.21,1008.0,288.0119248,46.1176003
Kepler-421 b,Kepler-421,1,704.1984,1.219,4.16,16.1,0.371,0.0508,1.23,185.0,283.2568116,45.0876823
Kepler-688 b,Kepler-688,1,3.895936844,0.046,9.76,68.7,0.87072888,0.216,0.406,1005.0,294.6552312,39.3083446
Kepler-123 c,Kepler-123,2,26.695074,0.181,1.48,2.79,0.132,0.00879,4.73,706.0,296.9985853,42.7819633
Kepler-614 b,Kepler-614,1,14.03491514,0.1027,2.39,6.3,0.21322152,0.0198,2.54,641.0,298.3848866,46.2759867
Kepler-1079 b,Kepler-1079,1,13.24503188,0.1092,1.63,3.29,0.14541886,0.0104,4.17,887.0,299.5495794,45.7696769
Kepler-211 b,Kepler-211,2,4.138575,0.048,1.26,2.13,0.112,0.00669,5.85,954.0,285.4391183,43.1685051
Kepler-870 b,Kepler-870,1,21.3587621,0.1539,2.78,8.15,0.24801499,0.0256,2.08,691.0,295.4025625,50.4785992
Kepler-257 c,Kepler-257,3,6.581484,0.066,5.41,25.2,0.483,0.0794,0.875,881.0,297.3159994,46.0232642
Kepler-1724 b,Kepler-1724,1,6.45442009,0.0683,2.83677238,8.43,0.25308032,0.0265,2.03,999.0,296.1207272,47.9214736
TOI-5398 b,TOI-5398,2,10.590547,0.098,10.3,58.7,0.91890603,0.18469085,0.29,947.0,161.8795569,36.3294345
TOI-640 b,TOI-640,1,5.003777,0.06608,19.2794468,181.16219199,1.72,0.57,0.138,1816.0,99.7345935,-36.64613
Kepler-187 b,Kepler-187,2,4.938864,0.059,1.41,2.57,0.126,0.00809,5.04,1244.0,299.7964955,44.0892448
HIP 66074 b,HIP 66074,1,310.9,0.799,12.9,1589.142035,1.15,5.0,4.07,192.69,203.1635632,75.0071038
HD 147018 b,HD 147018,2,44.236,0.2388,13.4,674.0,1.19,2.12,1.54,519.98,245.7490012,-61.6901291
HD 216520 b,HD 216520,2,35.45,0.198,3.18,10.26,0.284,0.03228141,1.75,482.1,341.8768719,83.6975307
Kepler-573 b,Kepler-573,1,22.18329658,0.14527,2.79,8.2,0.24890713,0.0258,2.07,646.0,289.5211955,51.2374057
Kepler-975 b,Kepler-975,2,1.970342457,0.02898,1.48,2.79,0.13203676,0.00879,4.73,1599.0,290.54851,38.4952415
Kepler-520 c,Kepler-520,2,5.21104261,0.06035,1.07,1.24,0.09545901,0.0039,5.56,1107.0,293.1802903,41.6177408
Kepler-476 b,Kepler-476,1,14.00640607,0.1126,3.08,9.69,0.2747792,0.0305,1.82,807.0,295.1637592,43.9630716
Kepler-1073 c,Kepler-1073,3,4.02582254,0.0483,1.64,3.33,0.146311,0.0105,4.15,1169.0,294.1527259,38.2330886
Kepler-684 b,Kepler-684,1,6.770302008,0.064,3.36,11.2,0.29975912,0.0354,1.62,812.0,290.8704935,38.2735978
Kepler-351 b,Kepler-351,3,37.054919,0.214,3.06,4.8,0.273,0.015,0.921,498.0,286.4527949,42.6577891
Kepler-1295 b,Kepler-1295,1,3.81371974,0.0464,1.55,3.02,0.13828174,0.00951,4.46,1029.0,291.3978451,45.588553
HATS-54 b,HATS-54,1,2.5441765,0.037,11.37711541,239.32479047,1.015,0.753,0.77,1429.0,200.6348641,-44.6888393
WASP-159 b,WASP-159,1,3.840401,0.0538,15.46842,174.8065,1.38,0.55,0.28,1850.0,68.1364792,-38.9682973
K2-26 b,K2-26,1,14.5665,0.0962,2.67,7.61,0.23820145,0.0239,2.2,430.0,94.2064312,24.5958335
TIC 9344899 b,TIC 9344899,1,8.5821566,0.0815,9.16,6170.0,0.817,19.4,44.1,923.0,72.793934,-8.4473205
Kepler-118 b,Kepler-118,2,7.518496,0.073,1.96,4.5,0.175,0.0142,3.28,784.0,299.2131881,41.4248195
BD-210397 b,BD-210397,2,1891.0,2.63,14.0,214.0,1.25,0.7,0.429,104.11,33.3024198,-21.1962147
LHS 1903 d,LHS 1903,4,12.566287,0.08604,2.5,5.96,0.22303545,0.01875226,2.09,442.0,107.865826,48.3279327
CoRoT-24 b,CoRoT-24,2,5.1134,0.056,3.7,5.7,0.33,0.018,0.9,1070.0,101.922543,-3.7192892
HIP 948 b,HIP 948,1,24955.45756,15.037,12.1,6547.2651842,1.08,20.6,20.3,46.4,2.9276336,-39.2304879
Kepler-1062 b,Kepler-1062,1,9.30412078,0.0748,1.76,3.75,0.15701668,0.0118,3.78,583.0,283.8994187,41.221594
K2-167 b,K2-167,1,9.978541,0.0932,2.36509493,6.5,0.211,0.02045129,2.87,1220.0,336.5761233,-18.011665
Kepler-495 b,Kepler-495,2,3.413036221,0.0427,5.23,23.8,0.46658935,0.0749,0.914,1200.0,285.9307362,39.0981201
Kepler-1151 b,Kepler-1151,1,65.6478424,0.3197,2.22,5.56,0.19805513,0.0175,2.79,485.0,292.2477819,47.8784257
Kepler-574 b,Kepler-574,1,7.65880414,0.0723,2.39,6.3,0.21322152,0.0198,2.54,858.0,290.2470519,52.1491051
TOI-3819 b,TOI-3819,1,3.2443141,0.04611,13.13692538,352.78953177,1.172,1.11,0.85,1633.0,121.8632568,29.3886446
Kepler-1162 b,Kepler-1162,2,32.5637069,0.19,2.21,5.52,0.19716299,0.0174,2.81,490.0,283.2920273,45.4339813
GJ 414 A c,GJ 414 A,2,749.83,1.4,8.4,53.83,0.74939781,0.16936727,0.499,124.7,167.7745044,30.4451688
Kepler-401 b,Kepler-401,3,14.383035,0.122,1.71,3.57,0.153,0.0112,3.92,889.0,290.0827494,50.8634361
Kepler-37 e,Kepler-37,4,51.196,0.25,0.37,8.1,0.03300925,0.02548545,879.0,401.0,284.0592503,44.5183733
HD 28185 c,HD 28185,2,9090.0,8.5,12.8,1906.970442,1.14,6.0,5.0,94.85,66.6100461,-10.5510754
HAT-P-19 b,HAT-P-19,1,4.00878322,0.04599,11.29865255,88.03846874,1.008,0.277,0.335,981.2,9.5165832,34.7114025
TOI-1634 b,TOI-1634,2,0.98934551,0.01544,1.759,4.9,0.15692774,0.01541712,5.282044,900.0,56.3906096,37.1122803
HD 19994 b,HD 19994,1,466.2,1.305,13.6,435.41,1.21,1.37,0.951,350.1,48.1943193,-1.1963955
Kepler-82 b,Kepler-82,5,26.44,0.1683,4.07,12.15,0.36310108,0.03822798,0.98,562.0,292.8733696,42.9661583
Kepler-446 c,Kepler-446,3,3.036179,0.0283,1.11,1.41,0.1,0.00444,5.67,520.0,282.2501047,44.921002
KOI-1257 b,KOI-1257,1,86.647661,0.382,10.54,460.83,0.94,1.45,2.1,511.0,291.2250888,44.9272918
Kepler-138 e,Kepler-138,4,38.23,0.1803,0.797,0.43,0.0711,0.00135293,4.67,292.0,290.3814122,43.2930645
TOI-5789 c,TOI-5789,4,12.927748,0.1009,2.86,5.0,0.25515255,0.01573176,1.16,718.0,302.7734475,16.1897138
HD 222582 b,HD 222582,1,572.38,1.34,12.6,2660.2371,1.12,8.37,7.31,256.39,355.4640788,-5.9862379
Kepler-1650 b,Kepler-1650,1,1.53818001,0.0167,0.96,0.84,0.08564546,0.00264,5.22,602.0,297.7292296,42.8666919
Kepler-210 c,Kepler-210,2,7.972513,0.07,3.62,12.8,0.323,0.0401,1.48,497.0,292.5034196,43.0832188
TOI-1269 b,TOI-1269,2,4.2529913,0.0496,2.40144286,6.4,0.21424275,0.02013665,2.53,1004.9,249.6966397,64.559181
Kepler-1551 b,Kepler-1551,1,24.4973698,0.1772,2.66,7.56,0.23730931,0.0238,2.21,722.0,295.7855238,39.9078956
K2-159 b,K2-159,1,12.42205,0.1013,2.26,5.73,0.2016237,0.018,2.73,684.0,180.5408896,-3.5809053
Kepler-1352 b,Kepler-1352,1,1.877882748,0.02883,0.89,0.64,0.07940048,0.00201,4.99,1701.0,290.6937988,48.7014417
TOI-2236 b,TOI-2236,1,3.5315902,0.05009,14.36991326,502.16888306,1.282,1.58,0.93,1688.0,20.1660113,-86.979965
HD 132563 b,HD 132563,1,1544.0,2.62,13.6,473.547,1.21,1.49,1.03,213.27,224.5892892,44.0428571
Kepler-1439 b,Kepler-1439,1,8.07392849,0.0594,1.46,2.73,0.13025248,0.00859,4.82,420.0,285.7396971,40.9798688
Kepler-1202 b,Kepler-1202,1,28.6851324,0.179,2.94,8.96,0.26228923,0.0282,1.94,547.0,292.290606,44.6532281
HIP 113103 b,HIP 113103,2,7.610303,0.06899,1.829,4.0,0.16317273,0.0126,3.59,721.0,343.5723794,-43.0102291
HAT-P-44 c,HAT-P-44,2,872.2,1.752,13.0,1271.3,1.16,4.0,3.18,187.92,213.1438604,47.0147826
K2-149 b,K2-149,1,11.332,0.083,1.64,3.33,0.146311,0.0105,4.15,472.41,9.8217519,7.2769939
Kepler-139 d,Kepler-139,5,7.305699922,0.0755533961,1.695,2.0,0.15121803,0.0062927,5.270467,972.0,282.3919451,43.8894167
Kepler-1474 b,Kepler-1474,1,36.4333452,0.2108,2.16,5.31,0.19270229,0.0167,2.9,561.0,294.6940261,45.866809
HD 14067 b,HD 14067,1,2744.0,5.15,12.2,4862.7746271,1.09,15.3,14.7,360.28,34.293348,23.7676546
Kepler-128 c,Kepler-128,2,22.8,0.16517,1.521,3.38,0.13569476,0.01063467,5.237935,843.0,282.4922622,43.9802442
Kepler-1639 b,Kepler-1639,1,9.878482,0.0932,2.58,7.18,0.23017218,0.0226,2.3,1003.0,283.068651,48.8021209
TOI-2580 b,TOI-2580,1,3.39775,0.048,17.37392009,200.23189641,1.55,0.63,0.22,2410.0,62.1992072,67.1165264
Kepler-1000 b,Kepler-1000,1,120.0181272,0.5326,4.76,20.3,0.42465876,0.0639,1.03,473.0,286.6854729,47.0981948
HAT-P-7 b,HAT-P-7,1,2.20474,0.03809,16.92559,584.8072,1.51,1.84,0.712,2733.0,292.24719,47.9695429
Kepler-33 b,Kepler-33,5,5.66793,0.0677,1.74,3.68,0.155,0.0116,3.84,1336.0,289.0775348,46.0051696
TOI-2084 b,TOI-2084,1,6.0784247,0.05006,2.47,6.66,0.22035902,0.021,2.43,527.0,259.2545389,72.7470231
Kepler-1602 b,Kepler-1602,1,11.17931605,0.09744,1.34,2.36,0.11954679,0.00742,5.39,1159.0,293.5808607,40.4275396
K2-222 b,K2-222,1,15.3889274,0.1186,2.275,7.5,0.20296226,0.02359764,3.721139,803.0,16.4625203,11.7537171
K2-72 e,K2-72,4,24.158868,0.106,1.29,2.21,0.11508609,0.00696,5.66,286.34,334.6227504,-9.6120084
HD 25171 b,HD 25171,1,1802.29,2.971,13.9,290.81445,1.24,0.915,0.595,190.04,58.9574779,-65.1863239
K2-195 b,K2-195,2,15.852975,0.1208,3.13,9.96,0.2792399,0.0313,1.78,720.0,199.8315191,-8.5095364
TOI-2458 b,TOI-2458,2,3.73659,0.0482,2.83,13.31,0.25247612,0.04187794,3.23,1509.4,79.621529,1.253439
K2-146 b,K2-146,2,2.6446,0.0248,2.05,5.77,0.18288875,0.01816,3.69,534.0,130.0266951,19.0923416
Kepler-644 b,Kepler-644,1,3.173917103,0.04641,3.15,10.1,0.28102418,0.0317,1.78,1655.0,295.4757022,43.4931119
Kepler-120 c,Kepler-120,2,12.794585,0.088,1.53,2.96,0.136,0.0093,4.54,455.0,287.8915707,39.3390979
TIC 365102760 b,TIC 365102760,1,4.21285367,0.0622,6.21,19.2,0.55402005,0.06040996,0.437,1676.12,305.8398236,54.3943194
Kepler-1153 b,Kepler-1153,1,1.755835327,0.0277,1.73,3.64,0.15434026,0.0115,3.86,1343.0,289.1471849,45.86613
Kepler-1738 b,Kepler-1738,1,7.674630165,0.0781,2.82472883,8.37,0.25200586,0.0263,2.04,957.0,296.1313474,47.4388098
WASP-7 b,WASP-7,1,4.9546416,0.0617,14.90797,305.1168,1.33,0.96,0.55,1487.0,311.0427558,-39.2254856
K2-283 b,K2-283,1,1.921036,0.0291,3.52,12.2,0.31403337,0.0383,1.54,1186.0,13.1943679,9.6929181
Kepler-226 d,Kepler-226,3,8.109044,0.076,1.22,1.98,0.109,0.00624,5.99,800.0,292.3760942,47.8809596
Kepler-327 b,Kepler-327,3,2.549575,0.029,1.11,1.41,0.099,0.00444,5.67,682.0,292.6422963,44.0876251
TOI-1347 b,TOI-1347,2,0.84742346,0.0171,1.8,11.1,0.16058552,0.03492451,9.9,1400.0,280.3266806,70.2900536
HD 10975 b,HD 10975,1,283.8,0.95,14.3,143.02278315,1.28,0.45,0.269,799.92,27.1628025,37.9527542
Kepler-109 b,Kepler-109,2,6.4816307,0.0701,2.49,4.9,0.2221433,0.01541712,1.7,1276.0,290.3926795,40.2849074
K2-28 b,K2-28,1,2.260455,0.0214,2.32,5.99,0.20697654,0.0189,2.64,568.0,335.6233145,-7.9563525
K2-6 b,K2-6,1,30.94191,0.1898,2.5,6.8,0.22303506,0.0214,2.39,615.0,178.1921152,-1.1984418
Kepler-952 b,Kepler-952,1,130.3546919,0.5183,7.65,45.4,0.68248729,0.143,0.557,369.0,285.3718781,41.9938697
WASP-26 b,WASP-26,1,2.7566,0.04,13.56289,270.1555,1.21,0.85,0.703,1650.0,4.6030424,-15.2674044
Kepler-334 c,Kepler-334,3,12.758005,0.107,1.43,2.63,0.128,0.00829,4.94,822.0,287.1406177,47.1151153
Kepler-194 d,Kepler-194,3,52.814973,0.275,2.4,6.35,0.214,0.02,2.52,562.0,291.971429,47.8640498
Kepler-272 c,Kepler-272,3,6.057342,0.061,1.79,97.8,0.16,0.308,93.7,947.0,299.1275257,47.5938319
WASP-87 b,WASP-87,1,1.682795,0.02946,15.524465,692.8694,1.385,2.18,1.02,2049.54,185.3246821,-52.8408163
Kepler-92 d,Kepler-92,3,49.3568,0.28682,2.067,11.8666806,0.18440539,0.0373364,7.457871,637.0,289.0860607,41.5630224
Kepler-945 b,Kepler-945,1,31.0033814,0.2037,2.63,7.41,0.23463288,0.0233,2.24,616.0,291.2697354,42.0960305
K2-90 b,K2-90,2,13.733314,0.096,2.6,7.27,0.23195646,0.0229,2.27,502.0,59.1527391,22.4724517
GJ 1061 b,GJ 1061,3,3.2073,0.021,1.04,1.11,0.0926,0.00349245,5.42,388.11,54.0032486,-44.5143104
Kepler-102 b,Kepler-102,5,5.286965,0.05521,0.46,1.1,0.04103852,0.00346099,62.0,857.0,281.4824731,47.2078263
Kepler-1764 b,Kepler-1764,1,70.46829987,0.3512,4.55527871,18.8,0.40639545,0.0593,1.09,511.0,293.8799047,41.3938374
Kepler-634 b,Kepler-634,1,5.16950177,0.05765,1.89,4.23,0.16861451,0.0133,3.44,1309.0,291.19509,40.7027352
EPIC 211822797 b,EPIC 211822797,1,21.1701963,0.1195,1.92,4.35,0.17129122,0.0137,3.38,431.0,130.4102091,17.6399744
Kepler-681 b,Kepler-681,1,26.39435646,0.1635,3.08,9.69,0.2747792,0.0305,1.82,489.0,289.3997364,51.2502428
Kepler-68 b,Kepler-68,4,5.39875259,0.06135,2.357,8.03,0.21027782,0.02526521,3.37,1275.0,291.0323102,49.0402129
Kepler-53 c,Kepler-53,3,38.5583038,0.22091,3.17,36.0,0.283,0.11326867,0.92,550.0,290.4617926,40.5624966
Kepler-1652 b,Kepler-1652,1,38.09722,0.1654,1.6,3.19,0.14274244,0.01,4.28,268.0,294.3660313,49.9150219
Kepler-352 b,Kepler-352,3,10.05537,0.085,0.86,0.566,0.077,0.00178,4.89,694.0,299.8966237,46.0519022
HD 18742 b,HD 18742,1,766.0,1.82,13.1,1080.622,1.17,3.4,2.64,399.93,45.0443115,-20.8027024
KOI-7368 b,KOI-7368,1,6.8430344,0.0678,2.22,5.56,0.198,0.0175,2.79,805.0,293.9476365,48.0652589
TOI-2088 b,TOI-2088,1,124.72997,0.472,3.6831179,37.0,0.32858634,0.11641502,2.0,300.33,261.3748943,75.8822796
GJ 238 b,GJ 238,1,1.7446999,0.02123,0.566,0.126,0.05049522,0.000398,3.82,758.0,98.454881,-58.5250316
Kepler-1192 b,Kepler-1192,1,25.2034787,0.1693,2.36,6.17,0.2105451,0.0194,2.58,600.0,282.1405603,43.8964934
Kepler-214 b,Kepler-214,2,15.660544,0.13,2.61,7.32,0.233,0.023,2.26,758.0,284.7548499,44.95605
Kepler-1354 b,Kepler-1354,1,76.613377,0.3521,2.97,9.11,0.26496565,0.0287,1.91,466.0,291.2451266,37.7590079
Kepler-1897 b,Kepler-1897,1,24.22030067,0.1546,2.81407954,8.32,0.25105579,0.0262,2.05,505.0,294.2901043,39.126871
Kepler-452 b,Kepler-452,1,384.843,1.046,1.63,3.29,0.14541886,0.0104,4.17,265.0,296.003752,44.2775861
Kepler-259 b,Kepler-259,2,8.115317,0.079,2.8,8.25,0.25,0.0259,2.07,879.0,288.2119707,46.6150461
HIP 98599 b,HIP 98599,1,2656.0,3.96,12.7,2177.12458795,1.13,6.85,5.84,171.08,300.4090608,-22.1110649
WASP-82 b,WASP-82,1,2.70579,0.0447,18.15858,371.8611,1.62,1.17,0.354,2190.0,72.6605916,1.8938365
K2-154 b,K2-154,2,3.67626,0.0405,1.99,4.62,0.17753591,0.0145,3.22,715.0,189.0015173,-2.6696217
Kepler-1869 c,Kepler-1869,2,1.716828304,0.028,0.74,0.33,0.06601849,0.00104,4.47,1455.0,292.6149958,42.7643438
Kepler-240 b,Kepler-240,2,4.144495,0.048,1.37,2.45,0.122,0.00771,5.24,864.0,291.1587635,40.7502108
Kepler-601 b,Kepler-601,1,5.378868441,0.05494,1.9,4.27,0.16950665,0.0134,3.42,833.0,282.0046852,42.1764657
gam Lib b,gam Lib,2,414.88,1.319,13.7,357.87478628,1.22,1.126,0.765,720.78,233.8818636,-14.789502
HD 136118 b,HD 136118,1,1187.59765,2.327,12.3,4164.18778851,1.1,13.102,12.3,249.62,229.7306046,-1.5922913
Kepler-781 b,Kepler-781,1,13.2140732,0.1019,2.89,8.7,0.25782853,0.0274,1.98,629.0,287.6535874,47.4147762
Kepler-1550 b,Kepler-1550,1,225.582809,0.7681,3.02,9.38,0.26942635,0.0295,1.87,348.0,287.7646113,38.2947076
K2-72 b,K2-72,4,5.577212,0.04,1.08,1.28,0.09635115,0.00403,5.58,466.13,334.6227504,-9.6120084
Kepler-743 b,Kepler-743,1,3.179262921,0.04166,1.21,1.92,0.10794897,0.00606,5.96,1101.0,295.57423,42.8064255
NGTS-32 b,NGTS-32,1,3.31211,0.044,15.91675259,181.16219199,1.42,0.57,0.24,1750.0,223.8576228,-18.4323191
HD 155358 b,HD 155358,2,194.3,0.63,13.8,314.6517,1.23,0.99,0.658,421.43,257.3930947,33.3549277
TOI-5126 c,TOI-5126,2,17.8999,0.1439,3.86,14.2,0.34436673,0.0447,1.36,971.0,151.6597827,18.6340631
TOI-406 c,TOI-406,2,3.307441,0.0322,1.32,2.08,0.11776272,0.00654441,4.9,584.0,49.2626428,-42.2441492
Kepler-545 b,Kepler-545,1,13.24934059,0.11248,2.69,7.7,0.23998573,0.0242,2.17,806.0,290.5663221,40.6920756
KPS-1 b,KPS-1,1,1.706291,0.0269,11.54527,346.4347,1.03,1.09,1.31,1459.0,165.167198,64.9638452
Kepler-916 b,Kepler-916,1,32.2968798,0.1885,1.76,3.75,0.15701668,0.0118,3.78,503.0,290.9833818,45.9733334
NGTS-25 b,NGTS-25,1,2.823093,0.0388,11.46678726,203.09235207,1.023,0.639,0.74,1101.0,307.4182976,-39.0323568
Kepler-20 e,Kepler-20,6,6.0984882,0.0637,0.821,0.76,0.07324484,0.00239123,7.5,1004.0,287.6979913,42.3385782
TOI-277 b,TOI-277,1,3.994,0.0269,2.65,7.51,0.23641757,0.0236,2.22,587.92,19.0766985,-20.9532772
HD 156846 b,HD 156846,1,359.51001,1.12,12.4,3391.2461,1.11,10.67,9.77,382.49,260.1423366,-19.334365
TOI-2025 b,TOI-2025,1,8.8720982,0.0892,11.89272852,1144.1822652,1.061,3.6,3.74,1166.0,282.7952558,82.2454143
Kepler-845 b,Kepler-845,1,0.927859821,0.01668,2.04,4.82,0.18199661,0.0152,3.12,1361.0,290.9576363,49.2037262
Kepler-1919 b,Kepler-1919,1,37.88660049,0.2107,2.62390658,7.38,0.23408967,0.0232,2.24,479.0,283.1319153,43.956005
HD 13808 b,HD 13808,2,14.1815,0.10519,3.35,11.2,0.299,0.03523896,1.64,661.56,33.1780708,-53.7437591
HD 192310 c,HD 192310,2,525.8,1.18,5.25,24.0,0.469,0.076,0.911,185.0,303.8284712,-27.0337556
K2-151 b,K2-151,1,3.835476,0.0373,1.49,2.83,0.1329289,0.00889,4.7,566.0,19.3047733,9.5012663
HIP 56640 b,HIP 56640,1,2675.57603,4.55,12.7,2151.69831539,1.13,6.77,5.77,239.37,174.2008941,-37.0391349
Kepler-1878 b,Kepler-1878,1,4.445879936,0.0521,2.92019781,8.86,0.26052305,0.0279,1.96,1063.0,300.7324154,44.1070231
TOI-2443 b,TOI-2443,1,15.66858,0.105,2.363,4.8,0.2108131,0.01510249,2.0,519.0,40.1798608,1.1996757
HD 219139 b,HD 219139,1,275.5,0.94,14.0,247.90615746,1.24,0.78,0.496,804.83,348.3604055,11.0649832
Kepler-1020 b,Kepler-1020,1,96.9151496,0.37594,2.28,5.82,0.20340798,0.0183,2.7,325.0,292.672471,46.3772776
Kepler-1447 b,Kepler-1447,1,56.6747285,0.2836,2.9,8.75,0.25872067,0.0275,1.97,522.0,289.6434285,50.727016
TOI-1470 c,TOI-1470,2,18.08816,0.106,2.47,7.24,0.22035902,0.02277959,2.66,373.0,10.0891431,61.2133868
HD 74698 c,HD 74698,2,3449.0,4.5,14.0,126.0,1.24,0.4,0.252,151.77,130.0744755,-71.8768726
Kepler-915 b,Kepler-915,1,4.59489604,0.05655,1.5,2.86,0.13382104,0.00899,4.66,1319.0,290.5921293,45.7372184
HATS-58 A b,HATS-58 A,1,4.2180896,0.05798,12.273855,327.3649,1.095,1.03,0.96,1721.0,186.7873036,-48.9784105
TIC 241249530 b,TIC 241249530,1,165.7719,0.641,13.29385111,1582.78546686,1.186,4.98,3.7,438.94,95.3088995,53.2950203
TOI-3261 b,TOI-3261,1,0.8831331,0.01714,3.82,30.3,0.34079816,0.09533446,3.0,1722.0,47.7285242,-73.531972
HAT-P-59 b,HAT-P-59,1,4.1419771,0.05064,12.58768533,489.45574678,1.123,1.54,1.347,1277.8,292.4588212,62.5291892
Kepler-910 b,Kepler-910,1,2.364369015,0.03752,0.82,0.477,0.0731555,0.0015,4.75,1752.0,296.0472937,42.7429414
HD 102195 b,HD 102195,1,4.11377,0.05,14.2,130.3103,1.27,0.41,0.25,1035.17,176.4254063,2.8209912
K2-8 c,K2-8,2,5.06416,0.0532,2.41,6.39,0.2150058,0.0201,2.51,801.0,169.7935178,-0.2844389
Kepler-849 b,Kepler-849,1,394.62508,1.137,8.08167508,298.75870258,0.721,0.94,3.09,362.7,290.8517961,48.5213243
Kepler-92 b,Kepler-92,3,13.749,0.12232,3.51,64.3,0.313,0.202,2.098071,975.0,289.0860607,41.5630224
HD 17674 b,HD 17674,1,623.8,1.42,13.9,276.5121,1.24,0.87,0.566,259.52,42.7684964,30.2865981
Kepler-405 c,Kepler-405,2,29.726682,0.188,4.66,19.6,0.416,0.0616,1.06,557.0,291.4094615,38.3400107
K2-223 b,K2-223,2,0.50557,0.0127,0.89,0.64,0.07940062,0.00201,4.99,2271.0,185.306183,-10.2820915
Kepler-1065 c,Kepler-1065,2,2.37030743,0.0344,1.6,3.19,0.14274244,0.01,4.28,1256.0,294.511319,38.7904648
TOI-6086 b,TOI-6086,1,1.3888725,0.01541,1.18,1.76,0.10527273,0.00553,5.89,634.0,265.3704236,30.3037755
Kepler-46 b,Kepler-46,3,33.60134,0.1968,9.057,1907.0,0.808,6.0,14.0,543.0,289.2687388,42.6041819
HIP 38594 c,HIP 38594,2,3477.768,3.805,7.94,48.4,0.708,0.15228267,0.531,79.96,118.5439118,-25.3023073
TOI-3071 b,TOI-3071,1,1.266938,0.0249,7.16,68.2,0.63877351,0.2145812,1.02,2155.0,173.2790517,-56.5033871
HD 178911 B b,HD 178911 B,1,71.484,0.34,12.6,2552.1749,1.12,8.03,7.01,480.24,287.2632091,34.6006972
Kepler-145 c,Kepler-145,2,42.882,0.26244,4.32,79.4,0.385,0.25,2.58,709.0,291.3877397,44.5290465
GJ 682 c,GJ 682,2,57.32,0.176,2.89,8.7,0.258,0.02737312,1.98,190.08,264.2610245,-44.3232519
Kepler-144 b,Kepler-144,2,5.885273,0.066,1.33,2.33,0.119,0.00733,5.44,1253.0,281.9156128,42.7755535
Kepler-251 e,Kepler-251,4,99.640161,0.404,2.77,8.1,0.247,0.0255,2.09,360.0,296.5662171,44.1058077
TOI-406.01,TOI-406,2,13.175682,0.0809,2.08,6.57,0.18556549,0.02067153,4.1,368.0,49.2626428,-42.2441492
HD 216437 b,HD 216437,1,1359.0,2.57,13.0,1334.8793094,1.16,4.2,3.34,209.85,343.6639631,-70.0733957
Kepler-196 d,Kepler-196,3,122.0800018,0.4545,2.66065673,7.56,0.2373683,0.0238,2.21,297.0,284.9685077,42.0791214
HIP 65 A b,HIP 65 A,1,0.9809734,0.01782,22.75427,1021.18779,2.03,3.213,0.48,1411.0,0.1856063,-54.8308228
Kepler-549 d,Kepler-549,3,24.61480613,0.1575,4.2,16.4,0.37469955,0.0516,1.22,586.0,283.0228527,47.2611431
Kepler-235 e,Kepler-235,4,46.183669,0.213,2.22,5.56,0.198,0.0175,2.79,306.0,286.0790779,39.278237
Kepler-1013 b,Kepler-1013,1,18.93054959,0.137,2.15,5.27,0.19181015,0.0166,2.91,766.0,290.2481023,44.4352935
TOI-5789 e,TOI-5789,4,62.98,0.2901,3.43,11.61,0.306,0.03652915,1.58,424.0,302.7734475,16.1897138
Kepler-405 b,Kepler-405,2,10.613839,0.095,2.08,4.98,0.186,0.0157,3.04,785.0,291.4094615,38.3400107
Kepler-1883 b,Kepler-1883,1,103.427002,0.4438,3.25107395,10.6,0.29004189,0.0334,1.7,416.0,291.922557,42.002522
Kepler-313 b,Kepler-313,2,14.970418,0.125,2.53,6.94,0.226,0.0218,2.35,883.0,298.2948708,48.7754
HD 210702 b,HD 210702,1,355.5,1.079,13.6,481.5100366,1.21,1.515,1.05,485.86,332.9638643,16.0404806
Kepler-1421 b,Kepler-1421,1,6.9131112,0.07576,0.93,0.749,0.08296904,0.00236,5.12,1209.0,286.5806115,48.5442312
Kepler-1660 AB b,Kepler-1660 A,1,239.5044,0.8,12.9,1586.59940774,1.15,4.992,4.06,415.08,290.5519537,40.2350445
HD 36384 b,HD 36384,1,490.0,1.3,12.7,2097.6674862,1.13,6.6,5.63,1032.58,84.9319998,75.0439884
TIC 139270665 b,TIC 139270665,2,23.624,0.163,7.22979255,147.15455244,0.645,0.463,2.13,703.0,124.0338967,33.2914532
Kepler-1372 b,Kepler-1372,1,1.311555568,0.024,1.27,2.15,0.11330181,0.00678,5.77,1655.0,288.8865895,44.8394672
Kepler-84 f,Kepler-84,5,44.552169,0.25,2.2,5.48,0.196,0.0172,2.83,572.0,298.2520208,40.4960842
Kepler-205 c,Kepler-205,2,20.306546,0.122,1.64,3.33,0.146,0.0105,4.15,389.0,285.2866912,41.8609357
Kepler-1507 b,Kepler-1507,1,16.0506213,0.11946,0.84,0.52,0.07493978,0.00164,4.82,630.0,288.5616269,46.5361247
Kepler-702 b,Kepler-702,1,10.526294063,0.088,9.17,61.8,0.8180926,0.194,0.44,713.0,293.8781041,41.6617245
Kepler-186 c,Kepler-186,5,7.267302,0.0451,1.25,2.1,0.112,0.0066,5.91,464.0,298.652736,43.9549884
TOI-1794 b,TOI-1794,1,8.765528,0.082,3.29701268,8.7,0.29414028,0.02737326,1.31,992.91,203.3974857,49.0608433
Kepler-339 b,Kepler-339,3,4.977656,0.055,1.42,2.6,0.127,0.00819,4.99,1023.0,293.351701,48.4445922
K2-228 b,K2-228,1,2.69828,0.0338,1.21,1.92,0.10794897,0.00606,5.96,914.0,187.2947047,-6.8342028
Kepler-1805 b,Kepler-1805,1,8.847940445,0.0699,1.54502915,3.0,0.13783851,0.00945,4.47,479.0,285.0865387,40.8990506
TOI-261.01,TOI-261,2,3.3639254,0.034792189,3.0449863,9.51,0.27136114,0.0299,1.85,1722.49,15.2181412,-24.4239934
TOI-1201 b,TOI-1201,1,2.4919863,0.0287,2.415,6.28,0.21545224,0.01975909,2.45,703.0,42.2476999,-14.5372835
K2-286 b,K2-286,1,27.359,0.1768,2.1,5.06,0.18734945,0.0159,3.0,347.0,233.3698192,-16.7737113
Kepler-370 b,Kepler-370,2,4.57953,0.054,1.59,3.15,0.142,0.00993,4.31,1040.0,292.1710683,40.9162381
TOI-559 b,TOI-559,1,6.9839095,0.0723,12.22899794,1910.14872607,1.091,6.01,5.74,1180.0,46.8186159,-31.1629951
Kepler-224 c,Kepler-224,4,5.925003,0.058,3.12,9.91,0.278,0.0312,1.79,758.0,290.9342679,47.3575414
Kepler-956 b,Kepler-956,1,5.248672631,0.06017,3.0,9.27,0.26764207,0.0292,1.89,1056.0,292.5308289,49.0616555
Kepler-1052 b,Kepler-1052,2,34.8538276,0.20988,2.93,8.91,0.26139709,0.028,1.95,522.0,295.34273,46.6022134
Kepler-1405 b,Kepler-1405,1,28.2274184,0.1778,3.96,14.9,0.35328754,0.0467,1.32,565.0,295.6848822,39.2561274
HATS-63 b,HATS-63,1,3.0566527,0.04026,13.529263,305.1168,1.207,0.96,0.67,1398.3,67.418582,-28.1972149
K2-414 b,K2-414,2,4.3696,0.0487,1.219,1.98,0.10875208,0.00622,6.01,811.92,351.6361913,-4.6066569
TOI-5795 b,TOI-5795,1,6.1406325,0.064,5.62,23.66,0.50138368,0.07444269,0.73,1136.78,304.868782,-7.5476595
TOI-1052 b,TOI-1052,2,9.139703,0.09103,2.87,16.9,0.25604469,0.05317335,3.93,1135.0,337.5102738,-75.6465606
TOI-1174 b,TOI-1174,1,8.953487683,0.07994,2.562,32.0,0.22856672,0.10068326,11.0,713.83,209.2171751,68.6182106
HD 200964 c,HD 200964,2,852.5,1.96,13.7,385.84562,1.22,1.214,0.825,380.62,316.6664183,3.8033357
Kepler-1315 b,Kepler-1315,2,0.84338011,0.01617,1.38,2.48,0.12311535,0.0078,5.19,1541.0,295.8215678,46.0530562
Kepler-425 b,Kepler-425,1,3.79701816,0.0464,10.962,79.45,0.978,0.25,0.27,1070.0,290.3579781,40.5676965
Kepler-197 b,Kepler-197,4,5.599308,0.06,1.02,1.04,0.091,0.00328,5.39,1142.0,295.2264739,50.5592348
Kepler-1271 b,Kepler-1271,1,3.0255955,0.04233,1.48,2.79,0.13203676,0.00879,4.73,1484.0,286.3442954,37.4119347
Kepler-790 b,Kepler-790,1,13.73469807,0.101,2.18,5.39,0.19448657,0.017,2.86,634.0,286.9171489,38.8722123
Kepler-395 b,Kepler-395,2,7.054346,0.061,1.03,1.08,0.092,0.0034,5.43,576.0,293.5111889,45.1366252
TOI-1846 b,TOI-1846,1,3.9306737,0.03646,1.792,3.87,0.15987181,0.0122,3.7,568.1,257.9549645,54.5278483
Kepler-1957 b,Kepler-1957,1,2.186619997,0.0299,0.94374867,0.79,0.08419576,0.00248,5.16,1099.0,293.711436,47.8874467
Kepler-515 b,Kepler-515,1,19.96371318,0.1333,1.46,2.73,0.13025248,0.00859,4.82,564.0,290.493913,52.055611
K2-98 b,K2-98,1,10.1367349,0.0986,5.06645928,34.00763955,0.452,0.107,1.4,1185.0,126.4882114,11.5110933
HS Psc b,HS Psc,1,3.986,0.0435,13.6,464.02947422,1.21,1.46,1.01,783.44,24.347379,26.9528036
Kepler-113 c,Kepler-113,2,8.92507,0.07796,2.18,8.7,0.194,0.02737312,0.308247,628.0,287.9978721,50.9441847
BD+42 2315 b,BD+42 2315,1,123.05,0.54,14.2,174.80562385,1.26,0.55,0.335,1247.58,187.5887597,41.2695674
Kepler-219 b,Kepler-219,3,4.585512,0.057,2.95,9.01,0.263,0.0283,1.93,1307.0,288.7389481,46.7625929
Kepler-297 c,Kepler-297,3,74.920137,0.336,6.54,42.1,0.583,0.132,0.827,409.0,283.2091605,48.7776156
Kepler-1314 b,Kepler-1314,1,5.424749281,0.0504,5.11,22.9,0.45588366,0.072,0.943,625.0,294.2373599,45.1968274
HD 10180 h,HD 10180,6,2205.0,3.381,9.4,64.4,0.838,0.203,0.426,163.24,24.4731133,-60.5114881
Kepler-1053 b,Kepler-1053,1,2.414351654,0.0315,0.98,0.904,0.08742974,0.00284,5.28,953.0,291.4186349,39.1273664
HD 93351 c,HD 93351,2,14010.2941,11.154,12.3,4154.01727949,1.1,13.07,12.3,74.54,161.6779279,-1.6885763
Kepler-1313 b,Kepler-1313,1,3.833091178,0.04619,1.76,3.75,0.15701668,0.0118,3.78,1012.0,292.388582,42.2332767
Kepler-1791 b,Kepler-1791,1,7.720860004,0.0761,3.12103321,9.91,0.27844041,0.0312,1.79,1021.0,284.4903166,42.6482636
Kepler-340 c,Kepler-340,2,22.824669,0.178,3.37,11.3,0.301,0.0355,1.62,946.0,295.933471,40.3005515
WASP-165 b,WASP-165,1,3.465509,0.04823,14.12334,209.13214,1.26,0.658,0.44,1624.0,357.5806472,-17.0775947
HD 217107 b,HD 217107,2,7.1270166,0.07359,13.6,459.57987652,1.21,1.446,1.0,1105.84,344.5647243,-2.3954489
Kepler-1163 b,Kepler-1163,1,6.11786898,0.06868,1.03,1.08,0.09189045,0.0034,5.43,1211.0,290.235863,50.0300654
HD 106515 A b,HD 106515 A,1,3626.0,4.48,12.1,6006.9568923,1.08,18.9,18.6,116.53,183.7762699,-7.2575413
Kepler-1546 b,Kepler-1546,1,19.5974971,0.1366,3.13,9.96,0.2792399,0.0313,1.78,671.0,297.5839183,41.5411993
Kepler-1288 b,Kepler-1288,1,2.76122421,0.04135,1.12,1.46,0.09991971,0.00459,5.71,2017.0,285.7135,41.6058799
HD 10647 b,HD 10647,1,989.2,2.015,13.8,298.75,1.23,0.94,0.625,221.54,25.6233526,-53.7412852
GJ 1151 c,GJ 1151,1,389.7,0.5714,3.25,10.62,0.29,0.03341426,1.7,88.3,177.7304866,48.3732334
Kepler-581 b,Kepler-581,1,40.6069821,0.2259,2.63,7.41,0.23463288,0.0233,2.24,521.0,295.4326552,40.6481874
Kepler-1261 b,Kepler-1261,1,48.4308991,0.239,2.26,5.73,0.2016237,0.018,2.73,396.0,285.2324786,48.8066963
TOI-815 c,TOI-815,2,34.976145,0.193,2.62,23.5,0.23374115,0.07393927,7.2,469.0,155.8719377,-43.8349248
WASP-171 b,WASP-171,1,3.8186244,0.0504,10.98482,344.52772,0.98,1.084,1.5,1642.0,171.8450533,-44.0887035
Kepler-80 c,Kepler-80,6,9.52355,0.0792,2.74,6.74,0.24444643,0.02120631,1.22,495.0,296.1125759,39.9787451
HATS-49 b,HATS-49,1,4.1480467,0.04515,8.574885,112.19399,0.765,0.353,0.986,834.8,6.6135927,-56.3442798
Kepler-925 b,Kepler-925,1,33.8678531,0.1805,2.34,6.08,0.20876082,0.0191,2.61,394.0,290.1065581,40.4906242
HD 73267 b,HD 73267,2,1257.99159,2.229,13.0,1321.53051631,1.16,4.158,3.31,165.89,129.0735123,-34.4594469
Kepler-1631 b,Kepler-1631,1,4.09513932,0.0511,1.35,2.39,0.12043893,0.00752,5.34,1122.0,294.6325781,43.8076687
Kepler-1893 b,Kepler-1893,1,4.179369926,0.0504,1.70557445,3.55,0.15216142,0.0112,3.93,1194.0,298.4012866,44.8381709
KELT-12 b,KELT-12,1,5.031623,0.06708,19.95202,301.9385,1.78,0.95,0.209,1800.0,267.6404906,36.5701761
HD 63433 b,HD 63433,3,7.1079475,0.072,2.14,21.755,0.191,0.06844888,12.998,967.11,117.4793699,27.3631342
HD 72892 b,HD 72892,1,39.44603,0.228,12.8,1737.88572948,1.14,5.468,4.55,634.46,128.7195554,-14.4574311
Kepler-1139 b,Kepler-1139,1,0.813166719,0.01664,1.19,1.81,0.10616469,0.0057,5.9,1693.0,287.9455985,39.2305281
HD 149806 b,HD 149806,1,16521.52778,12.404,12.3,4003.68444298,1.1,12.597,11.8,69.13,249.2855187,0.2546794
Kepler-231 b,Kepler-231,2,10.065275,0.074,1.73,35.4,0.154,0.111,13.8,488.0,293.9733913,50.531846
HD 110082 b,HD 110082,1,10.18271,0.113,3.2,10.3,0.28548488,0.0325,1.73,957.2,192.5892855,-88.1211107
Kepler-1142 b,Kepler-1142,1,18.3027248,0.1343,1.47,2.76,0.13114462,0.00869,4.77,902.0,292.7144796,44.0822816
Kepler-82 e,Kepler-82,5,5.902206,0.063,2.47,254.02,0.22,0.7992363,0.54,926.0,292.8733696,42.9661583
HD 167042 b,HD 167042,1,417.67,1.22,13.6,444.00628458,1.21,1.397,0.97,462.08,272.6326268,54.2876184
K2-16 c,K2-16,3,19.07863,0.1229,2.54,6.99,0.22660362,0.022,2.34,485.0,175.0972238,4.5574311
HD 169830 b,HD 169830,2,225.67372,0.765,13.2,804.42369812,1.18,2.531,1.92,345.0,276.9561859,-29.8167919
Kepler-853 b,Kepler-853,1,7.16892463,0.079,1.69,3.5,0.1507717,0.011,3.98,1187.0,283.936781,49.1102748
Kepler-449 b,Kepler-449,2,12.58242,0.1027,2.056,4.88,0.18342403,0.0154,3.09,917.0,293.732787,41.9006366
Kepler-906 b,Kepler-906,1,41.6979976,0.22363,2.11,5.1,0.18824159,0.016,2.98,537.0,291.4055614,40.1254254
Kepler-1912 b,Kepler-1912,1,6.059219837,0.06489,1.35670508,2.41,0.12103733,0.00758,5.3,976.0,282.1178211,46.2239547
HIP 57274 c,HIP 57274,3,32.03,0.178,14.2,130.0,1.27,0.40902369,0.249,437.32,176.1705487,30.9576484
HATS-1 b,HATS-1,1,3.446459,0.0444,14.594,589.55,1.302,1.855,1.03,1359.0,175.5252399,-23.3548451
Kepler-735 b,Kepler-735,1,11.51516988,0.0965,2.95,9.01,0.26318137,0.0283,1.93,657.0,284.6888328,46.1721391
HD 100655 b,HD 100655,1,157.57001,0.68,13.5,511.7063,1.21,1.61,1.14,907.14,173.7653631,20.441541
GJ 676 A c,GJ 676 A,4,13921.42302,9.726,12.3,4288.14086724,1.1,13.492,12.7,47.96,262.5448903,-51.6377777
HD 25463 b,HD 25463,2,7.0491423,0.076,2.54535814,8.7,0.22708203,0.02737326,2.87,1198.46,60.7483361,9.2077676
TOI-1260 c,TOI-1260,3,7.493134,0.0657,2.76,13.2,0.24623113,0.04153184,3.45,651.0,157.1440712,65.8541986
Kepler-1730 b,Kepler-1730,1,13.81019974,0.1131,4.48524519,18.4,0.40014746,0.0577,1.12,833.0,281.9605834,43.7030386
Kepler-1583 b,Kepler-1583,1,9.32807355,0.08307,0.6,0.156,0.05352841,0.00049,3.97,788.0,286.3869335,47.0165188
Kepler-306 e,Kepler-306,4,44.840975,0.227,2.27,5.77,0.203,0.0182,2.71,390.0,288.5387145,40.6160545
HD 217958 b,HD 217958,1,2560.19774,3.758,14.2,166.54208527,1.27,0.524,0.32,169.89,346.136577,-25.6917758
Kepler-1839 b,Kepler-1839,1,5.056759834,0.0583,1.9493759,4.46,0.17391197,0.014,3.31,1049.0,294.2244432,50.0755761
OGLE2-TR-L9 b,OGLE2-TR-L9,1,2.4855335,0.0308,18.046,1430.175,1.61,4.5,1.25,2034.0,166.9798793,-61.1462496
Kepler-694 b,Kepler-694,1,6.365841612,0.0659,2.8,8.25,0.24979927,0.0259,2.07,914.0,291.1495269,40.4204569
Kepler-150 d,Kepler-150,5,12.56093,0.104,2.79,8.2,0.249,0.0258,2.07,734.0,288.2341025,40.520897
Kepler-1994 b,Kepler-1994,1,4.61225043,0.053,0.51,0.087,0.04549923,0.000274,3.6,1032.0,297.1487941,46.2969247
HD 10442 b,HD 10442,1,1032.3,2.01,13.6,472.61321,1.21,1.487,1.03,234.49,25.471524,2.7044193
Kepler-148 c,Kepler-148,3,4.180043,0.05,3.6,12.6,0.321,0.0398,1.48,957.0,289.7861626,46.8588176
HATS-32 b,HATS-32,1,2.8126548,0.04024,14.000041,292.4036,1.249,0.92,0.58,1437.0,346.0750861,-21.2720168
Kepler-547 b,Kepler-547,1,6.010384289,0.058,4.0,15.1,0.3568561,0.0475,1.3,768.0,286.1185888,44.3452063
WASP-38 b,WASP-38,1,6.87188,0.07522,13.78707,1093.3352,1.23,3.44,2.3,1250.0,243.9597194,10.0324103
Kepler-1488 c,Kepler-1488,2,6.158269882,0.06959,1.65156749,3.37,0.14734324,0.0106,4.11,1212.0,286.6464265,49.9377735
Kepler-124 c,Kepler-124,3,13.821375,0.1,1.75,3.71,0.156,0.0117,3.8,560.0,286.7527322,49.0648788
Kepler-198 c,Kepler-198,3,49.567416,0.259,2.47,6.66,0.22,0.021,2.43,465.0,290.6731326,38.6910045
Kepler-129 b,Kepler-129,3,15.79,0.13,2.4,20.0,0.21411403,0.06292704,8.1,910.0,285.3111845,47.8484775
LHS 1903 c,LHS 1903,4,6.226185,0.05387,2.046,4.55,0.18253221,0.0143159,2.91,559.0,107.865826,48.3279327
HAT-P-57 b,HAT-P-57,1,2.4653,0.0406,19.50366,448.1403,1.74,1.41,0.332,2200.0,274.743418,10.5971968
Kepler-446 b,Kepler-446,3,1.565409,0.0182,1.5,2.86,0.13,0.00899,4.66,648.0,282.2501047,44.921002
HD 8326 b,HD 8326,1,158.991,0.533,9.58,66.6,0.855,0.20954598,0.416,287.23,20.5314418,-26.8940678
K2-216 b,K2-216,1,2.1748,0.028,1.75,8.0,0.15612454,0.02517069,8.2,1103.0,11.4802354,6.3470302
Kepler-1549 b,Kepler-1549,1,214.886545,0.6687,2.57,7.13,0.22928004,0.0224,2.31,286.0,286.0524399,39.0960281
Kepler-1198 b,Kepler-1198,1,7.6847716,0.0732,1.47,2.76,0.13114462,0.00869,4.77,830.0,288.8339659,44.838198
HD 143811 AB b,HD 143811 A,1,117000.0,63.0,15.69257298,1938.7532827,1.4,6.1,2.76,1042.0,240.8891972,-30.1371574
WASP-104 b,WASP-104,1,1.7554137,0.02918,12.745,404.263,1.137,1.272,1.074,1516.0,160.6023689,7.4350768
51 Peg b,51 Peg,1,4.2307966,0.052,14.1,193.87532827,1.26,0.61,0.38,1328.93,344.3675399,20.7690958
K2-187 e,K2-187,4,13.606629,0.1106,1.9,4.27,0.16950694,0.0134,3.42,698.0,132.5235618,23.1924709
Kepler-1086 c,Kepler-1086,2,161.5163345,0.503,2.94,8.96,0.26228923,0.0282,1.94,211.0,295.251187,45.8429537
K2-32 e,K2-32,4,4.34934,0.04899,1.212,2.1,0.10812758,0.00660734,6.3,1066.0,252.426008,-19.5430504
Kepler-1800 b,Kepler-1800,1,4.562029839,0.05098,0.99679734,0.961,0.08892846,0.00302,5.33,1533.0,297.6513317,40.3524154
Kepler-78 b,Kepler-78,1,0.35500745,0.00901,1.201,1.68,0.10714623,0.00528587,5.33,2223.0,293.7419543,44.4482521
Kepler-1944 b,Kepler-1944,1,9.842579842,0.0918,2.75971163,8.05,0.2462054,0.0253,2.1,801.0,296.5105045,39.1732645
TOI-1742 b,TOI-1742,1,21.269084,0.154,2.36507598,9.7,0.21099831,0.03051961,4.0,694.09,257.3288678,71.8766724
K2-105 b,K2-105,1,8.26726,0.0796,3.4,15.4,0.30332821,0.04845382,2.24,805.0,125.4202985,13.4975122
BD+45 564 b,BD+45 564,1,307.88,0.83,13.6,432.24663352,1.21,1.36,0.944,238.82,32.9470485,45.9242187
WASP-60 b,WASP-60,1,4.305,0.05548,9.86392,174.8065,0.88,0.55,0.378,1479.0,356.6667136,31.1559115
HD 11343 c,HIP 8541,2,228.53731,0.923,13.9,255.53403923,1.24,0.804,0.523,613.29,27.5271962,-54.4651633
Kepler-1762 b,Kepler-1762,1,29.53910065,0.204,2.76022913,8.05,0.24625157,0.0253,2.1,714.0,290.4931471,39.7855117
HD 7449 b,HD 7449,1,1270.55195,2.438,12.6,2597.92939882,1.12,8.174,7.14,183.23,18.621465,-5.0479716
HD 197037 b,HD 197037,1,1035.7,2.07,13.9,251.0,1.24,0.79,0.514,216.67,309.8869681,42.247593
K2-270 b,K2-270,2,1.543069,0.0247,1.38,2.48,0.12311535,0.0078,5.19,1203.0,131.2665588,13.5497322
Kepler-1529 b,Kepler-1529,1,5.33905686,0.0525,2.1,5.06,0.18734945,0.0159,3.0,817.0,289.8707469,41.0407482
Kepler-98 b,Kepler-98,1,1.54168,0.02614,1.99,3.55,0.178,0.011,2.18,1592.0,285.6616933,37.9645672
HD 140901 b,HD 140901,2,9.02378,0.085,4.07,15.57359194,0.363,0.049,1.27,904.37,236.8689866,-37.9172333
Pr0201 b,Pr0201,1,4.4264,0.06,14.2,171.6282,1.27,0.54,0.329,1303.39,130.4324005,20.2268164
Kepler-362 b,Kepler-362,2,10.327186,0.087,0.88,0.615,0.079,0.00193,4.96,838.0,291.771603,47.5299192
TOI-2295 b,TOI-2295,2,30.033302,0.1992,16.47720163,278.09985612,1.47,0.875,0.34,747.0,281.5761962,50.4924657
HD 99283 b,HD 99283,1,310.4,1.08,13.8,308.29355479,1.23,0.97,0.645,759.06,171.4874082,55.8506653
HD 39194 b,HD 39194,3,5.63692,0.05895,1.99,4.62,0.178,0.01453615,3.22,915.16,86.129071,-70.1382377
Kepler-656 c,Kepler-656,2,5.25449393,0.0602,1.41,2.57,0.12579199,0.00809,5.04,975.0,288.3278778,47.381538
TOI-1295 b,TOI-1295,1,3.1968838,0.047,15.69257298,451.31633794,1.4,1.42,0.65,2360.0,256.6722026,67.8715032
NGTS-15 b,NGTS-15,1,3.27623,0.0441,12.32987877,238.68913366,1.1,0.751,0.74,1146.0,73.3553101,-32.8003484
HD 62509 b,HD 62509,1,589.64,1.64,13.3,731.0,1.19,2.3,1.71,549.6,116.328824,28.026127
HD 81817 b,HD 81817,2,1021.20159,3.233,12.0,7668.5638041,1.07,24.128,24.4,1016.37,144.2715659,81.3263096
Kepler-1941 b,Kepler-1941,1,31.33510017,0.2054,2.64976949,7.51,0.23639701,0.0236,2.22,666.0,296.6270184,49.353891
Kepler-1691 b,Kepler-1691,1,3.8482,0.0495,1.83470985,4.02,0.16368185,0.0127,3.58,1283.0,286.2543962,41.0218373
K2-254 b,K2-254,2,4.09639,0.0448,1.63,3.29,0.14541886,0.0104,4.17,791.0,185.5507926,-4.7172908
Kepler-180 c,Kepler-180,2,41.885775,0.229,3.01,9.32,0.269,0.0293,1.88,540.0,295.5712566,49.774514
Kepler-1316 b,Kepler-1316,1,87.9732136,0.39765,3.54,12.3,0.31581765,0.0386,1.52,446.0,298.8358277,40.2930714
Kepler-1542 b,Kepler-1542,4,3.95116882,0.04765,0.76,0.363,0.06780266,0.00114,4.54,1160.0,285.7284757,42.6544651
Kepler-1311 d,Kepler-1311,3,197.5110016,0.68434,9.65837605,67.5,0.86166408,0.212,0.412,391.0,289.6512597,43.8244445
Kepler-1866 b,Kepler-1866,1,11.66009998,0.1016,2.08215108,4.99,0.1857574,0.0157,3.04,834.0,286.2246453,44.6544869
HD 155918 b,HD 155918,2,1.87567,0.03,2.67,7.62788177,0.239,0.024,2.2,1622.13,260.5364025,-75.349239
DMPP-2 d,DMPP-2,3,16.491,0.1432,11.6,91.79,1.03,0.28880364,0.323,1105.06,27.407731,-34.4590985
Kepler-300 c,Kepler-300,2,40.714955,0.232,2.25,5.69,0.201,0.0179,2.74,516.0,295.2886934,48.5997243
Kepler-1392 b,Kepler-1392,1,15.1410397,0.1189,1.96,4.5,0.17485949,0.0142,3.28,714.0,288.7669819,46.3944497
TOI-669 b,TOI-669,1,3.945152,0.048,2.58606487,10.0,0.23071365,0.03146352,3.17,1124.85,158.9007013,-5.1813735
Kepler-347 b,Kepler-347,3,12.79836,0.11,1.97,4.54,0.176,0.0143,3.26,908.0,289.1995995,49.3056404
WASP-184 b,WASP-184,1,5.1817,0.0627,14.90797,181.1631,1.33,0.57,0.32,1480.0,209.51701,-30.348153
TOI-4559 b,TOI-4559,1,3.965991,0.0359,1.415,2.59,0.12623806,0.00814,5.02,554.16,211.0135378,-30.0141252
Kepler-105 c,Kepler-105,2,7.12592,0.07229,1.44,5.6,0.12846842,0.01761957,10.4,997.0,287.8872376,46.2761224
HD 34445 d,HD 34445,6,117.87,0.4817,6.07,30.7,0.542,0.097,0.754,476.32,79.4207483,7.3527156
LHS 1903 e,LHS 1903,4,29.31773,0.15135,1.732,5.79,0.15451896,0.01821738,6.1,333.0,107.865826,48.3279327
Kepler-504 b,Kepler-504,1,9.549275422,0.0646,1.59,3.15,0.1418503,0.00993,4.31,374.0,284.9219608,45.9723265
HD 199509 b,HD 199509,1,99.62167,0.426,7.43,43.22466335,0.663,0.136,0.579,410.73,317.3445632,-82.0274926
Kepler-256 d,Kepler-256,4,5.839172,0.064,2.48,6.71,0.221,0.0211,2.42,1097.0,292.58042,46.0973588
Kepler-214 c,Kepler-214,2,28.7798,0.194,2.13,5.18,0.19,0.0163,2.95,619.0,284.7548499,44.95605
Kepler-197 d,Kepler-197,4,15.677563,0.119,1.22,1.98,0.109,0.00624,5.99,810.0,295.2264739,50.5592348
HIP 5158 b,HIP 5158,2,345.72,0.89,13.6,451.0,1.21,1.42,0.985,219.65,16.5094891,-22.4536134
HD 33142 b,HD 33142,3,330.0,1.074,13.7,400.46379282,1.22,1.26,0.856,477.5,76.8980559,-13.9863374
TOI-2421 b,TOI-2421,1,4.3474032,0.0543,10.36830715,105.83685953,0.925,0.333,0.52,1534.0,33.1540208,-35.3909182
Kepler-323 c,Kepler-323,2,3.5538229,0.0458,1.57,6.8,0.14006626,0.02139519,9.6,1431.0,291.3822988,38.1274595
TOI-7510 b,TOI-7510,3,11.530869,0.1019,7.31,18.1,0.652,0.0571,0.255,878.0,273.728188,-54.4340547
HATS-17 b,HATS-17,1,16.254611,0.1308,8.709393,425.25654,0.777,1.338,3.5,814.0,192.1895676,-47.6136789
K2-90 c,K2-90,2,2.900706,0.035,1.3,2.24,0.11597823,0.00705,5.6,908.07,59.1527391,22.4724517
Kepler-867 b,Kepler-867,1,150.242127,0.5375,4.64,19.4,0.41395307,0.0612,1.07,327.0,287.2852554,51.2499499
Kepler-315 c,Kepler-315,2,265.469335,0.791,4.15,16.1,0.37,0.0506,1.24,291.0,298.0230967,43.3634761
HD 77946 b,HD 77946,1,6.527363,0.073,2.89646124,10.9,0.25840541,0.03429524,2.44,1128.86,136.777644,46.6724251
Kepler-768 b,Kepler-768,1,11.3910025,0.092,1.79,3.86,0.1596931,0.0121,3.7,618.0,294.1156858,38.3934378
TOI-2147 b,TOI-2147,1,26.20518,0.172,10.5,116.0,0.93674887,0.36497682,0.55,820.0,155.6415937,83.0837241
K2-251 b,K2-251,1,9.30075,0.0694,2.35,6.12,0.20965296,0.0193,2.59,437.0,190.6892403,-8.5359826
KELT-6 c,KELT-6,2,1276.0,2.39,13.0,1179.1493,1.16,3.71,2.95,241.9,195.9818362,30.640145
Kepler-626 b,Kepler-626,1,14.48585199,0.10913,2.29,5.86,0.20430012,0.0184,2.68,784.0,288.6986828,39.7082044
Kepler-94 b,Kepler-94,2,2.50806,0.03377,3.51,10.84,0.313,0.034,1.45,997.0,281.1947316,47.4972606
Kepler-47 d,Kepler-47,3,187.366,0.6992,7.04,19.02,0.62806673,0.05984331,0.3,314.44,295.2978883,46.9204303
Kepler-325 d,Kepler-325,3,38.715185,0.22,2.79,8.2,0.249,0.0258,2.07,498.0,289.8354219,49.825607
Kepler-298 b,Kepler-298,3,10.475464,0.08,1.96,4.5,0.175,0.0142,3.28,540.0,283.0398448,48.8253303
TOI-2136 b,TOI-2136,1,7.851928,0.057,2.19,6.37,0.19537905,0.02004226,3.34,395.0,281.1763433,36.5631318
TIC 279401253 c,TIC 279401253,2,155.3,0.591,12.6,2548.98382414,1.12,8.02,7.0,384.31,57.6572277,-15.0262251
HD 11506 d,HD 11506,3,26500.0,18.2,12.3,4068.2036096,1.1,12.8,12.0,77.07,28.2106607,-19.507396
Kepler-282 c,Kepler-282,4,13.638723,0.106,1.2,1.87,0.107,0.00588,5.95,717.0,284.6772402,44.7976401
Kepler-811 b,Kepler-811,1,23.58447697,0.15911,2.7,7.75,0.24087787,0.0244,2.16,730.0,285.4241593,47.8345586
Kepler-1493 b,Kepler-1493,1,15.0217983,0.1197,1.41,2.57,0.12579177,0.00809,5.04,874.0,288.5493683,38.5651973
HAT-P-6 b,HAT-P-6,1,3.85298,0.05239,16.58932,419.5356,1.48,1.32,0.558,1675.0,354.7740917,42.4659866
Kepler-1118 b,Kepler-1118,1,38.6715075,0.2079,2.74,7.95,0.24444643,0.025,2.12,502.0,299.9656619,44.1608805
WASP-185 b,WASP-185,1,9.38755,0.0904,14.01125,311.4734,1.25,0.98,0.66,1160.0,214.0595791,-19.5423062
Kepler-982 b,Kepler-982,1,15.7738221,0.1277,2.25,5.69,0.20073156,0.0179,2.74,955.0,288.4176803,46.5904531
TOI-1752 c,TOI-1752,2,32.71443,0.1614,2.29,5.86,0.20430047,0.0184,2.68,291.0,253.4614861,60.7096197
K2-247 c,K2-247,2,6.49424,0.0615,2.19,5.43,0.19537871,0.0171,2.84,688.0,188.8935189,-10.0692793
Kepler-1841 b,Kepler-1841,1,25.88599968,0.1606,1.48912557,2.82,0.13285111,0.00888,4.69,542.0,287.7069031,40.6852161
TOI-5261 b,TOI-5261,1,4.1509768,0.05134,11.60129502,3651.84839643,1.035,11.49,12.9,1244.0,305.4585453,19.4358468
K2-322 b,K2-322,1,8.205,0.0594,1.92,4.35,0.17129093,0.0137,3.38,635.0,156.6226981,4.7640203
Kepler-1917 b,Kepler-1917,1,12.90240002,0.103,1.88971288,4.23,0.16858918,0.0133,3.44,675.0,294.1038932,45.0013533
HD 141004 b,HD 141004,1,15.5083,0.1238,3.77,13.63483866,0.336,0.0429,1.4,950.73,236.6099205,7.3527684
HATS-44 b,HATS-44,1,2.7439004,0.03649,11.960003,177.9848,1.067,0.56,0.56,1161.0,84.3267559,-27.9725758
Kepler-168 c,Kepler-168,2,13.193242,0.116,2.69,7.7,0.24,0.0242,2.17,862.0,294.7101832,39.8250437
Kepler-701 b,Kepler-701,1,10.35533177,0.0895,2.84,8.45,0.25336783,0.0266,2.03,777.0,288.99418,41.6333125
Kepler-1515 b,Kepler-1515,1,214.3114164,0.75235,9.55,66.2,0.85199393,0.208,0.418,380.0,290.9739057,48.1782059
Kepler-1723 b,Kepler-1723,1,39.75289917,0.2249,2.88046569,8.65,0.25697838,0.0272,1.99,568.0,294.4627362,46.8214022
Kepler-990 c,Kepler-990,2,0.538354308,0.01232,1.53,2.96,0.13649746,0.0093,4.54,2386.0,297.9381813,46.8813194
Kepler-386 c,Kepler-386,2,25.193458,0.155,1.58,3.12,0.141,0.00982,4.35,513.0,289.8589165,48.6938077
omi UMa b,omi UMa,1,1569.81,3.691,13.0,1160.39151396,1.16,3.651,2.9,473.88,127.5649503,60.7177048
Kepler-1993 b,Kepler-1993,1,26.6565737,0.1943,4.15,16.1,0.37023884,0.0506,1.24,903.0,293.7968548,45.1607261
Kepler-795 b,Kepler-795,1,29.6193421,0.1803,1.68,3.46,0.14987956,0.0109,4.01,580.0,291.0189951,38.5455728
Kepler-207 b,Kepler-207,3,1.611865,0.029,1.57,3.09,0.14,0.00972,4.39,1930.0,290.0305195,42.1660555
Kepler-163 b,Kepler-163,2,7.810937,0.078,1.05,1.16,0.094,0.00364,5.51,906.0,295.0027458,46.9873389
GJ 9689 b,GJ 9689,1,18.27,0.1139,3.07,9.65,0.274,0.0303623,1.83,453.04,303.467731,13.3888921
GJ 179 b,GJ 179,1,2288.0,2.41,13.8,301.93698665,1.23,0.95,0.631,64.53,73.0245495,6.4752347
Kepler-1987 c,Kepler-1987,4,3.64830183,0.0427,1.33,2.33,0.11865486,0.00733,5.44,860.0,295.8254663,42.9433716
HATS-42 b,HATS-42,1,2.292102,0.03689,15.6926,597.5204,1.4,1.88,0.83,1856.0,108.4523991,-33.4373462
Kepler-169 d,Kepler-169,5,8.348125,0.075,1.25,2.1,0.112,0.0066,5.91,702.0,285.9999204,40.9193822
Kepler-875 b,Kepler-875,1,27.5073799,0.1771,2.9,8.75,0.25872067,0.0275,1.97,569.0,297.3012497,43.1418313
Kepler-653 c,Kepler-653,2,0.900376476,0.01855,0.78,0.399,0.06958694,0.00126,4.62,2078.0,282.2130447,46.7177898
Kepler-191 d,Kepler-191,3,5.945041017,0.06104,2.28,5.82,0.20340798,0.0183,2.7,857.0,291.1833211,45.3230937
Kepler-400 b,Kepler-400,2,9.024389,0.087,1.65,3.36,0.147,0.0106,4.11,939.0,290.9444679,40.4800528
K2-59 c,K2-59,2,11.2954,0.0905,2.3,5.9,0.20519226,0.0186,2.66,692.77,338.94255,-14.027727
Kepler-1881 b,Kepler-1881,1,159.3939972,0.53325,2.98104391,9.17,0.26595138,0.0289,1.9,289.0,293.6393065,44.9825447
TOI-329 b,TOI-329,1,5.70439,0.0638,4.94057819,40.4,0.44076962,0.12711262,1.84,1213.02,351.3210955,-15.6346313
Kepler-308 c,Kepler-308,2,15.38231,0.123,2.16,5.31,0.193,0.0167,2.9,714.0,295.7852423,40.4395753
TOI-5788 b,TOI-5788,2,6.340758,0.064,1.528,3.72,0.13631926,0.01170443,5.734161,910.0,287.4249017,31.7615284
TOI-1753 b,TOI-1753,1,5.3846104,0.059,2.47852533,16.6,0.2211196,0.05222944,5.95,1005.43,252.4698351,61.1735768
BD-08 2823 c,BD-08 2823,2,237.6,0.68,12.5,104.0,1.11,0.33,0.293,233.85,150.1971964,-9.5165689
BD-14 3065 b,BD-14 3065 A,1,4.2889731,0.0656,21.59,3932.0,1.926,12.37,2.15,2001.0,153.6696689,-15.6428372
HD 154857 c,HD 154857,2,3452.0,5.36,13.2,819.97,1.18,2.58,1.96,154.88,257.816194,-56.681038
HD 152079 b,HD 152079,1,2918.92,4.187,13.2,845.74563,1.18,2.661,2.02,147.84,253.3732313,-46.3333582
TOI-833 b,TOI-833,1,1.0418777,0.0171,1.27,2.15,0.11330201,0.00678,5.77,1118.0,145.645472,-62.4758857
Kepler-348 c,Kepler-348,2,17.265427,0.138,1.33,2.33,0.119,0.00733,5.44,888.0,297.2550814,40.5483883
Kepler-592 b,Kepler-592,1,2.820192408,0.0397,2.39,6.3,0.21322152,0.0198,2.54,1367.0,285.7907395,48.6832431
TOI-904 c,TOI-904,2,83.9997,0.312,2.167,5.34,0.19332712,0.0168,2.88,217.26,89.3712733,-83.1297264
Kepler-1542 d,Kepler-1542,4,5.99273738,0.0629,0.87,0.59,0.0776162,0.00186,4.92,1010.0,285.7284757,42.6544651
Kepler-222 b,Kepler-222,3,3.936981,0.048,3.16,10.1,0.282,0.0319,1.76,1004.0,287.9060885,46.9377479
Qatar-10 b,Qatar-10,1,1.645321,0.0286,17.295487,233.92288,1.543,0.736,0.248,1955.0,284.4439052,69.5708373
Kepler-1213 b,Kepler-1213,1,5.34982412,0.06026,1.19,1.81,0.10616469,0.0057,5.9,1156.0,289.4858423,50.9441967
Kepler-29 c,Kepler-29,2,13.28613,0.10027,2.34,4.5,0.20876082,0.01415851,1.91,715.0,298.348382,47.4913021
Kepler-554 b,Kepler-554,1,1.902208556,0.03022,4.29,17.0,0.38272816,0.0535,1.18,1346.0,296.4068982,51.3581938
Kepler-506 b,Kepler-506,1,6.8834055,0.07437,2.73,7.9,0.24355429,0.0249,2.13,1080.0,284.6351885,40.7198296
Kepler-1823 b,Kepler-1823,1,21.10339928,0.15332,2.0861268,5.0,0.18611209,0.0157,3.03,718.0,283.754777,45.335125
Kepler-237 c,Kepler-237,2,8.103636,0.071,2.08,4.98,0.186,0.0157,3.04,687.0,283.2213438,40.421762
Kepler-208 e,Kepler-208,4,16.259458,0.132,1.48,2.79,0.132,0.00879,4.73,880.0,293.8901979,42.5279413
HAT-P-5 b,HAT-P-5,1,2.78849,0.04073,13.56289,311.4734,1.21,0.98,0.668403,1517.0,274.4055335,36.6214617
Kepler-254 c,Kepler-254,3,12.412183,0.105,2.15,3.2,0.192,0.01,1.77,787.0,288.1646541,45.8164257
Kepler-1287 b,Kepler-1287,1,11.47685909,0.0976,1.54,2.99,0.1373896,0.0094,4.5,796.0,289.1346298,47.063018
WASP-183 b,WASP-183,1,4.1117771,0.04632,16.47723,159.55066,1.47,0.502,0.21,1111.0,163.7888521,-0.7370663
Kepler-337 c,Kepler-337,2,9.693201,0.093,2.05,4.86,0.183,0.0153,3.1,1017.0,290.0605123,47.1639533
Kepler-1506 b,Kepler-1506,1,14.0329154,0.1168,1.32,2.3,0.11776251,0.00724,5.5,783.0,290.1498822,41.4645625
Kepler-1830 b,Kepler-1830,1,56.49330139,0.31769,3.32992941,11.1,0.29707691,0.0348,1.65,681.0,295.1390408,40.9790527
7 CMa b,7 CMa,2,735.1,1.758,13.4,587.9855,1.2,1.85,1.34,387.33,99.171276,-19.2561808
Kepler-1390 b,Kepler-1390,1,6.48021673,0.0662,1.18,1.76,0.10527255,0.00553,5.89,934.0,298.6624419,48.2488659
Kepler-913 b,Kepler-913,2,10.29672521,0.1009,2.06,4.9,0.18378089,0.0154,3.08,1129.0,297.5830564,41.9523531
Kepler-350 d,Kepler-350,3,26.136,0.1786,2.8,14.9,0.25,0.047,2.69,782.0,285.4195845,39.7061009
K2-19 c,K2-19,3,11.906,0.0982,4.1,11.0,0.36577813,0.03460987,0.877,679.0,174.9602543,0.603596
TOI-3160 A b,TOI-3160 A,1,3.971281,0.0505,13.7646283,378.21580433,1.228,1.19,0.79,1539.0,224.5658555,-27.6825503
HD 176986 d,HD 176986,3,61.376,0.28149,2.49,6.76,0.222,0.02126934,2.41,363.0,285.7739138,-11.044941
HAT-P-45 b,HAT-P-45,1,3.128992,0.0452,15.984,283.492,1.426,0.892,0.38,1652.0,274.3732697,-3.3810594
TOI-622 b,TOI-622,1,6.402513,0.0708,9.2362001,96.30200732,0.824,0.303,0.507,1388.0,125.3050544,-46.4842959
KELT-19 A b,KELT-19 A,1,4.6117093,0.0637,21.40919,1293.5681,1.91,4.07,0.744,1935.0,111.5095293,7.6157759
HATS-59 c,HATS-59,2,1422.0,2.504,12.3,4036.441,1.1,12.7,11.9,175.9,170.324325,-22.388177
Kepler-1333 b,Kepler-1333,1,109.6471842,0.4382,2.81,8.3,0.25069141,0.0261,2.06,428.0,293.5275797,41.111394
Kepler-1605 b,Kepler-1605,1,85.7565495,0.36567,1.08,1.28,0.09635115,0.00403,5.58,528.0,287.1349405,47.4886251
Kepler-1913 b,Kepler-1913,1,14.1960001,0.1209,1.51852059,2.92,0.13547357,0.00918,4.58,818.0,290.216689,44.7795863
Kepler-1465 b,Kepler-1465,1,31.8277111,0.1939,1.77,3.78,0.15790882,0.0119,3.75,668.0,289.8194222,51.9048541
Kepler-16 b,Kepler-16,1,228.776,0.7048,8.4493,105.833,0.7538,0.333,0.964,205.9,289.0758307,51.757229
K2-21 b,K2-21,2,9.325038,0.076,1.84,4.04,0.1641538,0.0127,2.7,500.0,340.3037846,-14.4893256
Kepler-1918 b,Kepler-1918,1,47.0564003,0.2524,2.29763023,5.89,0.20498119,0.0185,2.67,497.0,292.530546,42.2145765
Kepler-577 b,Kepler-577,1,25.69578251,0.1348,2.55,7.04,0.22749576,0.0221,2.33,314.0,294.7119855,39.0737317
Kepler-1120 b,Kepler-1120,1,2.949029052,0.0369,1.38,2.48,0.12311535,0.0078,5.19,1027.0,290.9144516,42.2865522
Kepler-953 b,Kepler-953,2,88.40655258,0.392,4.21,16.5,0.37559104,0.0519,1.22,410.0,288.9716297,44.6246451
Kepler-149 b,Kepler-149,3,29.198943,0.184,4.21,16.5,0.376,0.0519,1.22,540.0,285.8537014,38.3840916
HD 124330 b,HD 124330,1,270.66,0.86,14.0,238.37130525,1.25,0.75,0.477,348.79,212.8207093,54.4089731
KELT-23 A b,KELT-23 A,1,2.255251,0.03302,14.829507,298.12454,1.323,0.938,0.503,1561.0,232.1466406,66.3587097
Kepler-871 b,Kepler-871,1,22.0459018,0.1572,3.74,13.5,0.33366045,0.0424,1.42,640.0,294.5270634,43.3681317
WASP-89 b,WASP-89,1,3.3564227,0.0427,11.65736,1875.197,1.04,5.9,7.0,1120.0,313.9000261,-18.9714084
Kepler-385 c,Kepler-385,3,15.163161,0.127,3.04,13.2,0.271,0.042,2.58,829.0,294.3385109,50.3365178
Kepler-942 b,Kepler-942,1,44.96417488,0.22737,2.13,5.18,0.19002587,0.0163,2.95,379.0,294.9550809,44.1499518
WASP-55 b,WASP-55,1,4.465631,0.0558,14.72860064,186.2474465,1.314,0.586,0.342159,1342.0,203.7581951,-17.5034961
Kepler-1966 b,Kepler-1966,1,8.617429733,0.0763,1.10479327,1.39,0.09856322,0.00437,5.66,733.0,292.4637788,41.2990438
Kepler-212 c,Kepler-212,2,31.805174,0.207,2.74,7.95,0.244,0.025,2.12,664.0,287.6208165,43.1416239
K2-91 b,K2-91,1,1.419549,0.0164,1.1,1.37,0.09813543,0.0043,5.66,726.81,63.2182348,24.2047218
K2-329 b,K2-329,1,12.4551225,0.1016,8.675766,82.6358,0.774,0.26,0.694,650.0,351.1353785,-5.1641451
Kepler-819 b,Kepler-819,1,33.1995648,0.1894,2.76,8.05,0.24623071,0.0253,2.1,485.0,295.3708312,39.1772925
TOI-2345 b,TOI-2345,2,1.0528573,0.01705,1.504,3.49,0.13417812,0.01098077,5.64,1478.0,43.884794,-34.9779745
DMPP-1 e,DMPP-1,4,5.516,0.0651,1.86,4.13,0.166,0.01299437,3.53,1314.0,86.7761233,-10.6303217
HD 11505 b,HD 11505,1,32669.22247,20.247,12.6,2510.52658689,1.12,7.899,6.9,67.46,28.2750265,-1.3284416
WASP-45 b,WASP-45,1,3.126089,0.03963,10.603714,306.38812,0.946,0.964,1.418,1153.0,5.2377567,-35.998465
75 Cet c,75 Cet,2,2051.62,3.929,13.9,289.85950718,1.24,0.912,0.593,376.92,38.0391598,-1.0350269
Kepler-195 b,Kepler-195,2,8.307872,0.077,2.03,4.78,0.181,0.015,3.14,751.0,288.1209339,47.9666141
K2-83 c,K2-83,2,9.99767,0.07131,1.483,2.8,0.1323044,0.00882,4.72,459.75,59.9013782,15.5587994
Kepler-994 b,Kepler-994,1,1.151166506,0.0177,1.6,3.19,0.14274244,0.01,4.28,957.0,289.0720752,47.406918
KELT-21 b,KELT-21,1,3.6127647,0.05224,17.777474,1242.7153,1.586,3.91,1.24,2051.0,304.8000322,32.5810446
GJ 9404 b,GJ 9404,1,13.4586,0.0943,3.48,11.9,0.31,0.03744159,1.55,473.5,184.8472095,28.3827126
Kepler-376 b,Kepler-376,2,4.920199,0.057,1.07,1.24,0.095,0.0039,5.56,1242.0,291.6071451,38.4103192
Kepler-1517 b,Kepler-1517,1,5.546083665,0.078,9.76,68.7,0.87072888,0.216,0.406,2336.0,287.8072115,43.1888008
Kepler-1876 b,Kepler-1876,1,6.99205,0.0758,0.853,2.4,0.07609969,0.00755124,19.0,1299.0,299.1604859,41.1437964
EPIC 246851721 b,EPIC 246851721,1,6.180235,0.07229,11.780659,953.49,1.051,3.0,3.1,1401.0,78.9198197,16.2786991
K2-226 b,K2-226,1,3.27109,0.04095,1.53899305,2.98,0.1373,0.00939,4.49,1187.0,183.6456643,-9.5626286
TOI-4860 b,TOI-4860,1,1.5227591,0.01808,8.7,86.7,0.77,0.273,0.75,694.0,183.563961,-13.1748411
Kepler-199 b,Kepler-199,2,23.637604,0.158,3.11,9.85,0.277,0.031,1.8,595.0,295.5594278,40.236249
WASP-42 b,WASP-42,1,4.9816819,0.0561,12.576498,167.49641,1.122,0.527,0.464,1021.0,192.981203,-42.0736165
HD 6061 b,HD 6061,1,5.2549,0.06,2.42763557,10.0,0.21657951,0.03146352,3.82,1075.31,15.5981441,37.1854394
Kepler-248 c,Kepler-248,2,16.239494,0.123,4.07,15.6,0.363,0.049,1.27,598.0,293.0613138,43.5813577
HD 13189 b,HD 13189,1,471.60001,1.25,12.4,3480.2385,1.11,10.95,10.0,1115.98,32.4173964,32.3164548
HD 1461 b,HD 1461,2,5.77152,0.0634,2.42,6.44,0.216,0.0202624,2.5,1185.14,4.6762645,-8.0536206
TOI-5232 b,TOI-5232,1,4.0966692,0.05593,12.778238,743.71847238,1.14,2.34,1.96,1772.0,294.3374248,35.2764934
HD 133131 A c,HD 133131 A,3,3568.0,4.49,14.3,133.4886,1.28,0.42,0.251,128.96,225.8984524,-27.8431369
TOI-333 b,TOI-333,1,3.7852503,0.049,4.26,20.1,0.3800524,0.06324167,1.42,1445.0,353.3574989,-41.1715206
HD 285507 b,HD 285507,1,6.0881,0.06,13.8,311.4734,1.23,0.98,0.651,736.35,61.755663,15.3349441
Kepler-1319 b,Kepler-1319,1,2.886762645,0.0296,1.34,2.36,0.11954679,0.00742,5.39,557.0,290.9564463,49.3667933
Kepler-1047 b,Kepler-1047,2,56.1886887,0.29871,2.09,5.02,0.18645731,0.0158,3.02,503.0,288.6462564,50.7889645
KOI-1833 d,Kepler-968,3,7.685,0.0634,2.58,11.02,0.23017258,0.0346728,4.5,613.0,285.6025889,50.1120401
HD 16905 b,HD 16905,1,10256.0,8.8,12.4,3591.4609991,1.11,11.3,10.4,69.63,40.0136203,-61.3550396
Kepler-1711 b,Kepler-1711,1,21.06080055,0.1463,1.923,4.36,0.17155886,0.0137,3.37,669.0,298.1772916,42.2370289
Kepler-734 b,Kepler-734,1,6.104852856,0.0583,3.56,12.4,0.31760193,0.039,1.51,784.0,297.0456122,46.0273893
Kepler-521 b,Kepler-521,1,22.20813214,0.17116,3.18,10.2,0.2837006,0.0322,1.74,803.0,298.8163801,43.9980203
WASP-163 b,WASP-163,1,1.6096884,0.0266,13.473218,594.3421,1.202,1.87,1.42,1638.0,256.5375549,-10.4130071
HD 104067 c,HD 104067,2,13.8992,0.1058,3.69,13.2,0.33,0.04153184,1.44,648.36,179.7923543,-20.3556058
TOI-150.01,TOI-150,1,5.857487,0.07037,14.067295,797.7533,1.255,2.51,1.68,1404.5,112.965421,-73.6060358
Kepler-514 b,Kepler-514,1,5.65179605,0.06559,1.72,3.61,0.15344812,0.0113,3.9,1248.0,286.2471739,50.2423694
Kepler-358 c,Kepler-358,2,83.488369,0.381,2.85,8.5,0.254,0.0267,2.02,411.0,293.2302333,48.2813901
Kepler-1377 b,Kepler-1377,1,0.740928422,0.0153,1.25,2.1,0.11151753,0.0066,5.91,1873.0,289.1954229,46.6516055
Kepler-1720 b,Kepler-1720,1,12.70639992,0.1043,3.21585295,10.4,0.28689968,0.0328,1.72,697.0,296.8086813,47.1718557
Kepler-665 b,Kepler-665,1,16.01310205,0.1148,2.6,7.27,0.23195646,0.0229,2.27,593.0,297.0255947,48.4785669
TOI-332 b,TOI-332,1,0.777038,0.0159,3.2,57.2,0.28548537,0.17997133,9.6,1871.0,348.0589516,-44.8764852
K2-133 b,K2-133,4,3.07133,0.03194,1.34,2.36,0.11954679,0.00742,5.39,665.21,70.1493775,25.0098135
K2-43 b,K2-43,2,3.471149,0.03784,4.51,18.5,0.40235525,0.0583,1.11,939.3,169.117028,-3.9754405
Kepler-223 e,Kepler-223,4,19.72567,0.14481,4.6,4.8,0.41038451,0.01510241,0.28,751.0,298.3183909,47.2794824
Kepler-1069 b,Kepler-1069,1,23.8990296,0.16587,1.6,3.19,0.14274244,0.01,4.28,823.0,290.9792378,47.9889097
WASP-91 b,WASP-91,1,2.798581,0.037,11.54527,425.8922,1.03,1.34,1.59,1160.0,357.846434,-70.1528621
Kepler-68 c,Kepler-68,4,9.605027,0.09008,0.979,1.3,0.08734068,0.00409026,7.5,1052.0,291.0323102,49.0402129
TOI-5301 b,TOI-5301,1,5.858858,0.073,13.09208946,1182.32167404,1.168,3.72,2.88,1648.0,12.9908008,13.0783712
Kepler-253 d,Kepler-253,3,18.119869,0.13,3.17,10.2,0.283,0.032,1.76,563.0,291.8419337,44.858124
Kepler-1651 b,Kepler-1651,1,9.87863917,0.0692,1.84,4.04,0.1641538,0.0127,3.56,393.0,283.6282602,48.3908081
K2-62 b,K2-62,2,6.67199,0.0636,2.02,4.74,0.18021264,0.0149,3.16,666.0,334.3645089,-12.1874776
K2-166 b,K2-166,2,8.52695,0.0858,2.19,5.43,0.19537871,0.0171,2.84,1140.0,185.1880932,2.2823788
TOI-2096 c,TOI-2096,2,6.38784,0.04,1.914,4.32,0.17075594,0.0136,3.39,349.0,151.6186989,74.8272107
Kepler-369 b,Kepler-369,2,2.732756,0.03,1.13,1.51,0.101,0.00474,5.75,687.0,293.6743322,47.9084727
HD 183579 b,HD 183579,1,17.471291,0.1322,3.49,20.4,0.31135748,0.06418558,2.65,752.0,293.2866147,-54.5327284
Kepler-657 b,Kepler-657,1,24.54350418,0.17337,3.52,12.2,0.31403337,0.0383,1.54,616.0,291.1973006,47.3077545
Kepler-240 c,Kepler-240,2,7.953528,0.074,2.2,102.3,0.196,0.322,52.8,696.0,291.1587635,40.7502108
Kepler-403 c,Kepler-403,3,54.280749,0.297,1.75,3.71,0.156,0.0117,3.8,604.0,289.9214256,46.7445267
GJ 887 d,GJ 887,4,50.77,0.212,2.34,6.1,0.209,0.01919275,2.62,241.0,346.5027573,-35.8473489
HD 219666 b,HD 219666,1,6.034468,0.06356,4.898,17.6,0.437,0.055,0.87,1076.0,349.5592665,-56.9039857
HAT-P-34 b,HAT-P-34,1,5.452654,0.06774,13.417173,1058.3739,1.197,3.33,2.5,1520.0,303.1954355,18.1047776
HD 170469 b,HD 170469,1,1145.0,2.24,14.1,209.7678,1.25,0.66,0.411,209.6,277.2955423,11.6954244
Kepler-292 b,Kepler-292,5,2.580827,0.035,1.32,2.3,0.118,0.00724,5.5,1130.0,295.7661979,42.4242822
Kepler-769 b,Kepler-769,2,7.42608998,0.0778,2.92,8.85,0.26050495,0.0279,1.95,1037.0,292.7130925,38.3581685
BD+15 2375 b,BD+15 2375,1,153.22,0.576,13.8,337.21763,1.23,1.061,0.705,883.68,176.4820239,14.6163182
Kepler-1331 b,Kepler-1331,1,0.789161653,0.0142,1.05,1.16,0.09367473,0.00364,5.51,1244.0,297.0737928,41.2244613
K2-49 b,K2-49,1,2.77065,0.0309,1.93,4.38,0.17218307,0.0138,3.35,768.28,177.3202331,3.4755183
KELT-17 b,KELT-17,1,3.0801716,0.04881,17.093725,416.3573,1.525,1.31,0.46,2087.0,125.617407,13.7353093
Kepler-1369 b,Kepler-1369,1,25.873148,0.1741,2.69,7.7,0.23998573,0.0242,2.17,667.0,285.7972604,40.9361923
HD 142245 b,HD 142245,1,1299.0,2.78,13.1,975.7381,1.17,3.07,2.39,306.3,238.2342443,15.4306118
HD 4203 c,HD 4203,2,6700.0,6.95,13.3,689.66,1.19,2.17,1.61,124.96,11.1722288,20.4483925
Kepler-1136 b,Kepler-1136,1,2.361724329,0.0299,1.64,3.33,0.146311,0.0105,4.15,922.0,284.1078441,44.2458047
Kepler-289 e,Kepler-289,4,330.0716,0.9342,2.94,17.4,0.26228968,0.05474652,2.92,286.0,297.4653351,42.8828517
K2-8 b,K2-8,2,10.35239,0.0856,3.58,12.5,0.31938621,0.0394,1.5,631.0,169.7935178,-0.2844389
HATS-33 b,HATS-33,1,2.5495551,0.03727,13.78707,378.85336,1.23,1.192,0.79,1429.0,294.6336944,-55.3302692
Kepler-539 b,Kepler-539,2,125.63243,0.4988,8.373123,308.2951,0.747,0.97,2.9,387.6,299.1224639,41.8667953
Kepler-80 d,Kepler-80,6,3.07222,0.0372,1.53,6.75,0.13649746,0.02123777,7.04,722.0,296.1125759,39.9787451
pi Men d,HD 39091,3,124.64,0.506,3.72,13.38,0.332,0.04209819,1.43,443.55,84.2992798,-80.4646041
K2-254 c,K2-254,2,12.11839,0.0923,2.19,5.43,0.19537871,0.0171,2.84,551.0,185.5507926,-4.7172908
Kepler-1504 b,Kepler-1504,1,82.304003,0.3704,2.13,5.18,0.19002587,0.0163,2.95,485.0,289.7119947,50.1282265
HD 206255 b,HD 206255,1,96.045,0.461,6.47,34.2,0.577,0.10760469,0.694,596.48,325.5917768,-50.0935884
HD 38283 b,HD 38283,1,363.20001,1.02,14.0,127.132,1.25,0.4,0.255,348.58,84.2605324,-73.6998131
Kepler-341 b,Kepler-341,4,5.195528,0.06,1.18,1.76,0.105,0.00553,5.89,1085.0,289.8615609,43.4727412
Kepler-676 b,Kepler-676,1,11.59822172,0.0798,3.04,9.48,0.27121063,0.0298,1.85,396.0,296.2220259,50.2873626
K2-199 b,K2-199,2,3.2253993,0.0382,1.73,6.9,0.15434053,0.02170983,7.2,913.0,208.9014508,-6.1360833
Kepler-598 c,Kepler-598,2,86.4945,0.36672,3.02420941,9.4,0.26980189,0.0296,1.87,367.0,293.1234493,40.9348005
Kepler-25 b,Kepler-25,3,6.238297,0.0695,2.748,8.7,0.24516014,0.0275,2.32,1185.0,286.6383905,39.4879038
Kepler-1669 b,Kepler-1669,3,9.51216,0.0745,2.78043818,8.15,0.24805408,0.0256,2.08,530.0,297.4303826,39.8478795
Kepler-284 c,Kepler-284,2,37.514456,0.213,2.61,7.32,0.233,0.023,2.26,478.0,293.1465698,47.7297053
HD 55696 b,HD 55696,1,1827.0,3.18,12.9,1357.12729789,1.16,4.27,3.47,200.43,108.0622029,-38.174639
24 Sex b,24 Sex,2,452.8,1.333,13.4,632.46,1.19,1.99,1.44,471.32,155.8684866,-0.9023998
Kepler-895 b,Kepler-895,1,2.806242328,0.0328,1.54,2.99,0.1373896,0.0094,4.5,771.0,289.2906978,51.4089936
Kepler-288 d,Kepler-288,3,56.633742,0.287,2.67,7.61,0.238,0.0239,2.2,570.0,288.9163997,39.5947523
Kepler-787 b,Kepler-787,1,0.928310498,0.0159,1.28,2.18,0.11419395,0.00687,5.71,1115.0,291.6924773,38.5729105
Kepler-295 c,Kepler-295,3,21.526258,0.142,1.17,1.71,0.104,0.00537,5.87,621.0,285.3458383,45.3677754
HD 8673 b,HD 8673,1,1644.69097,2.97,12.3,4210.59073594,1.1,13.248,12.4,219.11,21.5378455,34.5793389
Kepler-646 b,Kepler-646,1,15.87364565,0.11251,1.99,4.62,0.17753591,0.0145,3.22,632.0,290.4714596,44.3870422
WASP-150 b,WASP-150,1,5.644207,0.0694,11.99363,2688.8418,1.07,8.46,8.54,1460.0,264.2630197,53.0212751
Kepler-230 b,Kepler-230,2,32.625555,0.191,4.26,16.8,0.38,0.0529,1.19,506.0,285.7185682,48.5058038
HD 11506 b,HD 11506,3,1617.7,2.885,12.9,1551.00262616,1.15,4.88,3.97,193.57,28.2106607,-19.507396
Kepler-1880 b,Kepler-1880,1,6.309219837,0.054,2.11686218,5.13,0.18885412,0.0161,2.97,606.0,287.8264561,40.6965988
HD 9174 b,HD 9174,1,1179.0,2.2,13.7,352.7913,1.23,1.11,0.754,234.3,22.5043352,-19.6052945
Kepler-149 d,Kepler-149,3,160.018032,0.571,3.96,14.9,0.353,0.0467,1.32,306.0,285.8537014,38.3840916
GJ 4274 b,GJ 4274,2,1.6339,0.0153,1.53,2.97,0.137,0.00934467,4.56,548.53,335.7805478,-17.6104078
Kepler-523 b,Kepler-523,1,5.835983111,0.06159,1.96,4.5,0.17485949,0.0142,3.28,884.0,284.0611224,45.5068127
GJ 724 b,GJ 724,1,5.101284,0.04685,3.27,10.75,0.292,0.03382328,1.69,611.0,280.238365,-13.3824997
TOI-1994 b,TOI-1994,1,4.0337142,0.0613,13.67495645,7024.0077947,1.22,22.1,15.0,2290.0,147.1745753,-51.756564
TOI-3682 b,TOI-3682,1,3.3462406,0.048,12.80065596,69.28659273,1.142,0.218,0.181,1657.0,50.2752271,25.2972658
Kepler-896 c,Kepler-896,2,29.5422566,0.1792,3.15,10.1,0.28102466,0.0317,1.78,515.0,282.4391402,43.7344291
HD 34445 c,HD 34445,6,214.67,0.7181,8.42,53.5,0.752,0.168,0.492,390.12,79.4207483,7.3527156
TOI-1842 b,TOI-1842,1,9.5739181,0.1,12.3485023,89.4,1.10166148,0.28128386,0.26,1199.55,201.9626552,9.0306437
Kepler-385 b,Kepler-385,3,10.043686,0.097,2.73,12.8,0.244,0.04,3.46,951.0,294.3385109,50.3365178
TOI-4588 b,TOI-4588,1,13.11881173651,0.1376,2.92922558,8.9,0.26132845,0.028,1.95,1768.0,282.0004201,48.542256
Kepler-1715 b,Kepler-1715,1,35.59730148,0.22429,4.14042267,16.0,0.36938441,0.0504,1.24,646.0,293.9297337,41.6029048
HD 151450 c,HD 151450,2,18144.76236,14.131,12.8,1636.18063924,1.15,5.148,4.29,84.59,252.0080127,-15.964345
Kepler-1885 b,Kepler-1885,1,2.522559881,0.036,1.51110555,2.89,0.13481204,0.0091,4.6,1205.0,288.7507112,47.4909206
HD 27631 b,HD 27631,1,2198.14,3.242,13.5,495.81231492,1.21,1.56,1.11,147.61,64.9392168,-41.9606604
Kepler-635 b,Kepler-635,1,23.44971004,0.18332,2.64,7.46,0.23552502,0.0235,2.23,802.0,289.7732613,40.8007019
TOI-1803 c,TOI-1803,2,12.885779,0.097,4.29,8.0,0.38272882,0.02517081,0.419035,588.0,178.0461054,35.1718001
HD 204313 c,HD 204313,3,34.95875,0.211,4.31,17.16273398,0.385,0.054,1.18,634.95,322.0510568,-21.7274194
HD 141399 b,HD 141399,4,94.44,0.415,14.3,143.34133,1.28,0.451,0.269,493.71,236.7235392,46.986288
Kepler-83 d,Kepler-83,3,5.169796,0.051,1.94,4.1,0.173,0.01290004,0.56,569.0,282.2325197,43.6655662
Kepler-31 c,Kepler-31,3,42.6318,0.26,5.3,1493.7,0.473,4.7,0.73,615.0,294.0230229,45.8530535
Kepler-143 c,Kepler-143,2,27.082511,0.181,3.37,11.3,0.301,0.0355,1.62,703.0,298.0676519,49.412541
HD 108341 b,HD 108341,1,1129.0,2.0,13.3,715.11391575,1.19,2.25,1.67,155.23,186.8791724,-71.4224896
Kepler-1116 b,Kepler-1116,1,41.6977827,0.233,2.54,6.99,0.22660362,0.022,2.34,488.0,291.9336573,44.1154992
ups Leo b,ups Leo,1,385.2,1.18,14.2,162.09248757,1.27,0.51,0.311,719.08,174.2372188,-0.8235643
Kepler-342 b,Kepler-342,4,15.170318,0.128,2.25,5.69,0.201,0.0179,2.74,905.0,292.6780488,46.7266813
Kepler-58 c,Kepler-58,4,15.5741568,0.12307,2.86,53.0,0.255,0.16675665,10.0,799.0,296.3586251,39.1152033
HD 238914 b,HD 238914,1,4100.0,5.7,12.8,1906.98,1.14,6.0,5.0,343.67,279.5842102,59.2538819
TOI-3693 b,TOI-3693,1,9.088516,0.0813,12.59889431,324.18497514,1.124,1.02,0.89,801.0,15.6543938,51.3038918
TOI-2537 c,TOI-2537,2,1920.0,2.78,12.7,2297.89938261,1.13,7.23,6.16,123.1,54.3882661,10.0577464
Kepler-622 b,Kepler-622,1,14.28226676,0.0978,2.13,5.18,0.19002587,0.0163,2.95,446.0,284.4784454,40.9331723
TOI-1408 c,TOI-1408,2,2.1664,0.03587,2.22,7.6,0.19805548,0.02391227,3.8,1864.0,313.5110469,72.5806455
Kepler-227 c,Kepler-227,2,54.418694,0.29,3.04,9.48,0.271,0.0298,1.85,443.0,291.9342748,48.141676
HD 165131 b,HD 165131,1,2342.6,3.54,12.1,5943.3912109,1.08,18.7,18.4,155.2,271.3444007,-21.6737039
Kepler-1268 b,Kepler-1268,1,40.9903986,0.2383,2.03,4.78,0.18110447,0.015,3.14,627.0,287.838419,43.1531776
K2-47 b,K2-47,1,31.6372,0.1779,1.89,4.23,0.16861451,0.0133,3.44,503.72,168.5825696,2.7805614
Kepler-44 b,Kepler-44,1,3.2467293,0.0446,12.22,317.82,1.09,1.0,0.93,1544.0,300.1023512,45.7621918
Kepler-1535 b,Kepler-1535,1,138.9442,0.5329,2.55,7.04,0.22749576,0.0221,2.33,384.0,286.613685,38.8919507
K2-266 c,K2-266,4,7.814,0.0679,0.705,0.29013072,0.06289589,0.00091285,4.55,664.5,157.9356855,0.9372782
Kepler-1460 b,Kepler-1460,1,29.9633247,0.1614,1.96,4.5,0.17485949,0.0142,3.28,391.0,285.5577888,44.0108221
TOI-2346 b,TOI-2346,1,3.3312029,0.0473,16.11851425,394.10722468,1.438,1.24,0.52,1689.0,88.0929073,-13.3724686
Kepler-260 c,Kepler-260,2,76.050178,0.332,1.74,3.68,0.155,0.0116,3.84,372.0,291.9259658,38.0140525
Kepler-41 b,Kepler-41,1,1.8555582,0.03101,14.46,177.98,1.29,0.56,0.33,1790.0,294.5132465,45.9816453
Kepler-94 c,Kepler-94,2,820.3,1.596806621,12.5,3126.0,1.11,9.836,8.79,159.05,281.1947316,47.4972606
HAT-P-37 b,HAT-P-37,1,2.797436,0.0379,13.204,371.528,1.178,1.169,0.89,1271.0,284.2960393,51.2691212
Kepler-478 b,Kepler-478,1,13.2217576,0.1032,2.71,7.8,0.24177001,0.0245,2.15,640.0,292.4870063,46.196187
Kepler-1015 b,Kepler-1015,1,16.00494214,0.1345,3.55,12.3,0.31670979,0.0388,1.51,1040.0,292.7573088,43.4268439
Kepler-1789 b,Kepler-1789,1,80.23190308,0.3543,2.83137505,8.4,0.2525988,0.0264,2.03,380.0,282.8631419,41.7966332
TOI-6564 b,TOI-6564,1,3.985413,0.0542,16.39873876,222.16205649,1.463,0.699,0.277,1445.0,205.8178791,-56.1564491
HD 133131 B b,HD 133131 B,3,5769.0,6.15,13.3,794.575,1.18,2.5,1.86,112.28,225.8999745,-27.8415947
GJ 2030 b,GJ 2030,2,2.38129,0.034,2.03,4.76742611,0.181,0.015,3.13,2147.31,50.8237604,-7.7950429
Kepler-19 c,Kepler-19,3,28.731,0.1765736996,3.68,13.1,0.328,0.041217,1.44,589.64,290.4209694,37.8516556
HD 79181 b,HD 79181,1,273.1,0.9,14.1,203.41018048,1.26,0.64,0.399,821.87,137.9944736,-19.7474341
HD 85390 b,HD 85390,1,799.52,1.373,6.16,31.46517,0.55,0.099,0.74,190.89,147.5105663,-49.7905254
Kepler-1727 b,Kepler-1727,1,9.029299736,0.0796,3.17321625,10.2,0.28309588,0.0321,1.75,757.0,290.3336142,38.7282722
TOI-1238 c,TOI-1238,2,3.294736,0.037,2.11,8.32,0.18824192,0.02617765,4.9,695.0,201.3823387,68.8360678
Kapteyn c,Kapteyn,1,121.54,0.311,2.54,7.0,0.227,0.022,2.35,165.59,77.9586613,-45.0430198
Kepler-1218 b,Kepler-1218,1,22.9221266,0.15698,1.44,2.67,0.1284682,0.00839,4.91,684.0,291.5788505,44.5316825
HD 27894 d,HD 27894,3,5019.54244,5.362,12.7,2063.65984665,1.13,6.493,5.54,95.87,65.1975693,-59.4096776
Kepler-1541 b,Kepler-1541,1,8.40691199,0.07555,1.16,1.65,0.10348827,0.00521,5.81,1048.0,283.7870875,48.0296019
Kepler-531 b,Kepler-531,1,29.88485741,0.17446,2.78,8.15,0.24801499,0.0256,2.08,453.0,286.5246582,48.6835481
Kepler-727 b,Kepler-727,1,5.154484417,0.0546,2.53,6.94,0.22571148,0.0218,2.35,964.0,294.8469333,45.0344155
KELT-3 b,KELT-3,1,2.70339,0.04123,17.48604,616.5902,1.56,1.94,0.75,1816.0,148.6431193,40.3879446
Kepler-892 b,Kepler-892,1,13.7521072,0.1015,2.81,8.3,0.25069141,0.0261,2.06,556.0,283.1296399,43.8880983
Kepler-1891 b,Kepler-1891,1,4.02229023,0.0473,1.52139156,2.93,0.1357297,0.00921,4.57,1017.0,290.0438524,44.3705375
TOI-201 d,TOI-201,3,5.84889,0.0698,1.39,5.8,0.12400771,0.01824884,11.0,1237.0,87.4017825,-54.910423
Kepler-876 b,Kepler-876,1,5.14438011,0.0549,1.43,2.63,0.12757605,0.00829,4.94,923.0,283.4781717,43.3837235
HD 81040 b,HD 81040,1,1002.7,1.946,12.6,2301.07766668,1.13,7.24,6.32,189.77,140.9455027,20.3646078
Kepler-1456 b,Kepler-1456,1,18.1373829,0.1132,1.14,1.55,0.10170399,0.00489,5.75,433.0,286.9453381,43.8228023
GJ 1252 b,GJ 1252,1,0.5182331,0.00915,1.193,1.32,0.10643251,0.00415318,4.2,1090.0,306.9286462,-56.4622865
Kepler-357 b,Kepler-357,3,6.475434,0.063,1.84,4.04,0.164,0.0127,3.56,793.0,291.2429746,44.0086337
Kepler-224 b,Kepler-224,4,3.132924,0.038,1.39,2.51,0.124,0.0079,5.14,937.0,290.9342679,47.3575414
Kepler-1366 b,Kepler-1366,1,2.164570968,0.0273,1.43,2.63,0.12757605,0.00829,4.94,783.0,285.0648845,41.5548464
Kepler-23 d,Kepler-23,3,15.27,0.12012,2.206,4.44,0.19680648,0.0139698,2.260583,896.0,294.2189131,49.4792536
Kepler-1510 b,Kepler-1510,1,84.703921,0.4089,3.36,11.2,0.29975912,0.0354,1.62,537.0,298.9591432,48.2578295
TOI-2196 b,TOI-2196,1,1.1947268,0.02234,3.51,26.0,0.31314176,0.08180515,3.31,1860.0,312.3400744,-70.4850723
Kepler-1814 b,Kepler-1814,2,2.935359955,0.03765,2.36961357,6.21,0.21140313,0.0195,2.56,1022.0,285.2166767,41.2824449
HD 66428 b,HD 66428,2,2269.81726,3.395,12.4,3478.94974302,1.11,10.946,10.0,159.02,120.8691654,-1.1636019
HIP 8923 b,HIP 8923,1,5160.0,5.9,12.5,3171.92750186,1.11,9.98,8.92,136.48,28.7250931,-11.5113361
TOI-1411 b,TOI-1411,1,1.4520527,0.02122,1.19880592,2.0,0.10695049,0.0062927,6.36,976.4,232.946047,47.0555507
Kepler-1004 b,Kepler-1004,1,5.28789787,0.06791,6.28,32.5,0.56026407,0.102,0.721,1661.0,297.3593427,49.7975464
TYC 4282-00605-1 b,TYC 4282-00605-1,1,101.54,0.422,12.4,3426.2074,1.11,10.78,9.87,1285.1,343.8721029,62.2391907
Kepler-165 c,Kepler-165,2,15.31299,0.11,2.23,5.6,0.199,0.0176,2.77,581.0,280.69092,47.8096702
Kepler-1500 b,Kepler-1500,1,15.0330105,0.1236,1.2,1.87,0.10705683,0.00588,5.95,928.0,288.883474,39.7446547
Kepler-1911 b,Kepler-1911,1,5.990799904,0.0636,1.011,1.01,0.09019553,0.00318,5.37,987.0,299.303559,41.4410233
Kepler-371 b,Kepler-371,2,34.763278,0.2,1.89,4.23,0.169,0.0133,3.44,554.0,292.3264835,38.6575441
TOI-3023 b,TOI-3023,1,3.9014971,0.0505,16.43236571,197.05361234,1.466,0.62,0.245,1596.0,165.3158231,-72.3567044
Kepler-46 d,Kepler-46,3,6.766589,0.067,1.64,3.33,0.146,0.0105,4.15,845.0,289.2687388,42.6041819
HD 13167 b,HD 13167,1,2613.0,4.1,13.1,1052.0173,1.17,3.31,2.57,208.79,32.057635,-24.695575
HD 148164 c,HD 148164,2,5062.0,6.15,12.8,1640.0028,1.15,5.16,4.3,135.77,246.4351678,11.9190729
HD 207832 b,HD 207832,2,160.07,0.586,14.2,177.9848,1.26,0.56,0.342,340.28,328.1517893,-26.0271749
Kepler-1598 b,Kepler-1598,1,4.34195123,0.05207,0.95,0.809,0.08475332,0.00254,5.18,1236.0,288.469107,46.7836464
K2-224 b,K2-224,2,4.47904,0.0516,1.56,3.05,0.13917388,0.00961,4.41,1002.0,189.7041426,-10.0605942
Kepler-256 c,Kepler-256,4,3.38802,0.045,2.15,5.27,0.192,0.0166,2.91,1315.0,292.58042,46.0973588
Kepler-1066 b,Kepler-1066,1,1.931559839,0.0298,2.36,6.17,0.2105451,0.0194,2.58,1290.0,298.866621,46.5022325
Kepler-1464 b,Kepler-1464,2,31.7785901,0.20066,1.66,3.39,0.14809528,0.0107,4.07,564.0,287.2356828,38.7540824
HD 187085 b,HD 187085,1,1019.74,2.1,13.9,265.70588,1.24,0.836,0.544,229.38,297.3915731,-37.7809929
Kepler-262 c,Kepler-262,2,21.853722,0.152,1.64,3.33,0.146,0.0105,4.15,618.0,290.7287168,37.2526575
TOI-1811 b,TOI-1811,1,3.7130765,0.04389,11.14172682,308.9292116,0.994,0.972,1.23,962.2,188.9223576,27.2143766
Kepler-1012 b,Kepler-1012,1,5.50860439,0.06066,1.29,2.21,0.11508609,0.00696,5.66,934.0,289.2962253,46.4579889
Kepler-1221 b,Kepler-1221,1,12.00096042,0.0906,1.88,4.19,0.16772237,0.0132,3.47,632.0,285.8223636,45.7118423
TIC 393818343 b,TIC 393818343,1,16.24921,0.1291,12.18416202,1379.37528638,1.087,4.34,4.22,805.5,310.2917002,3.6382967
Kepler-805 b,Kepler-805,1,30.8638931,0.19852,2.89,8.7,0.25782853,0.0274,1.98,743.0,293.2300178,45.053364
Kepler-363 b,Kepler-363,3,3.614568,0.048,1.16,1.65,0.103,0.00521,5.81,1347.0,283.1920779,41.3054172
17 Sco b,17 Sco,1,578.38,1.45,12.9,1373.01871824,1.15,4.32,3.51,847.51,243.4620874,-11.8377905
TOI-733 b,TOI-733,1,4.884765,0.0618,1.992,5.72,0.17771464,0.01799713,3.98,1055.8,159.4093183,-40.888259
Kepler-114 d,Kepler-114,3,11.776,0.08358,2.53,3.9,0.226,0.012,0.22,446.0,294.121482,48.3497977
Kepler-264 c,Kepler-264,2,140.101261,0.566,2.83,8.4,0.252,0.0264,2.04,511.0,292.044628,37.3761861
Kepler-1084 b,Kepler-1084,1,2.05333679,0.0324,1.11,1.41,0.09902757,0.00444,5.67,1737.0,290.1019809,48.251146
Kepler-1242 b,Kepler-1242,1,13.62798432,0.1039,2.26,5.73,0.2016237,0.018,2.73,639.0,284.6062174,41.196344
Kepler-319 c,Kepler-319,3,6.941357,0.069,2.63,7.41,0.235,0.0233,2.24,876.0,288.8119782,39.7706431
Kepler-85 d,Kepler-85,4,17.91323,0.13,1.2,8.69679,0.107,0.02736316,4.4,626.0,290.9734395,45.2902761
K2-214 b,K2-214,1,8.59656,0.0834,2.51,6.85,0.22392759,0.0215,2.38,1001.0,14.8759777,4.2277722
HD 93385 b,HD 93385,3,7.3426,0.0756,1.88,4.2,0.168,0.01321468,3.47,1141.0,161.5627065,-41.464604
TOI-2257 b,TOI-2257,1,35.189346,0.145,2.194,5.45,0.19573591,0.0171,2.84,256.0,194.7396141,77.6617157
Kepler-1802 b,Kepler-1802,2,15.45020008,0.0662,1.671,3.43,0.14907689,0.0108,4.04,581.0,300.2420869,44.1412854
TOI-469.01,TOI-469,3,13.6308205,0.111,3.41,9.1,0.30422035,0.0286318,1.3,716.0,93.0578446,-14.6493167
Kepler-1437 b,Kepler-1437,1,10.9295461,0.0951,1.37,2.45,0.12222321,0.00771,5.24,770.0,291.8649164,49.325869
Kepler-1099 b,Kepler-1099,1,2.168452593,0.0337,2.83,8.4,0.25247569,0.0264,2.04,1558.0,288.7499866,48.2771163
Kepler-87 b,Kepler-87,2,114.73635,0.481,13.49,324.2,1.204,1.02,0.729,478.0,297.9168433,46.9651146
TOI-3980 b,TOI-3980,1,3.6089254,0.0494,14.4595851,187.51876013,1.29,0.59,0.25,1621.0,12.8419374,59.5758606
Kepler-330 b,Kepler-330,2,8.25978,0.075,1.35,2.39,0.12,0.00752,5.34,714.0,288.4474035,44.8017616
Kepler-226 c,Kepler-226,3,5.349555,0.058,2.27,45.2,0.203,0.142,21.2,919.0,292.3760942,47.8809596
BD+03 2562 b,BD+03 2562,1,481.9,1.3,12.7,2034.112,1.13,6.4,5.46,985.04,177.5647268,2.7601075
Kepler-587 b,Kepler-587,1,10.94027841,0.0952,2.23,5.6,0.19894727,0.0176,2.77,764.0,288.6706571,47.3991249
Kepler-154 d,Kepler-154,5,20.54981883,0.14354,3.84,14.1,0.34258185,0.0444,1.37,657.0,289.7805393,49.8965624
Kepler-279 e,Kepler-279,4,98.3531,0.439,4.13,56.0,0.36845456,0.1761957,7.3,552.0,287.391295,42.194822
K2-197 b,K2-197,1,8.357881,0.0806,2.56,7.08,0.2283879,0.0223,2.32,848.0,202.3934779,-7.3739779
HD 28192 b,HD 28192,1,14.23283,0.118,12.2,99.7981198,1.08,0.314,0.302,859.98,66.7032517,-1.7244842
Kepler-20 g,Kepler-20,6,34.94,0.2055,4.71,19.96,0.42,0.06280087,1.05,524.0,287.6979913,42.3385782
TYC 3667-1280-1 b,TYC 3667-1280-1,1,26.468,0.21,12.8,1716.282,1.14,5.4,4.5,1350.0,12.8875757,58.4261485
Kepler-215 b,Kepler-215,4,9.360672,0.084,1.62,3.26,0.145,0.0102,4.21,784.0,294.9735313,45.2136867
Kepler-1172 b,Kepler-1172,1,26.0204423,0.168,3.2,10.3,0.28548488,0.0325,1.73,675.0,290.4744875,37.7665499
Kepler-195 c,Kepler-195,2,34.096863,0.197,1.55,3.02,0.138,0.00951,4.46,469.0,288.1209339,47.9666141
K2-240 c,K2-240,2,20.523,0.1159,1.8,3.89,0.16058524,0.0123,3.67,389.0,227.849371,-17.8754464
HD 190228 b,HD 190228,1,1143.59858,2.406,12.9,1598.67688721,1.15,5.03,4.09,267.99,300.7537294,28.3065564
Kepler-442 b,Kepler-442,1,112.3053,0.409,1.34,2.36,0.12,0.00742,5.39,241.0,285.3666029,39.2800704
Kepler-1495 b,Kepler-1495,1,85.273256,0.3677,2.94,8.96,0.26228923,0.0282,1.94,443.0,286.1306907,38.7795494
HD 164509 b,HD 164509,1,280.17,0.87,14.3,140.79869,1.28,0.443,0.265,319.12,270.3800811,0.1044685
TOI-815 b,TOI-815,2,11.197259,0.0903,2.94,7.6,0.26228968,0.02391227,1.64,686.0,155.8719377,-43.8349248
Kepler-232 b,Kepler-232,2,4.431222,0.054,3.08,9.69,0.275,0.0305,1.82,1104.0,295.8161668,51.1217249
HD 141399 d,HD 141399,4,1069.8,2.09,13.7,375.0394,1.22,1.18,0.801,220.0,236.7235392,46.986288
Kepler-159 c,Kepler-159,2,43.595792,0.218,3.41,11.5,0.304,0.0363,1.59,275.0,297.0702037,40.868734
HIP 67851 b,HIP 67851,2,89.23,0.42,13.7,365.50266805,1.22,1.15,0.781,840.72,208.465364,-35.3146536
KOI-3680 b,KOI-3680,1,141.241671,0.534,11.09691,613.4119,0.99,1.93,2.46,347.0,293.2815266,45.3096572
Kepler-1463 b,Kepler-1463,1,25.15864,0.1694,1.86,4.12,0.16593809,0.013,3.52,619.0,294.4872785,42.0069064
Kepler-712 c,Kepler-712,2,226.89047,0.66479,4.85,21.0,0.43268802,0.0659,1.01,236.0,294.9096739,42.9351987
Kepler-1983 b,Kepler-1983,1,7.32851947,0.0689,2.33,6.04,0.20786903,0.019,2.62,807.0,297.042015,39.9121864
HATS-36 b,HATS-36,1,4.175186,0.0523,12.92,1022.14128,1.1526452,3.216,2.12,1203.0,291.4787013,-23.2028183
GJ 3138 c,GJ 3138,3,5.974,0.057,1.88,4.18,0.167,0.01315168,3.46,530.85,32.2977385,-16.3392495
Kepler-55 b,Kepler-55,5,27.9481449,0.1593,2.43,43.0,0.217,0.135,16.5,400.0,285.1683291,44.0264898
Kepler-158 b,Kepler-158,3,16.709184,0.111,2.12,5.14,0.189,0.0162,2.96,500.0,284.0323723,39.7815365
Kepler-1926 b,Kepler-1926,1,42.87770081,0.2197,2.31495961,5.97,0.20652722,0.0188,2.64,451.0,291.1987905,44.1662033
TOI-2154 b,TOI-2154,1,3.8240801,0.0513,16.28664896,292.40213444,1.453,0.92,0.37,1580.0,71.0281482,84.3642652
HD 116029 b,HD 116029,2,670.0,1.65,13.6,444.962,1.21,1.4,0.972,400.04,200.1646905,24.6484725
K2-42 b,K2-42,1,6.68796,0.0617,2.15,5.27,0.19181015,0.0166,2.91,718.09,176.6657559,-5.1720463
TOI-4666 b,TOI-4666,1,2.9089165,0.034,12.53164042,155.41809102,1.118,0.489,0.43,695.0,56.2898862,-39.0631799
K2-32 c,K2-32,4,20.66093,0.13843,3.134,8.1,0.27959723,0.02548545,1.43,634.0,252.426008,-19.5430504
Kepler-1532 b,Kepler-1532,1,1.093663559,0.0206,1.35,2.39,0.12043893,0.00752,5.34,1681.0,296.902784,41.1981424
K2-81 b,K2-81,1,6.102325,0.059,1.97,4.54,0.17575163,0.0143,3.26,739.23,57.4854562,14.5020556
WASP-160 B b,WASP-160 B,1,3.7684952,0.0452,12.21781,88.35674,1.09,0.278,0.284,1119.0,87.679561,-27.6233218
Wolf 1069 b,Wolf 1069,1,15.564,0.0672,1.08,1.26,0.0959,0.0039644,5.5,250.1,306.5242477,58.5753044
TrES-3 b,TrES-3,1,1.30618581,0.02282,14.975,607.03,1.336,1.91,0.994,1638.0,268.0291106,37.5463268
Kepler-1130 d,Kepler-1130,3,4.272250175,0.05068,0.64472273,0.202,0.05751841,0.000634,4.14,981.0,285.207421,45.384333
HD 5608 b,HD 5608,1,768.7,1.79,13.7,371.22357938,1.22,1.168,0.793,403.72,14.5594349,33.9505774
HIP 39017 b,HIP 39017,1,31000.0,22.1,12.0,7500.7504052,1.07,23.6,23.9,91.06,119.7665756,-4.3326006
TOI-5027 b,TOI-5027,1,10.24368,0.093,10.76062147,642.01338214,0.96,2.02,2.94,1056.0,243.8850212,-69.2170972
WASP-138 b,WASP-138,1,3.634433,0.0494,12.21781,387.7526,1.09,1.22,1.2,1590.0,41.6391598,-0.4641252
Kepler-1185 b,Kepler-1185,1,104.3518976,0.4297,1.33,2.33,0.11865465,0.00733,5.44,355.0,287.2411783,39.3326977
TOI-5181 A b,TOI-5181 A,1,3.8922295,0.0522,13.34989601,330.54154328,1.191,1.04,0.76,1585.0,280.6774738,21.6998203
Kepler-599 b,Kepler-599,1,15.65562652,0.1128,2.84,8.45,0.25336783,0.0266,2.03,623.0,285.9115968,41.0695091
Kepler-1033 b,Kepler-1033,1,7.56052806,0.0761,2.51,6.85,0.2239272,0.0215,2.38,914.0,283.8450963,44.6090251
TOI-1772.01,TOI-1772,1,8.054246874,0.078375,2.905,8.78,0.25916719,0.0276,1.97,877.67,156.837704,34.3909497
HD 37124 b,HD 37124,3,154.378,0.53364,14.0,214.53525,1.25,0.675,0.43,366.48,84.2599947,20.7289784
Kepler-730 c,Kepler-730,2,2.85188338,0.03997,1.56926,3.09,0.14,0.00971,4.39,1607.0,285.5547895,45.578842
Kepler-513 b,Kepler-513,1,28.86235584,0.1779,2.2,5.48,0.19627085,0.0172,2.83,623.0,285.0416235,50.0753913
Kepler-1520 b,Kepler-1520,1,0.653553572,0.0129,5.77,28.1,0.51476492,0.0885,0.804,1437.0,290.9662102,51.5047656
GJ 3293 b,GJ 3293,4,30.5987,0.14339,5.19,23.54,0.463,0.07406475,0.925,280.54,67.1484425,-25.1713396
TOI-1180 b,TOI-1180,1,9.686760378,0.080799,3.072,10.0,0.27406595,0.03146352,1.93,638.18,214.5557741,82.1937642
TOI-4994 b,TOI-4994,1,21.491984,0.1515,8.54124329,88.99195396,0.762,0.28,0.78,717.6,283.1325335,-78.4344302
Kepler-782 b,Kepler-782,1,158.6853308,0.54494,3.21,10.4,0.28637702,0.0327,1.73,350.0,288.868246,47.75947
Kepler-63 b,Kepler-63,1,9.4341505,0.08,6.11,120.0,0.545,0.378,3.0,791.0,289.2262876,49.5482814
Kepler-132 b,Kepler-132,4,6.178196,0.067,1.21,1.92,0.108,0.00606,5.96,1082.0,283.23581,41.343037
Kepler-529 b,Kepler-529,3,1.980357663,0.0309,1.86,4.12,0.16593809,0.013,3.52,1662.0,285.8884067,47.880364
11 UMi b,11 UMi,1,516.21997,1.53,12.3,4684.8142,1.09,14.74,13.8,896.43,229.2745954,71.8239428
Kepler-60 c,Kepler-60,3,8.9187,0.08422,1.9,3.85,0.16950665,0.01211339,3.06,1023.0,288.9612535,42.2650472
Kepler-330 c,Kepler-330,2,15.955387,0.116,1.95,4.46,0.174,0.014,3.31,573.0,288.4474035,44.8017616
Kepler-243 c,Kepler-243,2,20.026218,0.142,1.99,4.62,0.178,0.0145,3.22,559.0,285.1104819,42.0339619
TOI-1452 b,TOI-1452,1,11.06201,0.061,1.672,4.82,0.14916611,0.01516542,5.6,326.0,290.1739741,73.1951082
Kepler-264 b,Kepler-264,2,40.806231,0.249,3.33,11.1,0.297,0.0348,1.65,772.0,292.044628,37.3761861
Kepler-110 b,Kepler-110,2,12.691112,0.107,1.83,4.01,0.163,0.0126,3.6,1008.0,292.9291693,48.6028303
Kepler-809 b,Kepler-809,1,55.63934,0.2901,3.01,9.32,0.26853421,0.0293,1.88,478.0,289.0836324,48.0180689
Kepler-301 d,Kepler-301,3,13.751243,0.112,1.75,3.71,0.156,0.0117,3.8,725.0,283.982904,49.2329512
Kepler-1614 b,Kepler-1614,1,3.9466141,0.0471,1.49,2.83,0.1329289,0.00889,4.7,981.0,284.8713893,49.7758867
HD 136925 b,HD 136925,1,4540.0,5.13,13.9,266.97586188,1.24,0.84,0.546,134.25,230.7157509,13.3663117
Kepler-1296 b,Kepler-1296,1,8.3839865,0.0896,0.91,0.693,0.08118476,0.00218,5.05,1285.0,292.1251038,41.4077928
Kepler-1114 b,Kepler-1114,1,14.97435694,0.11056,1.35,2.39,0.12043893,0.00752,5.34,631.0,299.2370531,45.8347781
K2-240 b,K2-240,2,6.034,0.0513,2.0,4.66,0.17842805,0.0147,3.2,586.0,227.849371,-17.8754464
Kepler-210 b,Kepler-210,2,2.453234,0.032,2.94,8.96,0.262,0.0282,1.94,737.0,292.5034196,43.0832188
Kepler-306 c,Kepler-306,4,7.240193,0.067,2.35,6.12,0.21,0.0193,2.59,716.0,288.5387145,40.6160545
CoRoT-20 b,CoRoT-20,2,9.24285,0.09,9.41556,1366.669,0.84,4.3,8.87,1024.0,97.7204249,0.2268931
WASP-95 b,WASP-95,1,2.18467,0.03416,13.78707,457.6752,1.23,1.44,0.84,1570.0,337.4578243,-48.0030988
Kepler-162 c,Kepler-162,2,19.446355,0.137,3.03,9.43,0.27,0.0297,1.86,681.0,297.2789115,43.7239693
Kepler-1848 b,Kepler-1848,1,5.604020119,0.05835,1.4088539,2.57,0.12568974,0.00808,5.05,774.0,299.3814921,45.5920846
K2-187 d,K2-187,4,7.149584,0.072,2.4,6.35,0.21411403,0.02,2.52,865.0,132.5235618,23.1924709
TOI-375 d,TOI-375,3,297.9,0.984,13.6,445.59542661,1.21,1.402,0.973,434.0,47.1499034,-77.3833275
Kepler-197 e,Kepler-197,4,25.209715,0.164,0.91,0.693,0.081,0.00218,5.05,691.0,295.2264739,50.5592348
HAT-P-68 b,HAT-P-68,1,2.29840551,0.02996,12.016048,230.10892,1.072,0.724,0.727,1027.8,118.4831501,23.9382192
KIC 9663113 b,KIC 9663113,2,572.3847,1.55346,4.6,19.2,0.41038451,0.0603,1.08,264.0,297.0454037,46.3286653
K2-248 b,K2-248,1,7.17256,0.0699,2.57,7.13,0.22928004,0.0224,2.31,886.0,182.8173343,-9.4141696
HAT-P-58 b,HAT-P-58,1,4.0138379,0.04994,14.93036229,118.2321674,1.332,0.372,0.194,1622.0,68.8465093,56.8682691
Kepler-1315 c,Kepler-1315,2,6.566060066,0.0635,1.84398883,4.06,0.16450995,0.0128,3.56,777.0,295.8215678,46.0530562
Kepler-169 c,Kepler-169,5,6.195469,0.062,1.21,1.92,0.108,0.00606,5.96,776.0,285.9999204,40.9193822
Kepler-1698 b,Kepler-1698,1,1.2107,0.02065,1.07315686,1.25,0.09574064,0.00394,5.56,1351.0,293.3450181,39.2577469
Kepler-383 b,Kepler-383,2,12.904532,0.095,1.32,2.3,0.118,0.00724,5.5,545.0,291.3426078,38.3631616
HD 32518 b,HD 32518,1,157.35,0.594,13.2,905.49313154,1.18,2.849,2.16,916.07,77.4037569,69.6391355
NGTS-12 b,NGTS-12,1,7.532806,0.0757,11.747032,66.10864,1.048,0.208,0.223,1257.0,176.2499418,-35.640563
Kepler-933 b,Kepler-933,1,14.20443009,0.1041,2.46,6.62,0.2194665,0.0208,2.44,602.0,289.5685257,43.5385438
Kepler-1240 b,Kepler-1240,1,4.8663815,0.05791,1.15,1.6,0.10259613,0.00505,5.78,1121.0,282.9997682,40.5574322
Kepler-1119 b,Kepler-1119,1,8.3265153,0.0812,1.92,4.35,0.17129093,0.0137,3.38,938.0,297.0191018,44.3274936
TOI-5005 b,TOI-5005,1,6.3085044,0.06614,6.25,32.7,0.558,0.103,0.74,1040.0,238.108194,-48.1451
TOI-5319 b,TOI-5319,1,4.07853,0.0506,2.83,8.4,0.25247612,0.0264,2.04,695.0,35.2135563,23.5204408
WASP-21 b,WASP-21,1,4.322482,0.052,11.99,95.345,1.07,0.3,0.32,1333.0,347.4928024,18.3961597
Kepler-991 b,Kepler-991,1,82.5342519,0.3104,2.54,6.99,0.22660362,0.022,2.34,260.0,297.0905543,49.6264867
HD 148156 b,HD 148156,1,1027.0,2.45,13.9,270.144,1.24,0.85,0.553,213.76,247.0723035,-46.3175085
Kepler-79 c,Kepler-79,4,27.4026,0.19144,3.76,4.6,0.33544531,0.01447322,0.48,734.0,300.5171067,44.3815508
HD 4208 b,HD 4208,1,832.97,1.662,13.9,257.4423,1.24,0.81,0.527,196.68,11.1125532,-26.5150392
Kepler-411 e,Kepler-411,4,31.509728,0.186,3.28,10.8,0.293,0.03398043,1.68,503.0,287.6057027,49.5233937
HD 188015 b,HD 188015,1,461.2,1.203,13.6,476.72,1.21,1.5,1.04,267.98,298.0191857,28.0999769
GJ 687 c,GJ 687,2,727.562,1.165,4.14,16.0,0.369,0.05034138,1.24,98.62,264.1041731,68.3336741
HD 221416 b,HD 221416,1,14.2767,0.1228,9.17,60.5,0.836,0.19,0.431,1314.67,353.0331863,-21.8012007
HATS-57 b,HATS-57,1,2.350621,0.03493,12.767051,1000.21101,1.139,3.147,2.65,1413.4,60.9482779,-19.0568182
HD 48948 c,HD 48948,3,38.06,0.1951,2.6,7.27,0.232,0.02287398,2.27,553.0,102.489811,60.3373133
Kepler-390 b,Kepler-390,2,6.738088,0.065,0.82,0.477,0.073,0.0015,4.75,786.0,291.6288086,41.2088351
Kepler-603 c,Kepler-603,3,127.9075774,0.53439,6.5,34.5,0.57989116,0.108,0.69,401.0,294.2809679,42.2909295
HD 45652 b,HD 45652,1,44.073,0.237,14.3,137.62039,1.28,0.433,0.259,508.4,97.3058709,10.9336212
Kepler-332 b,Kepler-332,3,7.626324,0.07,1.17,1.71,0.104,0.00537,5.87,703.0,286.6627811,47.4136938
Kepler-508 b,Kepler-508,1,25.30889748,0.17274,1.64,3.33,0.146311,0.0105,4.15,710.0,295.4042546,42.9812789
HD 191939 f,HD 191939,6,2898.0,3.71,13.2,915.34581216,1.18,2.88,2.19,125.0,302.0256247,66.8503014
WASP-31 b,WASP-31,1,3.4059096,0.04659,17.363,151.916,1.549,0.478,0.172,1423.7,169.4388603,-19.0547781
TOI-2368 b,TOI-2368,1,5.1750073,0.05649,10.83908434,206.58846455,0.967,0.65,0.88,1000.0,134.9576234,-48.4884929
K2-413 b,K2-413,2,0.8094,0.0117,0.7599,0.363,0.06779385,0.00114,4.55,1535.2,353.4175668,-7.6120272
Kepler-43 b,Kepler-43,1,3.0240949,0.046,13.663771,1026.5909,1.219,3.23,5.0,1620.0,285.2408288,46.6682411
KOI-55 c,KOI-55,2,0.342887,0.0076,0.867,0.655,0.0773,0.0021,5.52,6910.74,296.3561853,41.0927315
KOI-351 h,KOI-351,8,331.60296,0.97062,11.252,203.0,1.00383793,0.63870943,0.911829,294.0,284.4334642,49.3051239
TOI-3331 A b,TOI-3331 A,1,2.0180231,0.03144,12.97999965,721.47048389,1.158,2.27,1.82,1488.0,271.3241672,-34.107171
WASP-85 A b,WASP-85 A,1,2.6556777,0.039,13.89916,402.05495,1.24,1.265,0.88,1452.0,175.9080328,6.5637842
YZ Cet d,YZ Cet,3,4.65626,0.02851,1.03,1.09,0.0921,0.00342952,5.48,356.7,18.1330792,-16.9962434
HD 222237 b,HD 222237,1,14892.0,10.8,12.8,1649.52943233,1.15,5.19,4.32,58.74,354.9078642,-72.7253271
HD 99492 b,HD 99492,2,17.0503,0.12,5.44,25.5,0.486,0.08023197,0.87,622.27,171.689687,3.0071331
Kepler-251 b,Kepler-251,4,4.790936,0.053,1.33,2.33,0.119,0.00733,5.44,990.0,296.5662171,44.1058077
WASP-195 b,WASP-195,1,5.051928,0.063,10.31226224,33.05415433,0.92,0.104,0.16,1522.0,247.5496427,49.895791
Kepler-359 d,Kepler-359,3,77.095691,0.372,4.01,2.7,0.358,0.00849511,0.1,464.0,293.2936129,42.1963497
Kepler-830 b,Kepler-830,1,11.29695137,0.1033,1.7,3.53,0.15166384,0.0111,3.95,907.0,295.054238,42.7568316
Kepler-672 b,Kepler-672,1,38.3774623,0.2163,2.5,6.8,0.22303506,0.0214,2.39,529.0,291.7219993,49.4808492
Kepler-198 b,Kepler-198,3,17.790037,0.131,2.82,8.35,0.252,0.0263,2.05,655.0,290.6731326,38.6910045
Kepler-444 d,Kepler-444,5,6.189392,0.06,0.53,0.2,0.047,0.00062927,7.9,783.0,289.7528323,41.631884
Kepler-575 b,Kepler-575,1,9.37891944,0.0788,2.39,6.3,0.21322152,0.0198,2.54,803.0,286.9638856,37.8296147
Kepler-1131 b,Kepler-1131,1,3.53232449,0.0459,1.59,3.15,0.1418503,0.00993,4.31,1159.0,295.6514492,49.2612954
Kepler-808 b,Kepler-808,1,0.631332353,0.01314,1.46,2.73,0.13025248,0.00859,4.82,1322.0,291.5941514,48.4454907
LHS 1903 b,LHS 1903,4,2.1555098,0.02656,1.382,3.28,0.12329399,0.01032003,6.82,796.0,107.865826,48.3279327
DMPP-6 c,DMPP-6,2,36.441,0.2206,3.74,13.47,0.334,0.04238136,1.41,715.27,120.3857827,-70.0234291
Kepler-885 b,Kepler-885,1,18.11472949,0.14403,2.5,6.8,0.22303506,0.0214,2.39,830.0,288.6615682,49.7371538
TOI-286 c,TOI-286,2,39.361826,0.213,1.88,3.72,0.16772265,0.01170443,3.09,475.0,90.9842762,-60.6663348
TOI-2081 b,TOI-2081,1,10.50534,0.0752,2.04,4.82,0.18199692,0.0152,3.12,488.0,264.3022634,53.0255666
KELT-18 b,KELT-18,1,2.8717518,0.0455,17.59813,375.0394,1.57,1.18,0.377,2085.0,216.5238248,59.4442735
HD 152843 b,HD 152843,2,11.62071,0.1049,3.05,9.82,0.27210324,0.03089718,1.9,1003.11,253.7848853,20.491524
HD 26161 b,HD 26161,1,10942.29013,10.087,11.9,9045.39646322,1.06,28.46,29.5,110.98,62.4122255,31.6524346
Kepler-1323 b,Kepler-1323,1,0.929906678,0.01911,1.52,2.92,0.13560532,0.0092,4.57,2291.0,292.8722515,46.098729
Kepler-151 c,Kepler-151,2,24.674612,0.16,2.09,5.02,0.186,0.0158,3.02,544.0,292.1627933,41.0231947
HIP 14810 c,HIP 14810,3,147.747,0.549,13.6,416.3573,1.22,1.31,0.91,373.22,47.809275,21.0971302
Kepler-80 b,Kepler-80,6,7.05246,0.0648,2.67,6.93,0.23820145,0.02180411,1.38,547.0,296.1125759,39.9787451
HD 40307 f,HD 40307,5,51.76,0.247,2.13,5.2,0.19,0.0164,2.96,398.0,88.5172191,-60.0237289
HD 89345 b,HD 89345,1,11.8143,0.1066,7.39794,34.9613,0.66,0.11,0.471,1089.0,154.6710977,10.1288464
HIP 97166 c,HIP 97166,2,16.432,0.124,2.75,8.0,0.245,0.02517081,2.11,642.0,296.2446203,74.0628577
HD 25463 c,HD 25463,2,3.04405,0.0443,1.36354953,4.3,0.12164795,0.01352931,9.09,1585.57,60.7483361,9.2077676
TOI-2379 b,TOI-2379,1,5.4693827,0.05263,11.72459381,1830.69162432,1.046,5.76,6.21,624.0,358.0920465,-53.043156
HD 96167 b,HD 96167,1,498.04,1.332,14.0,227.88411,1.25,0.717,0.456,333.63,166.3125657,-10.291345
Kepler-571 b,Kepler-571,1,4.798599388,0.0546,2.64,7.46,0.23552502,0.0235,2.23,978.0,286.5510448,49.418731
HR 858 b,HR 858,3,3.585287,0.04888,2.004,3.55,0.17878521,0.01116955,2.44,1552.0,42.9849779,-30.8140609
Kepler-342 e,Kepler-342,4,1.644224613,0.02909,0.88,0.615,0.07850834,0.00193,4.96,1897.0,292.6780488,46.7266813
Kepler-941 b,Kepler-941,1,17.42395198,0.1311,3.08,9.69,0.2747792,0.0305,1.82,722.0,294.3262617,47.2175461
TOI-4145 A b,TOI-4145 A,1,4.0664428,0.04823,13.30506009,136.66621501,1.187,0.43,0.32,1074.0,39.4297435,80.2673838
Kepler-709 b,Kepler-709,1,16.08524954,0.1173,2.92,8.85,0.26050495,0.0279,1.95,613.0,292.105272,42.3803077
Kepler-1832 b,Kepler-1832,1,3.138789892,0.037,1.22719556,2.02,0.10948324,0.00637,6.01,1022.0,299.8517779,43.7320611
HAT-P-54 b,HAT-P-54,1,3.799847,0.04117,10.581296,241.5508,0.944,0.76,1.118,818.0,99.8979924,25.4824005
Kepler-306 b,Kepler-306,4,4.646186,0.05,1.52,2.92,0.136,0.0092,4.57,830.0,288.5387145,40.6160545
Kepler-690 b,Kepler-690,1,7.748094374,0.081,5.95,29.6,0.53082345,0.0933,0.772,964.0,294.4899225,39.7714758
Kepler-1217 b,Kepler-1217,1,2.032325072,0.0326,1.99,4.62,0.17753591,0.0145,3.22,1542.0,289.1866841,50.9375614
Kepler-1842 b,Kepler-1842,1,14.02639961,0.116,2.35388681,6.14,0.21000008,0.0193,2.59,822.0,286.2516039,42.3784353
Kepler-711 b,Kepler-711,1,23.58914398,0.1429,3.41,11.5,0.30421982,0.0363,1.59,487.0,297.4600468,42.8398172
TOI-3568 b,TOI-3568,1,4.417965,0.0485,5.3,26.4,0.483,0.083,0.98,899.0,322.6023682,34.7395805
K2-280 b,K2-280,1,19.89526,0.1461,7.5,37.1,0.66910634,0.11672965,0.48,787.0,291.5953596,-22.2477071
Kepler-1080 b,Kepler-1080,1,77.2548396,0.3781,3.28,10.8,0.292622,0.0339,1.68,548.0,296.4644914,49.1828952
Kepler-1228 b,Kepler-1228,1,0.577369579,0.01186,1.54,2.99,0.1373896,0.0094,4.5,1757.0,296.552761,46.9661945
Kepler-1203 b,Kepler-1203,1,0.588000765,0.0114,1.06,1.2,0.09456687,0.00377,5.54,1188.0,292.7734523,44.178088
TOI-5786 b,TOI-5786,1,12.779107,0.114,8.54,73.0,0.76188908,0.22968369,0.64,1040.0,293.3223259,30.7042468
Kepler-1501 b,Kepler-1501,1,14.5564533,0.11592,1.56,3.05,0.13917388,0.00961,4.41,787.0,289.918589,42.001428
Kepler-1164 b,Kepler-1164,1,3.97599768,0.04635,1.12,1.46,0.09991971,0.00459,5.71,936.0,287.5296372,38.8945065
TOI-1117 c,TOI-1117,3,4.579,0.0534,2.91,8.78,0.259,0.02762497,1.96,1210.0,273.6020606,-66.4199742
Kepler-757 b,Kepler-757,1,1.022678821,0.019,1.36,2.42,0.12133107,0.00761,5.29,1734.0,296.6804876,41.3865279
GJ 720 A b,GJ 720 A,1,19.466,0.119,3.77,13.64,0.336,0.04291624,1.4,401.0,278.8294172,45.7456038
Kepler-1850 b,Kepler-1850,1,1.385800004,0.0206,0.72909663,0.313,0.06504576,0.000985,4.44,1008.0,287.1428295,43.6161177
KOI-1783.02,KOI-1783,2,284.215,0.86695,5.44,15.0,0.48532429,0.04719504,0.51,321.0,289.3414629,46.988155
Kepler-229 d,Kepler-229,3,41.194912,0.22,3.85,14.2,0.343,0.0445,1.37,439.0,286.9994758,48.3757867
Gl 686 b,Gl 686,1,15.53,0.091,2.46,6.624,0.22,0.02084133,2.45,379.0,264.4764878,18.5959509
HD 44219 b,HD 44219,1,472.0,1.26,14.1,184.34047606,1.26,0.58,0.361,283.89,95.0599971,-10.7250799
Kepler-484 b,Kepler-484,1,10.045569313,0.09036,2.28,5.82,0.20340798,0.0183,2.7,766.0,284.3942844,46.2491109
Kepler-142 c,Kepler-142,3,4.761702,0.057,2.86,8.55,0.255,0.0269,2.01,1201.0,295.1190067,48.4813635
HD 72659 b,HD 72659,2,3549.0,4.607,13.2,949.67128012,1.17,2.988,2.27,155.34,128.5128072,-1.5686323
Kepler-257 d,Kepler-257,3,24.664551,0.16,4.95,21.7,0.442,0.0683,0.983,567.0,297.3159994,46.0232642
K2-138 c,K2-138,6,3.56004,0.04461,2.299,6.31,0.20510304,0.01985338,2.8,1012.0,348.9490311,-10.8497391
TOI-2570 b,TOI-2570,1,2.9887615,0.04145,13.64132951,260.61929374,1.217,0.82,0.563,1431.0,87.1880397,32.0840435
Kepler-629 b,Kepler-629,1,7.2385854,0.07107,1.38,2.48,0.12311535,0.0078,5.19,816.0,289.4179128,39.9450757
Kepler-11 b,Kepler-11,6,10.3039,0.091,1.8,1.9,0.161,0.006,1.72,849.0,297.1150949,41.9091092
HD 179949 b,HD 179949,1,3.092514,0.0443,13.9,291.12,1.24,0.916,0.596,1590.53,288.8890182,-24.1797939
kap CrB b,kap CrB,1,1253.68,2.5,13.3,689.6911,1.19,2.17,1.61,319.32,237.8080012,35.6558818
Kepler-1353 b,Kepler-1353,1,24.7543966,0.153,1.8,3.89,0.16058524,0.0123,3.67,491.0,295.7353911,42.5762317
Kepler-652 b,Kepler-652,1,4.182002531,0.04958,2.49,6.76,0.22214292,0.0213,2.41,974.0,288.0080899,46.4736108
Kepler-386 b,Kepler-386,2,12.31043,0.096,1.39,2.51,0.124,0.0079,5.14,651.0,289.8589165,48.6938077
NGTS-26 b,NGTS-26,1,4.5199279,0.049,14.88552637,92.80589484,1.328,0.292,0.153,1331.0,217.6832961,-31.7324526
Kepler-1502 b,Kepler-1502,1,41.7083629,0.2482,3.18,10.2,0.2837006,0.0322,1.74,608.0,296.1079271,39.3199201
Kepler-1548 b,Kepler-1548,1,124.828679,0.4679,2.64,7.46,0.23552502,0.0235,2.23,350.0,287.4711817,46.0805706
HD 60532 c,HD 60532,2,600.1,1.6,13.3,797.7533,1.18,2.51,1.86,381.66,113.5130656,-22.2958661
Kepler-175 c,Kepler-175,2,34.035257,0.213,3.1,9.8,0.277,0.0308,1.81,583.0,289.553232,43.876116
Kepler-1861 b,Kepler-1861,1,40.0306015,0.24082,2.20677414,5.5,0.19687554,0.0173,2.81,617.0,295.8465148,49.9361586
Kepler-398 d,Kepler-398,3,6.83437001,0.0618,0.88,0.615,0.07850834,0.00193,4.96,636.0,291.4688524,40.3437001
TOI-2295 c,TOI-2295,2,966.5,2.018,12.8,1783.01736327,1.14,5.61,4.67,234.9,281.5761962,50.4924657
TOI-663 c,TOI-663,3,4.6955507,0.0437,2.26,3.65,0.20162404,0.01148418,1.73,553.0,160.0658525,-8.5110827
TOI-6448 b,TOI-6448,1,14.844261,0.131,8.47398941,54.0,0.756,0.17,0.488,745.0,110.1704109,-33.9223285
TOI-1064 c,TOI-1064,2,12.226574,0.09429,2.651,2.5,0.23650679,0.00786588,0.771906,634.0,296.0039349,-47.5620305
WASP-101 b,WASP-101,1,3.58572,0.05057,16.02887,162.0933,1.43,0.51,0.24,1560.0,98.3511016,-23.486086
Kepler-987 b,Kepler-987,1,105.3033148,0.4238,3.26,10.7,0.29083772,0.0336,1.7,351.0,289.4110582,46.1308443
Kepler-385 d,Kepler-385,3,56.4159,0.2872,2.6186448,7.36,0.23361984,0.0232,2.25,535.0,294.3385109,50.3365178
HD 21520 b,HD 21520,1,25.1292,0.1726,2.697,17.7,0.24061064,0.05569043,1.35,637.0,51.6403449,-43.6136649
HD 28471 c,HD 28471,3,6.1245,0.065,2.26,5.72,0.201,0.01799713,2.72,1066.0,66.2875166,-64.0786861
Kepler-49 b,Kepler-49,4,7.2,0.05929,2.579,9.77,0.23008337,0.03073986,3.082111,509.0,292.2945208,40.5918123
Kepler-115 c,Kepler-115,2,8.990889,0.087,2.6,7.27,0.232,0.0229,2.27,960.0,297.7119299,45.261985
ome Ser b,ome Ser,1,278.59,0.838,14.0,233.92170755,1.25,0.736,0.468,824.94,237.5732422,2.196304
Kepler-79 b,Kepler-79,4,13.48451,0.11929,3.51,7.6,0.31314176,0.02391227,0.97,929.0,300.5171067,44.3815508
Kepler-777 b,Kepler-777,1,5.72812599,0.0519,1.47,2.76,0.13114462,0.00869,4.77,569.0,282.7241098,44.3465098
CoRoT-2 b,CoRoT-2,1,1.7429935,0.02798,16.432,1102.82,1.466,3.47,1.47,1521.0,291.7770457,1.3836634
TYC 1422-614-1 b,TYC 1422-614-1,2,198.4,0.69,13.3,794.5,1.18,2.5,1.86,730.19,154.2777769,19.5584068
Kepler-265 b,Kepler-265,4,6.846262,0.069,1.86,4.12,0.166,0.013,3.52,1022.0,290.5104788,41.244743
Kepler-1384 b,Kepler-1384,1,15.36262753,0.1126,1.94,4.42,0.17307521,0.0139,3.33,608.0,296.2151275,39.5270248
Kepler-343 b,Kepler-343,2,8.96855,0.088,2.41,6.39,0.215,0.0201,2.51,1024.0,291.960662,42.4329567
Kepler-1257 b,Kepler-1257,1,2.668313762,0.0376,1.52,2.92,0.13560532,0.0092,4.57,1252.0,296.0756231,45.6270165
HD 94890 c,HD 94890,2,2492.19,4.33,12.5,2831.85110637,1.12,8.91,7.97,369.1,164.1797804,-37.1383035
Kepler-967 c,Kepler-967,2,198.7112502,0.6253,3.65,12.9,0.32563119,0.0407,1.46,258.0,286.5580128,38.4052418
Kepler-100 c,Kepler-100,4,12.8159,0.11061,2.2,7.05,0.196,0.02218167,1.721102,939.0,291.3861294,41.9901394
K2-62 c,K2-62,2,16.19697,0.1148,1.99,4.62,0.17753621,0.0145,3.22,495.0,334.3645089,-12.1874776
HD 104067 b,HD 104067,2,55.851,0.2674,9.2,62.1,0.82,0.19538845,0.438,407.83,179.7923543,-20.3556058
Kepler-1260 b,Kepler-1260,1,19.1187753,0.1444,1.77,3.78,0.15790882,0.0119,3.75,823.0,295.5912652,42.5552261
Kepler-11 f,Kepler-11,6,46.6888,0.25,2.49,2.0,0.222,0.006,0.69,513.0,297.1150949,41.9091092
Kepler-1960 b,Kepler-1960,1,2.297940016,0.0354,1.30749704,2.26,0.11664727,0.00712,5.56,1547.0,294.6969361,46.7202043
Kepler-1252 b,Kepler-1252,1,15.0540329,0.1078,1.67,3.43,0.14898742,0.0108,4.05,665.0,298.9503634,46.6928437
Kepler-217 d,Kepler-217,3,3.88689525,0.0534,1.32,2.3,0.11776251,0.00724,5.5,1574.0,293.0377331,46.2775223
Kepler-1007 b,Kepler-1007,1,5.185002073,0.048,1.44,2.67,0.1284682,0.00839,4.91,652.0,295.9065297,45.8090893
Kepler-659 b,Kepler-659,1,17.671796,0.1204,2.5,6.8,0.22303506,0.0214,2.39,513.0,287.6081777,47.5096893
HD 12661 b,HD 12661,2,262.70862,0.84,13.3,772.3269,1.18,2.43,1.8,325.35,31.1423525,25.4135632
Kepler-305 d,Kepler-305,4,16.74,0.12091,2.76,6.2,0.24623113,0.01950738,1.63203,576.0,299.2242557,40.343167
Kepler-609 b,Kepler-609,1,6.521210666,0.0682,3.35,11.2,0.29886698,0.0352,1.64,932.0,292.2203009,44.6999902
K2-152 b,K2-152,1,32.6479,0.1716,2.29,5.86,0.20430012,0.0184,2.68,337.0,181.6324078,-5.8274311
K2-75 b,K2-75,2,7.8142,0.081,2.67,7.61,0.23820145,0.0239,2.2,1268.65,338.844896,-7.469895
HD 40956 b,HD 40956,1,578.6,1.4,13.2,858.141,1.18,2.7,2.05,580.56,91.6628015,63.453875
GJ 27.1 b,GJ 27.1,1,15.819,0.101,3.66,13.0,0.327,0.04090237,1.46,387.13,9.9980016,-44.2541679
Kepler-794 b,Kepler-794,1,11.13125132,0.10036,2.11,5.1,0.18824159,0.016,2.98,952.0,288.1336793,38.9968923
Kepler-218 c,Kepler-218,3,44.699576,0.248,3.14,10.0,0.28,0.0315,1.77,500.0,295.4128785,46.2665801
TOI-4495 c,TOI-4495,2,5.18553,0.06323,4.03,23.2,0.35953314,0.07299536,1.9,1365.0,286.3624951,37.0259902
Kepler-1666 b,Kepler-1666,2,25.8476,0.1761,2.88273782,8.66,0.25718064,0.0273,1.99,672.0,297.9516071,46.2647024
Kepler-798 b,Kepler-798,1,13.71933369,0.1174,2.39,6.3,0.21322152,0.0198,2.54,864.0,292.4782785,42.1422821
TOI-2094 b,TOI-2094,1,18.793193,0.136,1.9,4.27,0.16950694,0.0134,3.42,276.0,254.1425333,70.0273157
Kepler-392 b,Kepler-392,2,5.341853,0.059,1.0,0.972,0.089,0.00306,5.34,1125.0,288.660826,43.3681938
TOI-1743 b,TOI-1743,1,4.266046,0.03589,1.83,4.01,0.16326195,0.0126,3.6,485.0,257.7473322,71.8722039
HD 183263 b,HD 183263,2,624.87404,1.46,13.1,1103.1824007,1.17,3.471,2.7,263.26,292.1022982,8.3579183
K2-136 b,K2-136,3,7.97525,0.0707,1.014,4.3,0.09046318,0.01352931,24.0,610.0,67.4128615,22.8825674
HD 107148 b,HD 107148,2,48.056,0.269,9.6,66.741,0.856,0.21,0.415,582.78,184.8059773,-3.3199927
Kepler-1514 b,Kepler-1514,2,217.83184,0.753,12.419572,1678.1424,1.108,5.28,4.82,387.9,292.6274943,37.8601653
Kepler-1837 b,Kepler-1837,1,5.906089783,0.065,2.06673842,4.92,0.18438237,0.0155,3.06,1012.0,288.2076012,45.6834463
Kepler-1986 b,Kepler-1986,1,19.5489666,0.1307,1.89,4.23,0.1686148,0.0133,3.44,579.0,292.9582727,42.8548909
Kepler-114 c,Kepler-114,3,8.041,0.06482,1.6,2.8,0.143,0.009,1.18,507.0,294.121482,48.3497977
Kepler-20 c,Kepler-20,6,10.8540774,0.0936,2.894,11.1,0.25818583,0.03492451,2.51,828.0,287.6979913,42.3385782
Kepler-1093 c,Kepler-1093,2,89.722292,0.41037,1.96,4.5,0.17485949,0.0142,3.28,508.0,284.9780251,41.4202077
Kepler-934 b,Kepler-934,1,55.6738309,0.2658,2.09,5.02,0.18645731,0.0158,3.02,384.0,290.2884494,43.7552623
Kepler-946 b,Kepler-946,1,11.79162572,0.1002,1.93,4.38,0.17218307,0.0138,3.35,857.0,300.9295551,44.028671
Kepler-696 b,Kepler-696,1,4.190425575,0.0535,6.14,31.3,0.54777411,0.0984,0.743,1234.0,293.4965906,41.1375635
Kepler-1448 b,Kepler-1448,1,12.27065865,0.1058,1.61,3.22,0.14363458,0.0101,4.24,811.0,287.8674123,50.5955846
TOI-4551 b,TOI-4551,1,9.95581,0.0994,11.85910158,473.56432643,1.058,1.49,1.74,1655.0,184.9787579,-25.8278531
Kepler-189 c,Kepler-189,2,20.134866,0.137,2.38,22.7,0.212,0.071,9.25,544.0,287.5646296,44.3050662
HD 46375 b,HD 46375,1,3.023573,0.0398,10.0,71.8,0.894,0.226,0.395,1221.4,98.3030763,5.4625071
HD 95872 b,HD 95872,1,4375.0,5.15,13.0,1188.6842,1.16,3.74,2.97,103.45,165.8658796,-22.0943303
Kepler-1754 b,Kepler-1754,1,8.195949554,0.0718,2.43996509,6.53,0.21767948,0.0205,2.47,672.0,295.4570818,50.0771838
TIC 4672985 b,TIC 4672985,1,69.048,0.33,11.5004142,4049.13390518,1.026,12.74,14.6,517.2,38.4706782,-10.6573827
K2-100 b,K2-100,1,1.6739035,0.0301,3.88,21.8,0.34615101,0.06859047,2.04,1841.0,129.6010863,20.1060074
Kepler-1387 b,Kepler-1387,1,2.279526656,0.031,0.93,0.749,0.08296904,0.00236,5.12,1123.0,292.4403029,43.2093456
Kepler-1412 b,Kepler-1412,1,3.6146051,0.04608,0.83,0.498,0.07404764,0.00157,4.79,1397.0,292.1801539,49.202481
K2-80 b,K2-80,3,19.0918,0.135,2.01,4.7,0.17932019,0.0148,3.18,666.05,59.037486,13.5590288
Kepler-1222 b,Kepler-1222,1,1.916944254,0.02801,0.79,0.418,0.07047908,0.00131,4.66,1246.0,294.889616,49.3798215
Kepler-760 c,Kepler-760,2,2.46697439,0.03489,1.48,2.79,0.13203676,0.00879,4.73,1139.0,287.5931997,44.1794278
Kepler-463 b,Kepler-463,1,8.981016833,0.07925,3.05,9.53,0.27210277,0.03,1.85,880.0,298.9368228,44.8578644
Kepler-186 d,Kepler-186,5,13.342996,0.0781,1.4,2.54,0.125,0.008,5.09,379.0,298.652736,43.9549884
K2-4 b,K2-4,1,10.003417,0.078,2.1,5.06,0.18734945,0.0159,3.0,563.0,174.7455392,-3.9055746
Kepler-446 d,Kepler-446,3,5.148921,0.0403,1.35,2.39,0.12,0.00752,5.34,436.0,282.2501047,44.921002
TOI-2015 b,TOI-2015,2,3.348237,0.029322,3.309,9.2,0.29520972,0.02894644,1.4,530.9,232.1326528,27.361073
HAT-P-53 b,HAT-P-53,1,1.9616241,0.03159,14.773462,471.65972,1.318,1.484,0.8,1778.0,21.8711012,38.9681137
TOI-411 c,HD 22946,3,9.573083,0.1017,2.328,9.72,0.20769061,0.03058254,3.15,931.0,54.819538,-42.7630276
GJ 328 c,GJ 328,2,241.8,0.657,4.91,21.4,0.438,0.06733193,0.993,184.01,133.7819507,1.5420011
TOI-2529 b,TOI-2529,1,64.5949,0.327,11.54525012,743.71847238,1.03,2.34,2.66,636.0,118.9945352,-52.3548332
HD 139357 b,HD 139357,1,1124.79139,2.949,12.1,6315.5682755,1.08,19.871,19.6,446.97,233.8173564,53.9221505
TOI-3862 b,TOI-3862,1,1.55745774,0.02539,5.53,53.7,0.493,0.1688,1.75,1539.0,185.9005633,50.5446246
KOI-1599.01,KOI-1599,2,20.4415,0.14728,1.9,4.6,0.16950665,0.01447315,3.69,660.0,298.3738383,40.6184483
Kepler-1687 b,Kepler-1687,1,5.77954,0.0532,1.65623882,3.38,0.14775973,0.0106,4.09,598.0,289.7428363,50.7870626
Kepler-1346 b,Kepler-1346,1,3.40165668,0.044,1.58,3.12,0.14095816,0.00982,4.35,1236.0,291.841341,45.179185
TOI-5799 c,TOI-5799,2,14.010449,0.0782,1.76,3.75,0.15701695,0.0118,3.78,337.0,301.630179,15.9891418
Kepler-187 c,Kepler-187,2,10.640263,0.099,2.67,7.61,0.238,0.0239,2.2,963.0,299.7964955,44.0892448
TOI-5082.01,TOI-5082,1,4.240122,0.051204842,2.54811,7.03,0.22708083,0.0221,2.33,1164.91,106.569578,22.6831477
Kepler-364 c,Kepler-364,2,59.980627,0.312,2.15,5.27,0.192,0.0166,2.91,568.0,281.5699998,47.3986233
GJ 3021 b,GJ 3021,1,133.71,0.49,13.1,1071.04,1.17,3.37,2.62,350.0,4.0634323,-79.8514218
Kepler-361 b,Kepler-361,2,8.486616,0.086,1.45,2.7,0.129,0.00849,4.87,1060.0,296.8034146,46.7411011
Kepler-286 b,Kepler-286,4,1.796302,0.027,1.24,2.07,0.111,0.00651,5.97,1367.0,290.6761874,48.2942362
Kepler-47 c,Kepler-47,3,303.227,0.9638,4.65,3.17,0.41484521,0.00997389,0.17,267.82,295.2978883,46.9204303
HD 190984 b,HD 190984,1,4885.0,5.5,13.0,1137.82569706,1.16,3.58,2.85,152.29,302.8779827,-64.6202728
Kepler-1042 b,Kepler-1042,1,10.13202575,0.0756,2.19,5.43,0.19537871,0.0171,2.84,574.0,288.6689428,39.8239935
Kepler-516 b,Kepler-516,1,24.85462415,0.1992,5.74,27.9,0.5120885,0.0878,0.811,1095.0,295.6087625,38.7357368
TOI-1260 d,TOI-1260,3,16.608164,0.1116,3.12,11.84,0.27834824,0.03725281,2.14,499.0,157.1440712,65.8541986
HD 16141 b,HD 16141,1,75.523,0.36,10.9,82.6358,0.971,0.26,0.351,562.87,38.8323674,-3.5624887
Kepler-1343 b,Kepler-1343,1,3.35183158,0.0449,1.93,4.38,0.17218307,0.0138,3.35,1294.0,294.294483,50.725385
Kepler-119 b,Kepler-119,2,2.422082,0.035,3.6,12.6,0.321,0.0398,1.48,1213.0,295.9463854,42.6588324
Kepler-1591 b,Kepler-1591,1,8.18504949,0.0794,1.27,2.15,0.11330181,0.00678,5.77,892.0,296.5166659,44.6086233
HD 103720 b,HD 103720,1,4.5557,0.0498,14.1,197.046,1.26,0.62,0.386,926.24,179.1713308,-2.7791393
TOI-564 b,TOI-564,1,1.651144,0.02734,11.43318,464.98529,1.02,1.463,1.7,1714.0,130.2951535,-16.0363275
Kepler-1057 b,Kepler-1057,1,14.08827448,0.1138,3.36,11.2,0.29975912,0.0354,1.62,724.0,297.4521311,41.5580816
Kepler-1378 b,Kepler-1378,1,11.95398936,0.0885,2.2,5.48,0.19627085,0.0172,2.83,525.0,297.373403,40.3663986
TOI-481 b,TOI-481,1,10.33111,0.097,11.09691,486.2799,0.99,1.53,1.96,1370.0,110.5126861,-57.384998
Kepler-847 b,Kepler-847,1,2.343231895,0.0315,1.18,1.76,0.10527255,0.00553,5.89,1054.0,283.5048144,49.4509371
Kepler-742 b,Kepler-742,1,8.360868238,0.0744,3.24,10.6,0.28905344,0.0332,1.71,690.0,283.8659676,46.7896522
HD 23472 e,HD 23472,5,7.90754,0.068,0.818,0.72,0.0729772,0.00226537,7.5,723.0,55.4590314,-62.7672667
HD 73344 c,HD 73344,3,65.94,0.3388,13.5,118.54999581,1.2,0.373,0.265,562.57,129.6894456,23.6852651
Kepler-936 b,Kepler-936,1,10.56134221,0.0954,1.45,2.7,0.12936034,0.00849,4.87,867.0,293.5777958,46.7362953
TOI-257 b,TOI-257,1,18.38818,0.1528,7.16253867,43.86032017,0.639,0.138,0.65,1027.0,47.5172608,-50.8322632
HD 105618 b,HD 105618,2,10.02245,0.091,5.44,25.42627256,0.485,0.08,0.868,1023.19,182.4021288,11.2115695
TOI-1301.01,TOI-1301,1,6.096407209,0.059866,2.477,6.7,0.22098352,0.0211,2.42,737.36,275.8625432,71.5817479
K2-208 b,K2-208,1,4.19097,0.04878,1.67462172,3.45,0.1494,0.0108,4.04,1122.0,20.7789809,0.8890076
Kepler-616 d,Kepler-616,3,51.06740189,0.2749,2.653,7.52,0.23668521,0.0237,2.21,499.0,294.989137,46.8383058
Kepler-1497 b,Kepler-1497,1,8.74199772,0.0817,1.66,3.39,0.14809528,0.0107,4.07,924.0,296.196155,45.6343124
Kepler-981 b,Kepler-981,1,4.469757736,0.0535,2.31,5.95,0.2060844,0.0187,2.65,1103.0,289.2489051,47.6501141
K2-111 b,K2-111,2,5.3518963,0.0565,1.837,5.35,0.16388645,0.01683298,5.065359,1293.0,59.8903081,21.2985263
Kepler-176 b,Kepler-176,4,5.433074,0.058,1.43,290.537,0.128,0.91413163,179.0,841.0,294.6679021,43.8532104
Kepler-290 c,Kepler-290,3,36.77031,0.205,2.7,7.75,0.241,0.0244,2.16,437.0,286.4100307,42.6815137
TOI-544 b,TOI-544,2,1.548352,0.0225,2.018,2.89,0.18003421,0.00909296,1.93,999.0,82.2900716,-0.3428983
HD 220842 b,HD 220842,1,218.47,0.74,13.1,1010.6994,1.17,3.18,2.47,397.62,351.6534162,56.8871415
Kepler-726 b,Kepler-726,1,21.80451088,0.1406,3.26,10.7,0.29083772,0.0336,1.7,543.0,291.7172776,44.8873466
Kepler-1540 b,Kepler-1540,1,125.4131177,0.4426,2.49,6.76,0.22214292,0.0213,2.41,266.0,283.3445555,41.2017544
Kepler-594 b,Kepler-594,1,13.64618192,0.1089,2.18,5.39,0.19448657,0.017,2.86,678.0,288.9217259,49.7620237
Kepler-803 b,Kepler-803,1,50.28638192,0.26721,3.79,13.8,0.33812115,0.0434,1.39,543.0,299.2216728,44.6939033
Kepler-1732 b,Kepler-1732,1,32.31240082,0.2015,4.09903273,15.7,0.36569184,0.0496,1.25,699.0,292.2910129,37.5807686
61 Vir d,61 Vir,3,123.01,0.476,5.11,22.9,0.456,0.072,0.943,382.51,199.596455,-18.3157745
HD 156668 c,HD 156668,2,811.3,1.57,6.17,31.49679513,0.55,0.0991,0.737,166.08,259.4183491,29.228161
WASP-126 b,WASP-126,2,3.28883,0.0449,10.51358773,90.3,0.93796109,0.28411415,0.41,1480.0,63.374706,-69.2265926
Kepler-225 c,Kepler-225,2,18.794234,0.111,1.84,4.04,0.164,0.0127,3.56,412.0,292.1939846,47.4570808
Kepler-143 b,Kepler-143,2,16.007583,0.127,2.41,6.39,0.215,0.0201,2.51,838.0,298.0676519,49.412541
Kepler-269 b,Kepler-269,2,5.326718,0.061,2.47,6.66,0.22,0.021,2.43,1007.0,290.2151459,41.775981
Kepler-1759 b,Kepler-1759,1,3.720230103,0.0429,0.9037791,0.676,0.08062991,0.00213,5.03,954.0,298.4656275,48.5593334
Kepler-927 b,Kepler-927,1,9.1149903,0.0866,1.72,3.61,0.15344812,0.0113,3.9,906.0,289.3834807,41.3926651
Kepler-1215 b,Kepler-1215,1,4.76703963,0.0528,1.22,1.98,0.10884111,0.00624,5.99,1046.0,297.4636477,48.1813978
Kepler-83 c,Kepler-83,3,20.09,0.11796,2.36,2.03,0.211,0.00638709,0.38,362.0,282.2325197,43.6655662
Kepler-321 b,Kepler-321,2,4.915379,0.057,1.77,3.78,0.158,0.0119,3.75,1042.0,294.4536991,44.1457626
K2-212 b,K2-212,1,9.795647,0.0785,2.65,7.51,0.23641757,0.0236,2.22,542.0,18.4241015,3.0970732
Kepler-1733 b,Kepler-1733,1,9.229579926,0.0933,3.63582354,12.8,0.32436701,0.0404,1.46,1021.0,291.1384628,37.8592447
HIP 14810 d,HIP 14810,3,981.8,1.94,14.1,187.5197,1.26,0.59,0.368,198.54,47.809275,21.0971302
Kepler-367 c,Kepler-367,2,53.578637,0.253,1.2,1.87,0.107,0.00588,5.95,357.0,297.292558,49.9817499
Kepler-176 e,Kepler-176,4,51.16579,0.25654,1.45,0.52075,0.12936034,0.00163846,0.041,398.0,294.6679021,43.8532104
Kepler-357 c,Kepler-357,3,16.85837,0.12,2.67,7.61,0.238,0.0239,2.2,576.0,291.2429746,44.0086337
Kepler-462 c,Kepler-462,2,207.62,0.7584,4.0,6.0,0.3568561,0.01887802,0.4,453.0,299.8211502,43.8142793
Kepler-865 b,Kepler-865,2,14.16399294,0.1057,2.49,6.76,0.22214292,0.0213,2.41,694.0,297.7242257,43.5272796
Kepler-194 c,Kepler-194,3,17.308032,0.131,2.59,7.22,0.231,0.0227,2.28,815.0,291.971429,47.8640498
TOI-763 c,TOI-763,2,12.2737,0.1011,2.63,9.32,0.23463288,0.02932385,2.82,800.0,194.468098,-39.7580613
Kepler-1244 b,Kepler-1244,1,3.70428172,0.0502,1.35,2.39,0.12043893,0.00752,5.34,1839.0,282.3012505,46.5161814
HD 50499 b,HD 50499,2,2447.1,3.833,13.5,519.96988,1.2,1.636,1.16,174.69,103.008075,-33.915267
HD 108236 c,HD 108236,5,6.203449,0.062,2.071,4.94,0.18476224,0.0155,3.06,932.0,186.5740627,-51.3630519
Kepler-312 c,Kepler-312,2,19.747412,0.153,3.15,10.1,0.281,0.0317,1.78,754.0,298.3957687,42.4597712
HD 20794 f,HD 20794,4,647.6,1.3541,2.28,5.82,0.203,0.01831177,2.7,214.52,49.9997666,-43.0666533
Proxima Cen b,Proxima Cen,2,11.18465,0.04848,1.02,1.055,0.0913,0.0033194,5.46,218.0,217.3934657,-62.6761821
Kepler-374 b,Kepler-374,3,1.897806,0.029,1.03,1.08,0.092,0.0034,5.43,1761.0,294.1378921,42.3704075
Kepler-744 b,Kepler-744,1,12.06222443,0.09735,1.62,3.26,0.14452672,0.0102,4.21,750.0,296.4960493,47.1827848
Kepler-1761 b,Kepler-1761,1,4.043540001,0.0413,1.39109603,2.51,0.12410549,0.00791,5.12,613.0,284.1329728,49.1426325
K2-48 b,K2-48,1,20.5065,0.1344,2.24,5.65,0.19983941,0.0178,2.76,550.56,176.1233077,3.2723812
HD 21749 c,GJ 143,2,7.78993,0.0695,0.892,3.7,0.07957891,0.01164144,31.93,701.0,51.7501882,-63.500166
Kepler-1282 b,Kepler-1282,1,2.131946513,0.0335,1.55,3.02,0.13828174,0.00951,4.46,1418.0,290.1761688,46.6983036
Qatar-6 b,Qatar-6,1,3.506195,0.0423,11.903958,212.31044,1.062,0.668,0.692,1006.0,222.2100773,22.1526136
Kepler-1595 b,Kepler-1595,1,4.56380468,0.051,1.23,2.04,0.10973325,0.00642,6.02,980.0,285.7227502,43.0094855
HD 68988 c,HD 68988,2,16000.0,13.2,12.2,4776.96095721,1.09,15.03,14.5,87.5,124.5935429,61.4608518
Kepler-1479 b,Kepler-1479,1,14.53261362,0.11341,1.83,4.01,0.16326166,0.0126,3.6,746.0,285.7119953,49.7067574
KOI-984 c,KOI-984,2,21.512,0.1467,14.1,209.8,1.25,0.66010462,0.411,597.0,291.0489438,36.8400772
HD 99109 b,HD 99109,1,439.29999,1.11,14.3,139.8452,1.28,0.44,0.263,239.32,171.0715576,-1.529761
HD 22532 b,HD 22532,1,872.6,1.9,13.4,673.79622284,1.19,2.12,1.54,420.41,53.8148478,-49.4172669
Kepler-194 b,Kepler-194,3,2.092281,0.032,1.51,2.89,0.135,0.00909,4.61,1648.0,291.971429,47.8640498
Kepler-157 d,Kepler-157,3,7.02573474,0.0706,1.46,2.73,0.13025248,0.00859,4.82,969.0,291.0972257,38.8756049
HD 70573 b,HD 70573,1,851.8,1.76,12.8,1900.0,1.14,6.1,4.98,206.11,125.7079153,1.8591088
Kepler-1418 b,Kepler-1418,1,22.4764425,0.131,1.66,3.39,0.14809528,0.0107,4.07,419.0,282.9975322,41.67859
HD 115404 A b,HD 115404 A,2,10.49488,0.088,6.09,30.82935548,0.543,0.097,0.75,695.65,199.2155793,17.0160384
LHS 3154 b,LHS 3154,1,3.71778,0.02262,3.69,13.15,0.329,0.04137453,1.44,343.83,241.6367309,40.9068221
Kepler-344 b,Kepler-344,2,21.963945,0.153,2.61,7.32,0.233,0.023,2.26,643.0,292.4996101,46.3243406
Kepler-661 b,Kepler-661,1,6.029301321,0.0585,3.07,9.64,0.27388706,0.0303,1.83,678.0,283.7107463,47.8631748
HD 112570 b,HD 112570,1,2615.0,3.9,13.1,1086.97315194,1.17,3.42,2.66,364.01,194.2824262,46.1765638
Oph 11 b,Oph 11,1,7300000.0,243.0,12.3,4449.62,1.1,14.0,13.1,2175.0,245.604961,-24.0872219
K2-35 b,K2-35,2,2.399964,0.031,1.32,2.3,0.11776251,0.00724,5.5,979.0,170.1031027,1.2858679
Kepler-1468 c,Kepler-1468,3,3.54553021,0.0466,1.15,1.6,0.10259613,0.00505,5.78,1448.0,293.5198289,41.2773671
Kepler-96 b,Kepler-96,1,16.2385,0.1261,2.67,8.46,0.238,0.027,2.26,711.0,297.0698263,40.5252039
Kepler-1371 b,Kepler-1371,2,3.4462039,0.04214,0.73,0.315,0.06512624,0.00099,4.45,1015.0,288.8314251,47.5519753
Kepler-180 b,Kepler-180,2,13.817124,0.109,1.5,2.86,0.134,0.00899,4.66,781.0,295.5712566,49.774514
Kepler-1468 b,Kepler-1468,3,8.23984869,0.0817,1.73,3.64,0.15434026,0.0115,3.86,1093.0,293.5198289,41.2773671
Kepler-1104 b,Kepler-1104,1,5.03728015,0.06321,1.23,2.04,0.10973325,0.00642,6.02,1321.0,294.4685197,49.3309789
HATS-22 b,HATS-22,1,4.7228124,0.05025,10.682177,870.8542,0.953,2.74,3.89,858.0,174.0098693,-29.5433642
HD 22781 b,HD 22781,1,528.07,1.167,12.3,4338.2,1.1,13.65,12.8,193.48,55.2065581,31.8258855
NGTS-6 b,NGTS-6,1,0.882059,0.01677,14.863134,425.57437,1.326,1.339,0.711,1283.9,75.795382,-30.3994612
Kepler-1907 b,Kepler-1907,2,5.652450085,0.05444,0.86973029,0.589,0.07759227,0.00185,4.92,856.0,280.7085829,47.3279236
Kepler-291 b,Kepler-291,2,3.546511,0.047,2.16,5.31,0.193,0.0167,2.9,1212.0,287.9163029,42.4372666
Kepler-525 b,Kepler-525,1,18.68404933,0.14386,2.63,7.41,0.23463288,0.0233,2.24,832.0,296.1834239,47.3587776
Kepler-1168 b,Kepler-1168,1,55.8226539,0.2663,2.5,6.8,0.22303506,0.0214,2.39,379.0,287.2977834,47.455488
TOI-5624 c,TOI-5624,5,7.885385,0.07374,2.474,4.8,0.22071588,0.01510249,1.72,857.0,180.8443476,49.2512257
HD 18438 b,HD 18438,1,803.0,2.1,12.1,6674.396547,1.08,21.0,20.7,1208.15,46.5318358,79.41858
HD 154088 b,HD 154088,1,18.56,0.134,2.46,6.6,0.219,0.02076592,2.44,689.99,256.1164214,-28.5838342
Kepler-148 d,Kepler-148,3,51.84688575,0.2607,8.68,56.3,0.77437773,0.177,0.473,413.0,289.7861626,46.8588176
TOI-663 b,TOI-663,3,2.598902,0.0295,2.27,4.45,0.20251618,0.01400127,2.07,674.0,160.0658525,-8.5110827
Kepler-1056 b,Kepler-1056,1,27.495606,0.1629,3.01,9.32,0.26853421,0.0293,1.88,590.0,299.5259832,46.8992561
CoRoT-9 b,CoRoT-9,1,95.272656,0.4021,11.948794,266.9772,1.066,0.84,0.86,420.0,280.7866461,6.2040783
Kepler-1180 b,Kepler-1180,1,16.8601286,0.1246,1.99,4.62,0.17753591,0.0145,3.22,765.0,295.8874773,43.1559952
Kepler-1554 b,Kepler-1554,1,198.088774,0.59527,2.9,8.75,0.25872067,0.0275,1.97,288.0,286.576016,41.7415762
Kepler-1424 b,Kepler-1424,1,29.6091744,0.19068,1.16,1.65,0.10348827,0.00521,5.81,629.0,290.9916648,40.2293347
Kepler-1768 b,Kepler-1768,1,15.13589954,0.1286,2.23346338,5.62,0.1992566,0.0177,2.77,933.0,299.9572335,44.7718851
Kepler-1642 c,Kepler-1642,2,6.6513802,0.0678,2.66,7.56,0.23730931,0.0238,2.21,1095.0,297.2121215,43.643789
Kepler-1534 b,Kepler-1534,1,5.71668872,0.0599,1.89,4.23,0.16861451,0.0133,3.44,955.0,292.395373,43.8691326
Kepler-234 c,Kepler-234,2,7.21205,0.077,3.51,12.1,0.313,0.0381,1.54,1025.0,291.6535379,38.4946597
HAT-P-35 b,HAT-P-35,1,3.646706,0.04978,14.930388,335.62848,1.332,1.056,0.55,1581.0,123.250703,4.7870288
Kepler-1935 b,Kepler-1935,1,3.951400042,0.0463,2.50271696,6.82,0.22327784,0.0214,2.39,1083.0,296.4037783,39.7227036
Kepler-343 c,Kepler-343,2,23.22182,0.167,2.02,4.74,0.18,0.0149,3.16,746.0,291.960662,42.4329567
Kepler-920 c,Kepler-920,2,100.8274113,0.4029,3.8,13.8,0.33901329,0.0436,1.38,364.0,284.2969363,49.1585983
Kepler-304 e,Kepler-304,4,1.499146953,0.02317,1.2,1.87,0.10705683,0.00588,5.95,1137.0,294.4418031,40.5575408
HD 190360 b,HD 190360,3,2887.5,3.965,13.5,537.0,1.2,1.68959095,1.2,150.0,300.9092476,29.894541
Kepler-1526 b,Kepler-1526,1,3.908632005,0.0418,2.43,6.48,0.21679008,0.0204,2.48,787.0,285.1197266,38.8664618
HAT-P-64 b,HAT-P-64,1,4.007232,0.05387,19.08889413,184.34047606,1.703,0.58,0.144,1766.0,68.9743955,2.4312732
HD 92788 b,HD 92788,2,325.803,0.97,13.0,1195.0408,1.16,3.76,2.99,300.27,160.7021351,-2.1847173
KOI-3503 b,KOI-3503,2,21.185,0.14247,1.19,9.2,0.10616487,0.02894644,10.0,785.0,293.1507654,41.7291532
Kepler-1879 b,Kepler-1879,1,10.61340046,0.0957,2.06512018,4.92,0.184238,0.0155,3.07,987.0,289.3644209,41.5332589
Kepler-526 b,Kepler-526,1,5.458498316,0.06518,1.99,4.62,0.17753591,0.0145,3.22,1099.0,297.6509281,47.3962246
Kepler-541 b,Kepler-541,1,5.08005848,0.06447,3.36,11.2,0.29975912,0.0354,1.62,1673.0,294.1496529,38.458207
CoRoT-23 b,CoRoT-23,1,3.6313,0.048,11.77,889.9,1.05,2.8,3.0,1660.0,279.7826586,4.3577516
HD 28109 c,HD 28109,3,55.99712,0.308,4.13,9.2,0.36845456,0.02894644,0.7,643.0,65.2383065,-68.1026875
K2-11 b,K2-11,1,39.93767,0.2257,7.55,44.4,0.67356588,0.14,0.567,734.0,169.0418328,1.9866832
Kepler-246 b,Kepler-246,2,4.60182,0.052,2.34,6.08,0.209,0.0191,2.61,896.0,296.4834007,42.6633806
Kepler-22 b,Kepler-22,1,289.863876,0.812,2.1,9.1,0.18734977,0.0286318,5.2,279.0,289.2172051,47.8841427
Kepler-818 b,Kepler-818,1,10.035385814,0.0886,5.11,22.9,0.45588366,0.072,0.943,786.0,296.2351072,39.3702865
Kepler-1189 b,Kepler-1189,1,3.78858982,0.0467,1.77,3.78,0.15790882,0.0119,3.75,1158.0,298.4264116,47.9468194
WASP-182 b,WASP-182,1,3.3769848,0.0451,9.52765,47.03884,0.85,0.148,0.318,1479.0,311.673345,-41.8209828
EPIC 249893012 c,EPIC 249893012,3,15.624,0.13,3.67,14.67,0.32741547,0.04615675,1.62,990.0,228.2482353,-16.7246474
WASP-35 b,WASP-35,1,3.16158,0.04317,14.5717,225.6593,1.3,0.71,0.378,1338.29,76.0818912,-6.2297801
Kepler-529 c,Kepler-529,3,12.8345022,0.1075,2.0,4.66,0.17842805,0.0147,3.2,891.0,285.8884067,47.880364
HD 65216 c,HD 65216,2,5370.0,5.75,13.4,645.1949,1.19,2.03,1.47,105.87,118.4209646,-63.6466892
Kepler-313 c,Kepler-313,2,32.273273,0.208,2.57,7.13,0.229,0.0224,2.31,683.0,298.2948708,48.7754
GJ 180 c,GJ 180,3,24.329,0.129,2.41,6.4,0.215,0.02013655,2.51,290.87,73.460097,-17.776194
TOI-3629 b,TOI-3629,1,3.936551,0.043,8.29464572,82.63538582,0.74,0.26,0.8,690.0,359.7933851,39.3142556
HD 31527 d,HD 31527,3,271.6737,0.8098,3.46,11.82,0.309,0.0372,1.57,327.48,73.9096193,-23.2413163
HAT-P-61 b,HAT-P-61,1,1.90231289,0.0301,10.07687365,335.9446262,0.899,1.057,1.8,1505.0,75.4801665,50.1311784
TOI-712 c,TOI-712,3,51.69906,0.2447,2.701,7.76,0.24096749,0.0244,2.16,369.9,92.9361063,-65.8258386
TOI-2589 b,TOI-2589,1,61.6277,0.3,12.10569916,1112.3994245,1.08,3.5,3.45,592.0,107.4881501,-37.230948
NGTS-27 b,NGTS-27,1,3.3704181,0.0446,15.64773706,188.47224535,1.396,0.593,0.266,1783.0,206.0265266,-32.5229747
Kepler-84 e,Kepler-84,5,27.434389,0.181,2.6,7.27,0.232,0.0229,2.27,672.0,298.2520208,40.4960842
Kepler-1011 b,Kepler-1011,1,5.753221974,0.0633,2.87,8.6,0.25604425,0.0271,2.0,920.0,297.4015491,46.8239976
HD 137496 b,HD 137496,2,1.62116,0.02732,1.31,4.04,0.11687057,0.01271126,10.49,2130.0,231.7420543,-16.5090014
Kepler-1600 b,Kepler-1600,2,386.370548,0.98141,3.13,9.96,0.2792399,0.0313,1.78,209.0,291.3993802,38.7877563
Kepler-49 c,Kepler-49,4,10.91,0.07821,2.444,8.38,0.21803945,0.02636643,3.109679,443.0,292.2945208,40.5918123
HD 24064 b,HD 24064,1,535.59998,1.29,12.3,4096.8287,1.1,12.89,12.1,1088.02,59.1510071,74.0800789
Kepler-441 b,Kepler-441,1,207.2482,0.64,1.64,3.33,0.15,0.0105,4.15,189.0,284.566954,49.0127077
Kepler-126 c,Kepler-126,3,21.869741,0.162,1.58,1.27942148,0.141,0.00402415,1.695536,790.0,289.3473634,44.2084445
K2-14 b,K2-14,1,8.36802,0.0627,4.81,20.7,0.42911946,0.065,1.02,488.0,178.0568745,2.5941222
Kepler-748 b,Kepler-748,1,7.40742793,0.0745,2.52,6.9,0.22481934,0.0217,2.37,938.0,292.2628779,37.2369732
Kepler-1349 b,Kepler-1349,1,2.12823928,0.03421,0.7,0.271,0.06244982,0.000852,4.34,1668.0,286.3385562,48.7442697
Kepler-394 d,Kepler-394,3,5.613580227,0.05904,1.50066814,2.86,0.13388087,0.009,4.65,1165.0,296.3019792,50.6723115
Kepler-619 c,Kepler-619,3,1.208465026,0.02216,1.69,3.5,0.1507717,0.011,3.98,1767.0,290.8490899,48.4159782
Kepler-253 b,Kepler-253,3,3.783986,0.046,1.63,3.29,0.145,0.0104,4.17,949.0,291.8419337,44.858124
K2-113 b,K2-113,1,5.817685,0.0642,12.14,410.0007,1.08305826,1.29,1.97,1098.0,19.4493823,6.8688469
Kepler-898 b,Kepler-898,1,5.8706191,0.0545,1.49,2.83,0.1329289,0.00889,4.7,616.0,286.5854116,46.8708877
TOI-2107 b,TOI-2107,1,2.4545467,0.03515,13.57407563,263.79757781,1.211,0.83,0.577,1397.0,286.7965405,-58.6968348
WASP-58 b,WASP-58,1,5.01718,0.0562,16.02887,308.2951,1.43,0.97,0.45,1270.0,274.7012534,45.1722194
HD 33844 c,HD 33844,2,916.0,2.24,13.5,556.2025,1.2,1.75,1.24,360.22,78.1505649,-14.9509775
Kepler-139 c,Kepler-139,5,157.072878,0.586,3.38,13.0,0.302,0.04090257,8.702677,350.0,282.3919451,43.8894167
G 192-15 c,G 192-15,2,1219.0,1.137,3.87,14.3,0.345,0.04499283,1.36,55.9,90.6220931,49.861939
Kepler-641 b,Kepler-641,1,9.48961571,0.0895,1.85,4.08,0.16504595,0.0128,3.54,926.0,291.8235292,42.5161945
75 Cet b,75 Cet,2,696.62,1.912,13.3,787.89662095,1.18,2.479,1.84,540.31,38.0391598,-1.0350269
HD 164595 b,HD 164595,1,40.0,0.23,4.16,16.14,0.371,0.05078186,1.23,589.0,270.1613723,29.5726698
Kepler-217 c,Kepler-217,3,8.586004,0.089,1.85,4.08,0.165,0.0128,3.54,1208.0,293.0377331,46.2775223
Kepler-235 d,Kepler-235,4,20.060548,0.122,2.05,4.86,0.183,0.0153,3.1,401.0,286.0790779,39.278237
Kepler-642 b,Kepler-642,1,4.41745855,0.05631,2.9,8.75,0.25872067,0.0275,1.97,1810.0,293.8345542,42.624948
Kepler-457 d,KOI-7892,3,10.6906004,0.0996,2.98467257,9.19,0.26627511,0.0289,1.9,1008.0,282.3775397,44.694569
HD 180314 b,HD 180314,1,394.73,1.448,12.0,7216.92963775,1.07,22.707,22.9,597.64,288.7094401,31.8604391
Kepler-868 b,Kepler-868,1,5.03251791,0.0575,2.05,4.86,0.18288875,0.0153,3.1,1047.0,282.3635315,46.6752384
Kepler-551 b,Kepler-551,1,12.3764661,0.0893,2.73,7.9,0.24355429,0.0249,2.13,483.0,285.485045,48.0543774
bet Cnc b,bet Cnc,1,605.2,1.7,12.6,2479.0,1.12,7.8,6.81,1039.74,124.1286379,9.1853306
Kepler-153 b,Kepler-153,2,18.870227,0.129,2.92,8.85,0.261,0.0279,1.95,621.0,282.460502,48.2570293
Kepler-181 c,Kepler-181,2,4.302149,0.049,1.99,4.62,0.178,0.0145,3.22,937.0,296.1512831,50.0957806
HD 97037 b,HD 97037,1,6449.08337,6.925,12.1,6707.76852973,1.08,21.105,20.8,120.99,167.5545621,-7.3901483
Kepler-776 b,Kepler-776,1,4.89718784,0.0523,1.28,2.18,0.11419395,0.00687,5.71,904.0,287.2726117,41.6356009
HD 30177 c,HD 30177,2,11320.0,9.9,12.9,1484.25866069,1.15,4.67,3.8,87.87,70.4770964,-58.0208085
TOI-712 b,TOI-712,3,9.531361,0.07928,2.049,4.85,0.18279985,0.0153,3.1,650.0,92.9361063,-65.8258386
DMPP-2 b,DMPP-2,3,5.203,0.06638,14.2,171.48,1.27,0.53953642,0.329,1000.0,27.407731,-34.4590985
TOI-3288 b,TOI-3288,1,1.4338647,0.02285,12.24020692,536.17652261,1.092,1.687,1.6,973.0,297.1103158,-43.0180008
Kepler-1413 b,Kepler-1413,1,13.1829642,0.1066,1.82,3.97,0.16236952,0.0125,3.62,661.0,294.3416065,46.4987624
HIP 5158 c,HIP 5158,2,9017.76,7.7,12.2,4780.1632,1.09,15.04,14.5,72.63,16.5094891,-22.4536134
HATS-60 b,HATS-60,1,3.560829,0.04708,12.923977,210.40346,1.153,0.662,0.537,1528.0,341.3640336,-14.9917747
Kepler-465 b,Kepler-465,1,9.940672466,0.09195,2.95,9.01,0.26318137,0.0283,1.93,996.0,284.5557853,46.0638865
Kepler-953 c,Kepler-953,2,9.10967112,0.0862,1.19,1.81,0.10616469,0.0057,5.9,873.0,288.9716297,44.6246451
HD 189567 b,HD 189567,2,14.288,0.111,2.85,8.5,0.254,0.02674399,2.02,845.16,301.3959616,-67.3237992
Wolf 503 b,Wolf 503,1,6.00127,0.05706,2.043,6.26,0.18226457,0.01969616,2.92,790.0,206.8461979,-6.1393369
Kepler-1525 b,Kepler-1525,1,2.416601183,0.03557,0.91,0.693,0.08118476,0.00218,5.05,1343.0,290.5594479,49.9428629
Kepler-1009 b,Kepler-1009,1,11.35011917,0.0796,2.17,5.35,0.19359443,0.0168,2.88,403.0,282.8598614,42.6658336
Kepler-250 c,Kepler-250,3,7.156804,0.069,2.28,5.82,0.203,0.0183,2.7,782.0,289.5947633,44.1418114
HD 215497 c,HD 215497,2,566.0,1.31,13.0,111.23994245,1.16,0.35,0.278,198.6,341.652714,-56.5997984
Kepler-1420 b,Kepler-1420,1,6.69960006,0.0671,1.28,2.18,0.11419395,0.00687,5.71,806.0,296.2038586,42.7778165
TOI-672 b,TOI-672,1,3.633581,0.0376,5.31,50.9,0.47372729,0.16014931,1.86,699.5,167.9908627,-39.3281151
TOI-1696 b,TOI-1696,1,2.500311,0.0229,3.09,48.8,0.27567181,0.15354197,9.44,489.0,65.280648,48.8198312
Kepler-1514 c,Kepler-1514,2,10.514181,0.0997,1.1758241,1.74,0.1049,0.00546,5.88,1066.0,292.6274943,37.8601653
HD 95089 c,HD 95089,2,1785.0,3.33,13.1,1096.5135,1.17,3.45,2.68,292.91,164.698748,1.7290087
Kepler-1562 b,Kepler-1562,1,64.2737752,0.3308,3.55,12.3,0.31670979,0.0388,1.51,554.0,294.4556567,46.7435353
HD 20781 d,HD 20781,5,29.158,0.1647,3.25,10.61,0.29,0.0334,1.7,570.19,50.0139757,-28.7841175
Kepler-79 e,Kepler-79,4,81.0665,0.39445,3.53,3.8,0.31492605,0.01195614,0.48,511.0,300.5171067,44.3815508
Kepler-235 c,Kepler-235,4,7.824904,0.065,1.28,2.18,0.114,0.00687,5.71,555.0,286.0790779,39.278237
HATS-31 b,HATS-31,1,3.37796,0.0478,18.38276,279.6904,1.64,0.88,0.243,1823.0,191.7028214,-24.4273897
Kepler-20 d,Kepler-20,6,77.611455,0.3474,2.606,13.4,0.23249215,0.04216111,4.1,430.0,287.6979913,42.3385782
HD 69830 b,HD 69830,3,8.667,0.0785,3.17,10.2,0.283,0.0321,1.76,872.84,124.6010091,-12.6364246
TOI-904 b,TOI-904,2,10.8772,0.056,2.426,6.46,0.2164336,0.0203,2.49,429.43,89.3712733,-83.1297264
DMPP-1 c,DMPP-1,4,10.03,0.0973,3.31,10.94,0.295,0.03442109,1.66,1239.0,86.7761233,-10.6303217
TOI-1268 b,TOI-1268,1,8.1577094,0.0711,9.1,96.4,0.81184902,0.30330832,0.71,918.9,198.3885831,62.3053799
Kepler-947 b,Kepler-947,1,26.9644317,0.1773,2.28,5.82,0.20340798,0.0183,2.7,573.0,294.3667312,42.2526408
TOI-1246 c,TOI-1246,4,5.904137,0.061,2.45109846,9.1,0.21867273,0.0286318,3.39,862.49,251.1158702,70.4299917
Kepler-1402 b,Kepler-1402,1,2.03387914,0.0322,0.76,0.363,0.06780266,0.00114,4.54,1789.0,291.8478341,48.9681664
HD 204313 e,HD 204313,3,7325.64666,7.457,12.2,4868.17771002,1.09,15.317,14.7,106.81,322.0510568,-21.7274194
Kepler-454 d,Kepler-454,3,4073.0,5.1,13.3,734.18362017,1.19,2.31,1.71,125.37,287.4786474,38.2290751
K2-27 b,K2-27,1,6.771347,0.06702,4.74,30.2,0.4228752,0.09501983,1.71,836.0,171.5151874,1.2306237
gam1 Leo b,gam1 Leo,1,428.5,1.19,12.5,2790.43,1.12,8.78,7.85,1080.7,154.993208,19.841389
Kepler-689 b,Kepler-689,1,22.36656079,0.1449,2.89,8.7,0.25782853,0.0274,1.98,536.0,294.7106347,39.5216975
HD 211970 b,HD 211970,1,25.201,0.143,3.66,13.0,0.327,0.04090237,1.46,398.77,335.5661579,-54.5596006
Kepler-271 b,Kepler-271,3,10.43547805,0.08784,1.23,2.04,0.10973325,0.00642,6.02,759.0,283.0029316,44.284108
CoRoT-24 c,CoRoT-24,2,11.759,0.098,5.0,28.0,0.44,0.088,1.3,850.0,101.922543,-3.7192892
K2-21 c,K2-21,2,15.50192,0.107,2.49,6.76,0.22214292,0.0213,5.4,420.0,340.3037846,-14.4893256
Kepler-1205 b,Kepler-1205,1,1.078390352,0.0196,1.41,2.57,0.12579177,0.00809,5.04,1667.0,290.2796734,41.5150499
Kepler-1814 c,Kepler-1814,2,0.626281766,0.0133,1.76,3.75,0.15701695,0.0118,3.78,1711.0,285.2166767,41.2824449
HD 73526 c,HD 73526,2,379.1,1.03,13.3,715.09,1.19,2.25,1.67,329.17,129.318331,-41.3184231
Kepler-1067 c,Kepler-1067,2,5.425839901,0.06069,1.74682428,3.7,0.15584149,0.0116,3.81,973.0,285.3873706,45.0490265
HD 94771 b,HD 94771,1,2164.0,3.48,14.2,169.0,1.27,0.53,0.324,200.79,163.9746776,-35.1145225
Kepler-336 c,Kepler-336,3,9.600001,0.092,2.1,5.06,0.187,0.0159,3.0,967.0,290.2376224,41.3313637
Kepler-252 b,Kepler-252,2,6.668391,0.058,1.23,2.04,0.11,0.00642,6.02,587.0,295.579329,44.5459052
EPIC 201841433 b,EPIC 201841433,1,4.1698,0.035,1.04,1.12,0.09278259,0.00352,5.47,1032.49,175.206752,6.1348146
WASP-75 b,WASP-75,1,2.484193,0.0375,14.235,340.06,1.27,1.07,0.69,1710.0,342.3858995,-10.6754686
Kepler-1181 b,Kepler-1181,2,4.89337519,0.0621,1.57,3.09,0.14006602,0.00972,4.39,1374.0,289.7473165,39.5234131
TOI-6884 b,TOI-6884,1,4.808264,0.0629,10.39072511,8365.24367224,0.927,26.32,41.0,1652.0,193.0087935,26.673951
Kepler-423 b,Kepler-423,1,2.6843285,0.03585,13.361,189.101,1.192,0.595,0.459,1605.0,292.8557189,46.3911883
HD 47366 b,HD 47366,2,360.08,1.207,13.4,661.71874337,1.19,2.082,1.51,577.05,99.4200181,-12.9856593
Kepler-65 d,Kepler-65,4,8.13123,0.084,1.52,4.14,0.136,0.013,5.7,1117.0,288.6887221,41.1511076
K2-79 b,K2-79,1,10.995039,0.0987,4.15,5.9,0.37023884,0.01856348,0.476928,1033.0,55.2559307,13.5191871
Kepler-1395 b,Kepler-1395,1,3.78470649,0.04974,0.8,0.437,0.07137122,0.00137,4.69,1311.0,292.3374945,47.6641732
Kepler-201 b,Kepler-201,2,25.672083,0.175,2.46,6.62,0.219,0.0208,2.44,683.0,293.626059,41.2728004
Kepler-1518 b,Kepler-1518,2,5.11177904,0.0593,3.05,9.53,0.27210277,0.03,1.85,1351.0,300.3323404,44.9861065
Kepler-1383 b,Kepler-1383,1,13.9093583,0.11397,1.41,2.57,0.12579177,0.00809,5.04,928.0,297.9447714,42.1918449
Kepler-229 c,Kepler-229,3,16.068638,0.117,4.92,21.5,0.439,0.0676,0.992,600.0,286.9994758,48.3757867
Kepler-800 b,Kepler-800,1,14.13176026,0.1106,2.85,8.5,0.25425997,0.0267,2.02,675.0,286.5747697,44.7951858
Kepler-561 b,Kepler-561,2,58.3620495,0.29256,6.96,38.7,0.62092961,0.122,0.631,446.0,293.7471107,45.1071981
HD 21693 b,HD 21693,2,22.6786,0.1455,2.8,8.23,0.25,0.0259,2.06,656.39,51.8040469,-58.3232726
GJ 4276 b,GJ 4276,1,13.352,0.082,4.22,16.57,0.377,0.05213479,1.21,363.86,336.3221454,59.412503
14 Her b,14 Her,2,1766.41,2.839,12.5,2828.6728223,1.12,8.9,7.96,147.32,242.6021014,43.8163621
Kepler-1272 b,Kepler-1272,1,51.1309704,0.2705,2.37,6.21,0.21143724,0.0195,2.56,542.0,285.2197605,38.8058393
GJ 229 b,GJ 229,2,579.47495,1.086,3.97,14.93793513,0.354,0.047,1.31,111.85,92.6435993,-21.8677233
Kepler-137 c,Kepler-137,2,18.735753,0.13,1.88,4.19,0.168,0.0132,3.47,568.0,282.1355875,43.0391951
HD 47536 b,HD 47536,1,712.13,1.93,12.6,2330.0,1.13,7.32,6.4,736.52,99.448958,-32.3394531
GJ 414 A b,GJ 414 A,2,50.8,0.2324,2.63,7.6,0.23463288,0.02391215,2.3,308.6,167.7745044,30.4451688
Kepler-309 c,Kepler-309,2,105.356383,0.401,2.51,6.85,0.224,0.0215,2.38,204.0,297.5098911,46.9614121
GJ 422 b,GJ 422,1,20.129,0.111,3.33,11.07,0.297,0.03482994,1.65,292.68,168.9810458,-57.5425629
HD 48948 b,HD 48948,3,7.34013,0.0652,2.06,4.88,0.183,0.0153542,3.07,957.0,102.489811,60.3373133
Kepler-722 b,Kepler-722,2,4.093573252,0.0514,2.63,7.41,0.23463288,0.0233,2.24,1182.0,290.2632874,44.5564051
HD 220074 b,HD 220074,1,672.09998,1.6,12.2,5288.6912,1.09,16.64,16.0,1069.88,350.0599827,61.9701062
24 Boo b,24 Boo,1,30.33,0.194,13.9,280.64248338,1.24,0.883,0.574,1840.86,217.1555242,49.8446488
HD 180617 b,HD 180617,1,105.911,0.343,3.53,12.214,0.315,0.03842935,1.53,201.8,289.2277322,5.1631615
HD 74156 c,HD 74156,2,2448.48726,3.678,12.5,2753.98314665,1.12,8.665,7.75,187.52,130.6047813,4.5772338
Kepler-1478 b,Kepler-1478,1,26.0840594,0.1681,1.73,3.64,0.15434026,0.0115,3.86,598.0,293.1650085,41.746184
Kepler-418 c,Kepler-418,2,12.21829987,0.10632,5.22108654,23.7,0.46579494,0.0747,0.915,835.0,294.4335228,38.3554729
Kepler-333 c,Kepler-333,2,24.08821,0.135,1.11,1.41,0.099,0.00444,5.67,386.0,292.2861201,40.9135429
HD 79498 b,HD 79498,1,1807.0,2.98,13.6,425.8922,1.22,1.34,0.93,164.53,138.7885794,23.3748792
Kepler-203 c,Kepler-203,3,5.370647,0.061,2.47,749.9,0.22,2.36,273.0,1096.0,297.089959,41.3880686
TOI-1203.01,TOI-1203,4,25.502672,0.1632,2.918,7.39,0.26032697,0.02325154,1.63,743.6,168.2267358,-34.4069371
Kepler-238 d,Kepler-238,5,13.233549,0.115,3.07,23.1,0.274,0.07268073,2.95,888.0,287.8971066,40.6378141
Kepler-221 b,Kepler-221,4,2.795906,0.037,1.71,5.95575,0.153,0.01873889,0.19,1090.0,296.6547477,46.8352242
Kepler-745 b,Kepler-745,1,9.93143556,0.0915,2.16,5.31,0.19270229,0.0167,2.9,931.0,291.4994412,37.0592571
Kepler-810 b,Kepler-810,1,4.59725385,0.055,1.93,4.38,0.17218307,0.0138,3.35,1105.0,296.6148615,48.0825642
Kepler-1365 c,Kepler-1365,2,4.77468005,0.05701,0.8,0.437,0.07137122,0.00137,4.69,1137.0,292.1996573,42.0459944
Kepler-353 b,Kepler-353,2,5.795278,0.051,0.89,0.64,0.079,0.00201,4.99,534.0,296.8565596,41.7580749
HD 28109 d,HD 28109,3,84.2899,0.411,3.11,5.8,0.27745609,0.01824884,1.1,561.0,65.2383065,-68.1026875
CoRoT-21 b,CoRoT-21,1,2.72474,0.0417,14.5717,718.2958,1.3,2.26,1.36,2044.44,101.0526207,-0.2991544
HD 20003 c,HD 20003,2,33.9239,0.1964,3.89,14.44,0.347,0.0454,1.35,573.89,46.9090081,-72.3219221
Kepler-716 b,Kepler-716,2,10.37168453,0.08628,2.9,8.75,0.25872067,0.0275,1.97,720.0,290.3931809,43.3638577
TOI-4034 b,TOI-4034,1,1.8020932,0.03289,17.71018951,276.51071409,1.58,0.87,0.275,1907.0,335.1469845,71.7673462
Kepler-101 b,Kepler-101,2,3.4876812,0.0474,5.77,51.1,0.51,0.16,1.45,1513.0,283.255507,48.3552474
HAT-P-4 b,HAT-P-4,1,3.056536,0.04438,14.28,213.255,1.274,0.671,0.403,1686.0,229.99122,36.229545
Kepler-619 d,Kepler-619,3,11.67894236,0.1021,4.17,16.2,0.37202312,0.051,1.23,830.0,290.8490899,48.4159782
Kepler-411 c,Kepler-411,4,7.834435,0.0739,4.421,26.4,0.3944152,0.08306327,1.7,838.0,287.6057027,49.5233937
Kepler-1601 b,Kepler-1601,1,2.20921951,0.03281,0.82,0.477,0.0731555,0.0015,4.75,1507.0,285.5129496,38.079839
HD 134606 b,HD 134606,5,12.089,0.1046,2.97,9.09,0.265,0.02860034,1.91,894.63,228.8103897,-70.5203328
K2-66 b,K2-66,1,5.06963,0.05983,2.49,21.3,0.22214292,0.06701696,7.8,1372.0,331.5266563,-10.7115362
TOI-1691 b,TOI-1691,1,16.736888935,0.129365,3.66,14.6,0.32652389,0.04593674,1.76,703.49,272.4041179,86.860343
K2-230 b,K2-230,1,2.86041,0.0409,1.96,4.5,0.17485949,0.0142,3.28,1529.0,191.363117,-6.576051
HD 20003 b,HD 20003,2,11.8482,0.0974,3.43,11.66,0.306,0.0367,1.59,814.93,46.9090081,-72.3219221
Kepler-1026 b,Kepler-1026,1,36.5156053,0.1977,2.21,5.52,0.19716299,0.0174,2.81,425.0,283.6053012,39.9979286
Kepler-445 b,Kepler-445,3,2.984151,0.0217,1.58,3.12,0.14,0.00982,4.35,401.0,298.7363395,46.4991236
K2-117 b,K2-117,2,1.2916,0.0189,2.03,4.78,0.18110447,0.015,3.14,868.0,133.8557342,10.4692176
Kepler-138 d,Kepler-138,4,23.0923,0.1288,1.51,2.1,0.13471341,0.00660734,3.6,345.0,290.3814122,43.2930645
Kepler-540 b,Kepler-540,1,172.7049784,0.58822,2.71,7.8,0.24177001,0.0245,2.15,355.0,290.6249953,44.8737757
Kepler-33 c,Kepler-33,5,13.17562,0.1189,3.2,0.39,0.285,0.00122707,0.13,1009.0,289.0775348,46.0051696
KELT-10 b,KELT-10,1,4.1662739,0.0525,15.681391,215.80657,1.399,0.679,0.308,1377.0,284.5483823,-47.0033072
Kepler-583 b,Kepler-583,1,6.5100253,0.0689,2.28,5.82,0.20340798,0.0183,2.7,1017.0,282.1113206,42.3545514
HD 62364 c,HD 62364,2,74839.94555,36.984,12.0,7923.46218651,1.07,24.93,25.2,58.7,113.9052658,-75.5442707
Kepler-1649 c,Kepler-1649,2,19.53527,0.0649,1.06,1.2,0.09456687,0.00377,5.54,234.0,292.5029676,41.8299933
Kepler-1167 b,Kepler-1167,1,1.003933739,0.0175,1.71,3.57,0.15255598,0.0112,3.92,1419.0,298.3026595,47.6939654
HD 100508 b,HD 100508,1,5681.0,6.11,13.7,381.3940884,1.22,1.2,0.815,106.66,173.3014057,-67.0546386
WASP-57 b,WASP-57,1,2.83891856,0.03769,11.76945,204.68252,1.05,0.644,0.693,1338.0,223.8199788,-2.0576866
Kepler-1779 b,Kepler-1779,1,16.34359932,0.1264,3.03295685,9.44,0.27058275,0.0297,1.86,730.0,300.4174607,45.6054854
Kepler-1770 b,Kepler-1770,1,16.84189987,0.1261,2.84141754,8.45,0.25349473,0.0266,2.02,699.0,299.2502851,43.4103663
Kepler-216 b,Kepler-216,2,7.693641,0.079,2.35,6.12,0.21,0.0193,2.59,1069.0,293.7280695,46.1291139
TOI-2768 b,TOI-2768,1,1.50801,0.027,2.63,7.41,0.23463329,0.0233,2.24,855.0,99.3641336,-15.4812031
Kepler-529 d,Kepler-529,3,35.86619949,0.2134,2.79502603,8.22,0.24935595,0.0259,2.07,633.0,285.8884067,47.880364
Kepler-381 d,Kepler-381,3,8.256299973,0.08364,1.0667865,1.23,0.09517248,0.00386,5.57,1387.0,285.1828685,43.8310283
Kepler-296 d,Kepler-296,5,19.850291,0.118,2.09,5.02,0.18645731,0.0158,1.9,403.0,286.5400278,49.4372614
Kepler-1739 b,Kepler-1739,1,7.343709946,0.0697,2.43056832,6.48,0.21684115,0.0204,2.48,839.0,296.2320536,47.6788626
Kepler-278 b,Kepler-278,2,30.1556,0.202,3.955,56.0,0.35284207,0.1761957,5.0,586.0,290.1072124,38.7022694
Kepler-615 b,Kepler-615,1,10.35584657,0.085,1.74,3.68,0.1552324,0.0116,3.84,620.0,282.4506927,46.3213671
TOI-6383 A b,TOI-6383 A,1,1.79058695,0.02292,11.29,331.0,1.008,1.04,1.26,745.0,60.4246951,60.8913677
Kepler-1638 b,Kepler-1638,1,259.33683,0.745,1.87,4.16,0.16683023,0.0131,3.5,304.0,295.4823299,48.5244695
Kepler-1254 d,Kepler-1254,3,5.72717226,0.0575,1.31,2.27,0.11687037,0.00714,5.55,794.0,285.1733174,48.7700099
Kepler-752 b,Kepler-752,1,18.82747265,0.1353,2.81,8.3,0.25069141,0.0261,2.06,632.0,292.2681469,37.955672
Kepler-1692 b,Kepler-1692,1,5.95966,0.0646,1.11177184,1.42,0.09918564,0.00447,5.68,897.0,286.9241804,47.0537092
K2-45 b,K2-45,1,1.7292684,0.0224,6.71,36.4,0.5986261,0.114,0.662,1073.56,169.6327547,-1.7740582
Kepler-148 b,Kepler-148,3,1.729366,0.028,1.8,3.89,0.161,0.0123,3.67,1284.0,289.7861626,46.8588176
Kepler-1760 b,Kepler-1760,1,38.3260994,0.2084,2.28995546,5.86,0.20429649,0.0184,2.68,480.0,284.1326058,48.8251452
HD 167768 b,HD 167768,1,20.6532,0.1512,13.9,270.15414595,1.24,0.85,0.553,1873.59,274.2213308,-3.0085807
Kepler-6 b,Kepler-6,1,3.2346996,0.04852,14.616536,212.31044,1.304,0.668,0.4,1460.0,296.8372475,48.2399695
Kepler-1756 b,Kepler-1756,1,2.355750084,0.0319,1.47199944,2.77,0.13132322,0.00871,4.77,1093.0,294.364904,40.7208898
Kepler-299 e,Kepler-299,4,38.285489,0.22,1.87,4.16,0.167,0.0131,3.5,534.0,283.2070156,48.5805222
Kepler-1064 b,Kepler-1064,1,16.54080322,0.1183,1.55,3.02,0.13828174,0.00951,4.46,570.0,291.7415821,37.6888103
Kepler-766 b,Kepler-766,1,6.10027804,0.066,3.39,11.4,0.30243554,0.0359,1.61,990.0,293.1845144,37.9698357
HD 96700 b,HD 96700,3,8.1245,0.0777,2.93,8.9,0.261,0.02800253,1.94,1089.02,166.9742616,-30.1751383
Kepler-373 b,Kepler-373,2,5.535309,0.06,1.36,2.42,0.121,0.00761,5.29,1054.0,289.3879904,50.5970115
GJ 876 b,GJ 876,4,61.1166,0.208317,13.3,723.2235,1.19,2.2756,1.69,190.6,343.3239737,-14.2665958
HD 164604 b,HD 164604,2,653.9,1.362,12.3,4195.3349724,1.1,13.2,12.4,170.16,270.7787177,-28.5608343
Kepler-208 b,Kepler-208,4,4.22864,0.054,1.63,3.29,0.145,0.0104,4.17,1379.0,293.8901979,42.5279413
HATS-13 b,HATS-13,1,3.0440499,0.04057,13.585308,172.58169,1.212,0.543,0.377,1244.0,316.9614798,-26.0967205
Kepler-1146 b,Kepler-1146,1,2.352265797,0.0325,1.23,2.04,0.10973325,0.00642,6.02,1019.0,286.716712,47.425658
TOI-5300 b,TOI-5300,1,2.262196,0.0295,9.86390302,190.6970442,0.88,0.6,1.1,1043.0,356.481137,0.4587978
WASP-100 b,WASP-100,1,2.84938,0.04574,14.90797,400.4658,1.33,1.26,0.53,2099.0,68.9598159,-64.027039
Kepler-1643 b,Kepler-1643,1,5.342657,0.0531,2.32,5.99,0.207,0.0189,2.64,799.0,300.4310076,44.7510129
XO-4 b,XO-4,1,4.12508,0.05524,14.01125,451.3186,1.25,1.42,0.83,1630.0,110.3880285,58.2681094
Kepler-1969 b,Kepler-1969,1,6.647520065,0.0717,1.68161001,3.47,0.15002345,0.0109,4.01,999.0,294.7842662,49.4920557
WASP-13 b,WASP-13,1,4.35301,0.05362,13.67498,114.4188,1.22,0.36,0.222,1531.0,140.1029654,33.8823291
TOI-5799 b,TOI-5799,2,4.164507,0.0348,1.733,3.65,0.15460817,0.0115,3.85,505.0,301.630179,15.9891418
Kepler-1963 b,Kepler-1963,1,1.962260008,0.02915,0.74437023,0.337,0.06640838,0.00106,4.49,1448.0,296.5875182,47.207129
Kepler-48 f,Kepler-48,5,5219.681854,5.719187877,13.8,298.5809968,1.23,0.93944088,0.624,95.68,299.1393094,40.948939
Kepler-426 b,Kepler-426,1,3.21751883,0.0414,12.22,108.06,1.09,0.34,0.26,1300.0,289.4346668,49.473455
Kepler-82 f,Kepler-82,5,75.732,0.3395,4.84,20.9,0.432,0.06575842,1.01,423.57,292.8733696,42.9661583
NGTS-33 b,NGTS-33,1,2.827972,0.048,18.38272835,1153.71711741,1.64,3.63,0.19,1991.0,107.8333348,-35.8505185
HD 113337 b,HD 113337,2,317.58639,1.022,13.1,1035.80277841,1.17,3.259,2.53,395.73,195.4438496,63.610328
Kepler-1834 b,Kepler-1834,2,4.603010178,0.04911,1.4593834,2.73,0.13019769,0.00858,4.83,848.0,294.6646789,39.7838461
GJ 411 b,GJ 411,2,12.9394,0.07879,1.45,2.69,0.129,0.00846369,4.85,349.83,165.834471,35.972317
Kepler-122 e,Kepler-122,5,37.993273,0.227,2.6,27.7,0.232,0.087,8.66,618.0,291.1118647,39.9490248
Kepler-1276 b,Kepler-1276,1,12.5720095,0.10863,1.19,1.81,0.10616469,0.0057,5.9,886.0,287.8570173,40.5471909
Kepler-1653 b,Kepler-1653,1,140.2524,0.4706,2.17,5.35,0.19359443,0.0168,2.88,284.0,296.457702,41.266021
Kepler-1410 b,Kepler-1410,1,60.866168,0.2543,1.78,3.82,0.15880096,0.012,3.72,290.0,290.5102933,38.743501
Kepler-1864 b,Kepler-1864,1,3.881510019,0.049,0.75408365,0.353,0.06727495,0.00111,4.52,1156.0,289.6867653,41.5889178
Kepler-1750 b,Kepler-1750,1,205.9120026,0.6785,6.00434637,30.1,0.53567283,0.0947,0.764,298.0,292.3514917,48.5110714
WASP-24 b,WASP-24,1,2.34121,0.03651,15.46842,394.1092,1.38,1.24,0.622,1772.0,227.2154975,2.343286
Kepler-304 d,Kepler-304,4,9.653471,0.08,2.75,8.0,0.245,0.0252,2.11,611.0,294.4418031,40.5575408
HD 331093 b,HD 331093,1,621.62,1.44,13.6,476.7426105,1.21,1.5,1.04,234.84,295.6200054,31.7395451
K2-110 b,K2-110,1,13.86375,0.10207,2.592,15.9,0.23124315,0.05002699,5.02,638.0,207.3497402,-12.2849182
K2-32 d,K2-32,4,31.71701,0.18422,3.484,6.7,0.3108222,0.02108056,0.87,550.0,252.426008,-19.5430504
Kepler-1101 b,Kepler-1101,1,81.3151059,0.3483,2.47,6.66,0.22035864,0.021,2.43,393.0,294.5693544,45.6711623
Kepler-58 d,Kepler-58,4,40.101371,0.236,2.94,245.343,0.262,0.7719354,0.53,583.0,296.3586251,39.1152033
Kepler-1090 b,Kepler-1090,2,198.680179,0.63323,2.25,5.69,0.20073156,0.0179,2.74,297.0,295.6629002,44.5258237
DMPP-1 b,DMPP-1,4,17.812,0.1423,4.26,16.8,0.38,0.05285871,1.19,877.0,86.7761233,-10.6303217
Kepler-1110 b,Kepler-1110,1,9.69312032,0.0754,2.66,7.56,0.23730931,0.0238,2.21,609.0,291.8080645,38.6226615
HD 67087 b,HD 67087,2,352.2,1.08,13.1,973.0,1.17,3.06,2.38,365.67,121.9155672,31.5511553
Kepler-334 d,Kepler-334,3,25.09849,0.168,1.41,2.57,0.126,0.00809,5.04,656.0,287.1406177,47.1151153
HD 204941 b,HD 204941,1,1733.0,2.55,10.1,73.1009,0.903,0.23,0.39,134.04,323.0966714,-20.957957
TOI-1470 b,TOI-1470,2,2.527093,0.0285,2.18,7.32,0.19448691,0.0230313,3.86,734.0,10.0891431,61.2133868
TOI-4342 c,TOI-4342,2,10.688662,0.0804,2.349,4.8,0.2095641,0.01510249,2.01,514.0,324.3894196,-77.9791468
HD 68988 b,HD 68988,2,6.27711,0.07,13.4,626.1251,1.2,1.97,1.43,1179.39,124.5935429,61.4608518
TOI-2207 b,TOI-2207,1,8.001968,0.0854,11.1529358,203.41018048,0.995,0.64,0.8,1259.0,307.5966925,-44.8876181
HD 48265 c,HD 48265,2,10418.0,10.4,12.9,1414.33641115,1.15,4.45,3.62,124.28,100.0073683,-48.5418284
K2-3 b,K2-3,3,10.0546535,0.0747,2.078,5.11,0.18538706,0.01607786,3.11,501.3,172.3353708,-1.4551364
OGLE-TR-182 b,OGLE-TR-182,1,3.9791,0.051,12.666,320.995,1.13,1.01,0.41,1550.0,167.3279228,-61.0952624
HD 96700 d,HD 96700,3,103.5,0.424,3.61,12.7,0.322,0.03995867,1.48,466.19,166.9742616,-30.1751383
Kepler-208 d,Kepler-208,4,11.131786,0.103,1.2,1.87,0.107,0.00588,5.95,999.0,293.8901979,42.5279413
Kepler-1129 c,Kepler-1129,2,76.5369586,0.35367,2.73,7.9,0.24355429,0.0249,2.13,503.0,291.6044965,41.3093275
Kepler-1553 b,Kepler-1553,1,4.24261881,0.0481,1.15,1.6,0.10259613,0.00505,5.78,926.0,291.9191348,39.0221769
Kepler-1374 b,Kepler-1374,1,10.65276707,0.0918,2.29,5.86,0.20430012,0.0184,2.68,737.0,291.3499783,45.1722521
HD 4113 b,HD 4113,1,526.5239,1.28,13.5,541.26177712,1.2,1.703,1.21,251.65,10.8027515,-37.9831248
Kepler-639 b,Kepler-639,1,10.21420496,0.09358,2.38,6.26,0.21232938,0.0197,2.55,957.0,292.1868271,41.726944
Kepler-655 b,Kepler-655,1,46.4063358,0.25697,2.71,7.8,0.24177001,0.0245,2.15,588.0,297.2590664,46.843165
Kepler-1461 b,Kepler-1461,1,29.3494775,0.1715,2.03,4.78,0.18110447,0.015,3.14,451.0,285.8305091,43.198377
GJ 251 b,GJ 251,2,14.237,0.0808,1.79,3.85,0.16,0.01211345,3.69,336.0,103.7002499,33.2664632
NGTS-23 b,NGTS-23,1,4.0764326,0.0504,14.20177855,194.82881349,1.267,0.613,0.374,1327.0,70.4322947,-40.0445299
HD 13808 c,HD 13808,2,53.753,0.2554,3.13,9.96,0.279,0.03133751,1.78,424.57,33.1780708,-53.7437591
HD 108874 b,HD 108874,2,394.48123,1.04,13.6,451.3186,1.21,1.42,0.986,271.33,187.6126029,22.8794399
Kepler-340 b,Kepler-340,2,14.844387,0.134,2.53,6.94,0.226,0.0218,2.35,1092.0,295.933471,40.3005515
Kepler-252 c,Kepler-252,2,10.848463,0.08,2.15,5.27,0.192,0.0166,2.91,499.0,295.579329,44.5459052
HD 125271 b,HD 125271,1,14901.99295,10.817,12.4,3465.60094993,1.11,10.904,9.99,59.78,216.6474037,-81.4542756
WASP-93 b,WASP-93,1,2.7325321,0.04211,17.900773,467.2101,1.597,1.47,0.479,1942.0,9.4587443,51.288778
Kepler-299 b,Kepler-299,4,2.927128,0.04,1.32,2.3,0.118,0.00724,5.5,1258.0,283.2070156,48.5805222
Kepler-276 b,Kepler-276,3,14.12841,0.119,2.87,731.209,0.256,2.3006408,73.0,739.0,293.568197,39.0363123
Kepler-958 b,Kepler-958,1,9.7678805,0.08631,2.06,4.9,0.18378089,0.0154,3.08,749.0,287.2566578,46.0667247
Kepler-381 b,Kepler-381,3,5.629021,0.066,0.99,0.937,0.088,0.00295,5.31,1576.0,285.1828685,43.8310283
Kepler-202 b,Kepler-202,2,4.069427,0.045,1.63,3.29,0.145,0.0104,4.17,802.0,282.9734874,41.3217991
K2-187 c,K2-187,4,2.871512,0.0392,1.4,2.54,0.12489985,0.008,5.09,1173.0,132.5235618,23.1924709
Kepler-1624 b,Kepler-1624,1,3.290314,0.0327,6.59,35.3,0.58792143,0.111,0.678,540.0,292.5798564,37.3762616
TOI-198 b,TOI-198,1,10.215213,0.0675,1.36,3.17,0.12133128,0.00997394,6.89,456.0,2.2715087,-27.1217452
Kepler-963 b,Kepler-963,2,9.97683705,0.0849,2.66,7.56,0.23730931,0.0238,2.21,802.0,296.7529742,45.0411049
Kepler-846 b,Kepler-846,1,19.80792185,0.1399,2.48,6.71,0.22125078,0.0211,2.42,624.0,287.0570731,49.0460112
YZ Cet b,YZ Cet,3,2.02087,0.01634,0.913,0.7,0.0814,0.00220245,5.05,471.2,18.1330792,-16.9962434
K2-271 b,K2-271,1,8.562421,0.077,7.28,41.8,0.6494781,0.131,0.595,893.0,125.2239144,16.0907958
WASP-188 b,WASP-188,1,5.748916,0.072,14.81827249,458.6263913,1.322,1.443,0.78,1666.0,278.7819771,36.6156327
K2-36 b,K2-36,2,1.422614,0.02288,1.43,4.3,0.12757627,0.01352931,8.0,1328.0,169.4490102,3.8665038
WASP-97 b,WASP-97,1,2.07276,0.03303,12.77826,432.2488,1.14,1.36,1.21,1555.0,24.6051389,-55.7720006
Kepler-1798 b,Kepler-1798,1,16.85589981,0.1082,2.30911251,5.94,0.20600557,0.0187,2.65,408.0,291.7262251,37.528968
TOI-2992 b,TOI-2992,1,3.007812,0.0434,13.75341932,1058.36859531,1.227,3.33,2.23,1726.0,164.3165643,-32.3224375
TOI-4201 b,TOI-4201,1,3.5819194,0.04,13.67495645,788.21444936,1.22,2.48,1.82,725.0,90.4747237,-13.461371
HD 168863 b,HD 168863,1,14773.93272,10.961,12.7,2154.87659946,1.13,6.78,5.78,63.01,275.6642157,-18.0219726
Kepler-495 c,Kepler-495,2,5.896609783,0.0614,1.21936414,1.98,0.10878457,0.00622,6.0,1000.0,285.9307362,39.0981201
Kepler-268 c,Kepler-268,2,83.446393,0.391,3.38,11.4,0.302,0.0357,1.62,471.0,291.9761559,38.0550327
K2-268 b,K2-268,5,2.151676,0.0308,1.5,2.86,0.13382127,0.00899,4.66,1136.0,133.7094899,11.8482712
Kepler-1584 b,Kepler-1584,1,13.3997099,0.1168,1.61,3.22,0.14363458,0.0101,4.24,886.0,287.7626791,43.2743929
Kepler-1368 b,Kepler-1368,1,0.675649486,0.0153,1.65,3.36,0.14720314,0.0106,4.11,2085.0,294.7669795,41.6446434
Kepler-924 b,Kepler-924,1,61.0370117,0.31318,3.07,9.64,0.27388706,0.0303,1.83,610.0,290.6685136,40.3977086
Kepler-1542 c,Kepler-1542,4,2.89223021,0.0387,0.65,0.208,0.05798912,0.000653,4.16,1287.0,285.7284757,42.6544651
Kepler-331 c,Kepler-331,3,17.28111,0.105,1.84,4.04,0.164,0.0127,3.56,425.0,291.8343455,39.3073462
Kepler-1096 b,Kepler-1096,1,2.892217506,0.034,1.24,2.07,0.11062539,0.00651,5.97,794.0,294.7094688,45.9695533
TOI-615 b,TOI-615,1,4.6615983,0.0678,18.97680433,138.25535705,1.693,0.435,0.084,1666.0,133.4086892,-40.543701
Kepler-303 c,Kepler-303,2,7.061149,0.057,1.14,1.55,0.102,0.00489,5.75,521.0,283.1354742,43.6567036
HD 150010 b,HD 150010,1,562.0,1.4,13.3,762.7881768,1.18,2.4,1.78,681.22,247.8670682,72.6125804
WASP-99 b,WASP-99,1,5.75251,0.0717,11.43318,772.3269,1.02,2.43,2.79,1480.0,39.8976689,-50.0081934
HD 56414 b,HD 56414,1,29.04992,0.229,3.71,13.3,0.3309846,0.0418,1.43,1133.0,107.8436846,-68.8333403
Kepler-1388 b,Kepler-1388,4,12.2854603,0.0882,2.59,7.22,0.23106432,0.0227,2.28,434.0,283.3360156,47.1744499
GJ 514 b,GJ 514,1,140.43,0.422,2.13,5.2,0.19,0.01636103,2.96,202.0,202.5040424,10.3725387
TOI-628 b,TOI-628,1,3.4095675,0.0486,11.88154,2011.8639,1.06,6.33,6.58,1586.0,99.2630608,1.7675497
Kepler-92 c,Kepler-92,3,26.723,0.19054,2.6,6.1,0.232,0.019,4.747125,781.0,289.0860607,41.5630224
Kepler-552 b,Kepler-552,1,5.263415765,0.0612,3.95,14.8,0.3523954,0.0465,1.32,1103.0,290.7476903,48.2419838
MASCARA-4 b,MASCARA-4,1,2.8240932,0.0474,16.98160576,532.36258173,1.515,1.675,0.481,2250.0,147.5800667,-66.1139253
Kepler-1846 b,Kepler-1846,1,14.82009983,0.11054,1.76378826,3.76,0.15735492,0.0118,3.77,552.0,294.3909489,44.7629523
HD 82943 b,HD 82943,2,441.47,1.18306,13.5,534.25,1.2,1.681,1.19,286.13,143.7114034,-12.1302976
HD 147873 b,HD 147873,2,116.596,0.522,12.8,1633.6462,1.15,5.14,4.28,603.16,246.4380471,-33.5672217
HAT-P-24 b,HAT-P-24,1,3.35524,0.04651,14.5717,238.3725,1.3,0.75,0.44,1637.0,108.8251171,14.2626064
NGTS-24 b,NGTS-24,1,3.4678796,0.0479,13.60770257,165.27077164,1.214,0.52,0.36,1499.0,168.5638892,-37.9101328
Qatar-8 b,Qatar-8,1,3.71495,0.0474,14.403565,117.91493,1.285,0.371,0.216,1457.0,157.4123405,70.5270835
Kepler-288 c,Kepler-288,3,19.305772,0.14,2.85,8.5,0.254,0.0267,2.02,815.0,288.9163997,39.5947523
alf Ari b,alf Ari,1,380.8,1.2,13.4,572.07,1.2,1.8,1.31,747.22,31.793286,23.462421
GJ 160.2 b,GJ 160.2,1,5.2354,0.053,3.17,10.2,0.283,0.03209263,1.76,736.99,61.6454173,-20.8564724
HIP 5763 b,HIP 5763,1,30.014,0.17,14.2,162.09248757,1.27,0.51,0.311,440.9,18.495343,16.4942738
Kepler-1258 b,Kepler-1258,1,0.984940167,0.01824,0.86,0.566,0.07672406,0.00178,4.89,2335.0,285.4049723,49.9948186
TOI-159 b,TOI-159,1,3.7628396,0.056,18.18,1110.0,1.622,3.49,1.02,1891.0,51.7822676,-78.5498308
TOI-6628 b,TOI-6628,1,18.18424,0.134,10.98480109,235.19302118,0.98,0.74,0.98,833.0,225.8370504,-35.2305793
NSVS 14256825 b,NSVS 14256825,1,3225.0,3.12,12.3,4497.2945,1.1,14.15,13.3,473.47,305.001946,4.6323715
TOI-2093 c,TOI-2093,2,53.81149,0.257,2.3,15.8,0.20519261,0.04971236,7.0,329.0,302.7375229,70.8696532
Kepler-33 f,Kepler-33,5,41.02902,0.2535,4.46,9.6,0.3979,0.03020483,0.9,691.0,289.0775348,46.0051696
HD 233604 b,HD 233604,1,192.0,0.747,12.7,2089.644,1.13,6.575,5.61,882.5,137.4535054,53.5682016
TOI-715 b,TOI-715,1,19.288004,0.083,1.55,3.02,0.13828198,0.00951,4.46,234.0,113.8523276,-73.5774089
TOI-1266 b,TOI-1266,3,10.8945,0.073,2.52,4.46,0.22481973,0.01403273,1.54,415.0,197.9965833,65.8336973
TOI-1836 b,TOI-1836,2,20.380799,0.1597,8.00321222,38.45723725,0.714,0.121,0.41,966.0,245.9079242,54.6900774
Kepler-1103 b,Kepler-1103,1,19.79191978,0.15336,2.27,5.77,0.20251584,0.0182,2.71,736.0,287.3821348,49.4524247
Kepler-32 f,Kepler-32,5,0.74296,0.013,0.82,1862.11,0.0731555,5.85885326,1.5,1026.0,297.8423073,46.5743595
HD 167677 b,HD 167677,1,1820.0,2.877,13.2,905.81095995,1.18,2.85,2.16,151.9,274.2067844,-11.4067857
Kepler-1915 b,Kepler-1915,1,13.83539963,0.114,3.21798413,10.4,0.28708981,0.0329,1.71,809.0,301.2786852,44.2505116
K2-275 c,K2-275,2,8.4388385,0.0881,2.21,5.52,0.19716333,0.0174,2.81,653.0,132.1698795,20.4550162
Kepler-968 b,Kepler-968,3,3.692983728,0.0389,2.0,4.66,0.17842805,0.0147,3.2,745.0,285.6025889,50.1120401
HD 93963 A b,HD 93963 A,2,1.0376109,0.02061,1.46954368,2.8,0.13110413,0.00880979,4.81,1842.23,162.7766969,25.641065
Kepler-1734 b,Kepler-1734,1,6.796850204,0.0714,3.08851092,9.74,0.27553896,0.0306,1.82,985.0,294.163167,41.4517316
Kepler-1669 d,Kepler-1669,3,4.72941177,0.0468,1.22,1.98,0.1088413,0.00624,5.99,669.0,297.4303826,39.8478795
Kepler-993 b,Kepler-993,1,22.08557563,0.13,2.97,9.11,0.26496565,0.0287,1.91,352.0,292.6141076,44.3946644
Kepler-288 b,Kepler-288,3,6.097326,0.065,1.67,3.43,0.149,0.0108,4.05,1197.0,288.9163997,39.5947523
Kepler-215 d,Kepler-215,4,30.864423,0.185,2.39,23.6,0.213,0.074,9.5,527.0,294.9735313,45.2136867
Kepler-1867 b,Kepler-1867,1,9.887359619,0.0872,1.15985997,1.65,0.10347595,0.0052,5.81,768.0,294.9971007,43.4358698
EPIC 212737443 b,EPIC 212737443,2,13.603,0.098,2.586,7.2,0.23070747,0.0227,2.29,536.0,204.2215065,-7.3180577
K2-270 c,K2-270,2,4.400028,0.0497,2.95,9.01,0.26318137,0.0283,1.93,848.0,131.2665588,13.5497322
HD 4203 b,HD 4203,2,431.88,1.17,13.3,708.7609,1.19,2.23,1.66,297.28,11.1722288,20.4483925
Kepler-48 b,Kepler-48,5,4.778,0.05394,1.88,3.94,0.16772237,0.01239656,3.23,932.0,299.1393094,40.948939
Kepler-550 b,Kepler-550,1,8.600104109,0.0747,4.42,17.9,0.39432599,0.0563,1.14,760.0,297.7001786,47.8637046
HD 111232 b,HD 111232,2,1169.13202,2.148,12.6,2531.50326176,1.12,7.965,6.95,172.05,192.2159553,-68.4246679
Kepler-215 c,Kepler-215,4,14.667108,0.113,1.77,3.78,0.158,0.0119,3.75,675.0,294.9735313,45.2136867
TOI-2169 A b,TOI-2169 A,1,8.2148282,0.0896,12.50922246,329.58805806,1.116,1.037,0.92,1364.0,279.1701117,23.2586193
Kepler-763 d,Kepler-763,3,6.50327035,0.0634,1.67,3.43,0.14898768,0.0108,4.05,804.0,292.1445534,47.1573604
K2-268 c,K2-268,5,9.327527,0.0819,2.69,7.7,0.23998614,0.0242,2.17,696.0,133.7094899,11.8482712
HATS-50 b,HATS-50,1,3.8297015,0.05046,12.66617,123.9537,1.13,0.39,0.33,1275.39,300.4280761,-26.077564
Kepler-407 c,Kepler-407,2,3000.0,3.27090369,12.3,4000.0,1.1,12.6,11.8,146.73,286.0363025,49.6145027
Kepler-1134 b,Kepler-1134,1,17.13263989,0.1242,2.64,7.46,0.23552502,0.0235,2.23,611.0,295.5678578,42.4781064
Kepler-1989 b,Kepler-1989,1,10.161023528,0.0918,4.62,19.3,0.4121695,0.0607,1.08,904.0,290.7351869,44.091262
HD 18015 b,HD 18015,1,2278.0,3.87,13.1,1048.8337431,1.17,3.3,2.56,242.98,43.3636339,-8.8480392
Kepler-211 c,Kepler-211,2,6.04045,0.062,1.29,18.3,0.115,0.058,46.8,841.0,285.4391183,43.1685051
TOI-1798.02,TOI-1798,2,0.437811822,0.010789,1.464,5.6,0.13060956,0.01761957,11.17,1935.83,211.0939367,46.5192825
Kepler-567 b,Kepler-567,1,16.54297375,0.1229,2.25,5.69,0.20073156,0.0179,2.74,611.0,297.6726072,48.3023458
TOI-2019 b,TOI-2019,1,15.3444,0.128,5.33275337,34.4,0.47575721,0.1082345,1.25,917.46,234.4317651,48.955206
Kepler-24 b,Kepler-24,4,8.14,0.08045,2.348,11.14,0.20947489,0.03505036,4.686574,1050.0,290.4132621,38.3437283
HD 103774 b,HD 103774,1,5.8881,0.07,13.3,116.0,1.19,0.367,0.271,1487.08,179.2310729,-12.1079951
Kepler-161 b,Kepler-161,2,4.921355,0.054,2.12,2.63,0.189,0.00827491,0.45,868.0,290.5164698,43.0838642
GJ 3293 d,GJ 3293,4,48.1345,0.19394,2.67,7.6,0.238,0.02391215,2.19,241.22,67.1484425,-25.1713396
Kepler-1670 b,Kepler-1670,1,20.4998,0.1528,3.3564801,11.2,0.2994451,0.0353,1.63,731.0,290.3264599,43.121755
K2-225 b,K2-225,1,15.8723,0.1409,3.60929179,12.7,0.322,0.0399,1.48,923.0,186.5410958,-9.6248232
Kepler-1308 b,Kepler-1308,1,2.104338119,0.025,0.52,0.0933,0.04639129,0.000293,3.65,662.0,285.9287514,38.5207097
47 UMa b,47 UMa,3,1078.0,2.1,13.2,804.08,1.18,2.53,1.92,215.23,164.8647611,40.4304931
HD 142022 A b,HD 142022 A,1,1928.0,2.93,12.9,1433.40611557,1.15,4.51,3.67,155.74,242.5481731,-84.2317494
Kepler-24 c,Kepler-24,4,12.33,0.10612,2.514,9.99,0.22428444,0.03143206,3.418442,915.0,290.4132621,38.3437283
Kepler-404 c,Kepler-404,2,14.751166,0.118,1.72,3.61,0.153,0.0113,3.9,678.0,286.3985796,45.3435241
Kepler-1254 b,Kepler-1254,3,9.99113313,0.0833,1.55,3.02,0.13828174,0.00951,4.46,660.0,285.1733174,48.7700099
WASP-135 b,WASP-135,1,1.4013794,0.0243,14.5717,603.877,1.3,1.9,1.16,1403.66,267.2848846,29.8790428
HATS-15 b,HATS-15,1,1.74748753,0.02712,12.385945,689.6911,1.105,2.17,1.97,1505.0,311.0920041,-19.4375266
HD 37124 d,HD 37124,3,1862.0,2.807,14.0,221.20968,1.25,0.696,0.443,159.79,84.2599947,20.7289784
Ross 128 b,Ross 128,1,9.8658,0.0496,1.11,1.4,0.0988,0.00440487,5.63,301.0,176.9376036,0.7992898
WASP-3 b,WASP-3,1,1.84683,0.0315,15.91678,772.3269,1.42,2.43,0.89,2020.0,278.6317411,35.6614312
Kepler-170 c,Kepler-170,2,16.665863,0.131,2.86,8.55,0.255,0.0269,2.01,702.0,284.5211975,41.6296562
Kepler-1936 b,Kepler-1936,1,126.5569992,0.52662,3.16615594,10.2,0.282466,0.032,1.77,524.0,290.7300141,44.836128
KELT-1 b,KELT-1,1,1.217514,0.02466,12.442,8654.15,1.11,27.23,24.7,2361.0,0.3620995,39.3837953
Kepler-640 b,Kepler-640,1,22.24813967,0.15418,2.56,7.08,0.2283879,0.0223,2.32,609.0,296.0322,42.1317392
Kepler-1045 b,Kepler-1045,1,26.41045478,0.1616,2.69,7.7,0.23998573,0.0242,2.17,512.0,284.1832668,45.0740897
Kepler-1862 b,Kepler-1862,1,16.05730057,0.1199,2.203,5.49,0.19653883,0.0173,2.82,645.0,296.7533555,49.3780726
HD 103197 b,HD 103197,1,47.84,0.25,5.83,28.6047,0.52,0.09,0.793,474.97,178.2201971,-50.2927911
psi1 Dra B b,psi1 Dra B,1,3117.0,4.43,13.5,486.2799,1.21,1.53,1.09,159.48,265.4925754,72.1557114
Kepler-990 b,Kepler-990,2,9.91723428,0.08595,2.6,7.27,0.23195646,0.0229,2.27,903.0,297.9381813,46.8813194
Kepler-50 b,Kepler-50,2,7.81254,0.077,1.71,8.9,0.153,0.02800253,6.04982,1196.0,288.1009312,50.0336844
K2-260 b,K2-260,1,2.62669762,0.04392,18.41635529,546.66486004,1.643,1.72,0.48,2090.0,76.8673317,16.8676948
WASP-144 b,WASP-144,1,2.2783152,0.0316,9.52765,139.8452,0.85,0.44,0.95,1260.0,320.7628761,-40.0484393
Kepler-1304 b,Kepler-1304,1,16.1288853,0.1202,2.29,5.86,0.20430012,0.0184,2.68,715.0,285.2763652,39.4468274
Kepler-1128 b,Kepler-1128,1,61.6178167,0.302,3.65,12.9,0.32563119,0.0407,1.46,424.0,293.063315,39.4034052
Kepler-1537 b,Kepler-1537,1,1.444453798,0.0245,1.18,1.76,0.10527255,0.00553,5.89,1800.0,294.3853917,43.8254461
HATS-70 b,HATS-70,1,1.8882378,0.03632,15.513256,4100.007,1.384,12.9,6.64,2730.0,109.1045212,-31.2443947
Kepler-1043 b,Kepler-1043,1,38.5053398,0.2159,2.55,7.04,0.22749576,0.0221,2.33,532.0,281.6629579,47.5685927
NGTS-35 b,NGTS-35,1,25.241192,0.16,10.9,152.0,0.97243454,0.47824548,0.645,451.0,170.276336,-26.0666162
Kepler-368 c,Kepler-368,2,72.379334,0.36,3.88,14.3,0.346,0.0451,1.35,575.0,291.880018,45.3878419
Kepler-479 b,Kepler-479,1,12.49341307,0.09636,2.12,5.14,0.18913373,0.0162,2.96,649.0,291.0218899,37.7698734
Kepler-1404 b,Kepler-1404,1,15.9314739,0.1143,2.01,4.7,0.17932019,0.0148,3.18,596.0,296.0094827,50.4983929
Kepler-1987 b,Kepler-1987,4,2.345863002,0.0318,1.23,2.04,0.10973344,0.00642,6.02,997.0,295.8254663,42.9433716
K2-99 c,K2-99,2,522.2,1.43,12.6,2669.7586188,1.12,8.4,7.33,390.0,208.7737624,-5.4424943
Kepler-1085 b,Kepler-1085,2,219.3217528,0.73361,7.22,41.2,0.64412526,0.13,0.602,313.0,287.4776359,46.1411685
HD 156668 b,HD 156668,2,4.6455,0.05,1.87,4.15,0.167,0.013,3.49,887.48,259.4183491,29.228161
TOI-1728 b,TOI-1728,1,3.49151,0.0391,5.05,26.78,0.45053082,0.08425888,1.14,767.0,120.6116787,64.7971531
Kepler-28 c,Kepler-28,2,8.99,0.07519,1.857,2.06,0.16567073,0.00648148,1.764357,509.0,292.1370409,42.4294835
Kepler-1135 b,Kepler-1135,1,76.957857,0.3436,1.85,4.08,0.16504595,0.0128,3.54,451.0,286.0029904,44.7565551
HD 30856 b,HD 30856,1,847.0,1.85,13.5,491.68301,1.21,1.547,1.1,364.02,72.5745099,-24.3689282
Kepler-173 c,Kepler-173,2,8.005777,0.074,2.43,6.48,0.217,0.0204,2.48,956.0,294.6466171,41.8840952
TOI-6038 A b,TOI-6038 A,1,5.8267311,0.069,6.41,78.5,0.57186288,0.24698862,1.62,1439.0,51.6572691,40.8172704
SPECULOOS-3 b,SPECULOOS-3,1,0.71912603,0.00733,0.977,0.894,0.08716225,0.00281,5.27,553.0,312.3632611,33.6123832
Kepler-1445 b,Kepler-1445,1,10.60052251,0.09587,0.96,0.84,0.08564546,0.00264,5.22,987.0,280.2495197,43.9150665
Kepler-796 b,Kepler-796,1,6.40087618,0.07317,1.3,2.24,0.11597823,0.00705,5.6,1109.0,287.3078999,39.1447097
XO-2 S b,XO-2 S,4,18.22,0.1347,10.9,82.63538582,0.971,0.26,0.351,706.59,117.0309753,50.2169068
Kepler-1095 b,Kepler-1095,1,4.27103091,0.0514,1.21,1.92,0.10794897,0.00606,5.96,1108.0,293.2624215,41.3650155
Kepler-1105 b,Kepler-1105,1,4.421572182,0.0471,2.01,4.7,0.17932019,0.0148,3.18,729.0,281.1117588,42.4549698
TIC 257060897 b,TIC 257060897,1,3.66003639,0.04922,17.26183028,201.50321004,1.54,0.634,0.215,1775.0,227.5321527,72.7103128
Kepler-181 b,Kepler-181,2,3.137873,0.04,1.27,2.15,0.113,0.00678,5.77,1041.0,296.1512831,50.0957806
Kepler-1748 b,Kepler-1748,1,5.823520184,0.0615,2.71275017,7.81,0.24201578,0.0246,2.15,955.0,285.967897,45.7390789
K2-29 b,K2-29,1,3.2588321,0.04217,13.33871,232.0159,1.19,0.73,0.53,1171.0,62.670422,24.4016558
Kepler-1347 b,Kepler-1347,1,14.00947528,0.104,1.03,1.08,0.09189045,0.0034,5.43,617.0,299.6595903,40.8438526
Kepler-336 d,Kepler-336,3,20.678772,0.154,2.37,6.21,0.211,0.0195,2.56,749.0,290.2376224,41.3313637
OGLE-TR-56 b,OGLE-TR-56,1,1.2119189,0.02383,15.278,441.77,1.36301421,1.39,0.68,2212.0,269.1479583,-29.5392222
Kepler-1616 b,Kepler-1616,1,6.76284377,0.07318,1.02,1.04,0.0909983,0.00328,5.39,1337.0,286.5436691,45.3048716
14 And b,14 And,1,186.76,0.775,13.1,1131.15130051,1.16,3.559,2.76,909.92,352.82415,39.2358367
xi Aql b,xi Aql,1,136.97,0.625,13.4,616.90493799,1.2,1.941,1.41,973.07,298.5624491,8.4611051
Kepler-37 d,Kepler-37,4,39.7922622,0.2109,2.03,2.0,0.18110478,0.0062927,1.3,499.0,284.0592503,44.5183733
HD 69830 d,HD 69830,3,197.0,0.63,4.45,18.1,0.397,0.057,1.13,308.1,124.6010091,-12.6364246
Kepler-719 b,Kepler-719,1,5.007317779,0.0556,8.52,54.5,0.76010349,0.172,0.484,998.0,295.5360628,43.8844116
HAT-P-28 b,HAT-P-28,1,3.257215,0.0434,13.585,198.953,1.212,0.626,0.44,1384.0,13.0009159,34.728402
TOI-1232 c,TOI-1232,2,30.356,0.194,8.88,58.48042689,0.792,0.184,0.459,660.05,116.501399,-61.8797935
Kepler-667 b,Kepler-667,1,41.43962808,0.2288,4.73,20.1,0.42198234,0.0632,1.04,516.0,295.5549918,49.0172956
Kepler-772 b,Kepler-772,1,12.99207337,0.11153,1.82,3.97,0.16236952,0.0125,3.62,866.0,291.423582,38.2165603
Kepler-4 b,Kepler-4,1,3.21346,0.0456,4.002,24.472,0.357,0.077,1.91,1650.0,285.6154492,50.1357712
WASP-56 b,WASP-56,1,4.6171,0.05614,10.53646,143.0235,0.94,0.45,0.583,1216.0,183.3660401,23.055687
Kepler-557 b,Kepler-557,1,3.705989551,0.0469,2.67,7.61,0.23820145,0.0239,2.2,1281.0,293.7084179,41.6151084
Kepler-374 c,Kepler-374,3,3.282807,0.042,1.1,1.37,0.098,0.0043,5.66,1467.0,294.1378921,42.3704075
Kepler-186 f,Kepler-186,5,129.9441,0.432,1.17,1.71,0.104,0.00537,5.87,177.0,298.652736,43.9549884
HD 147513 b,HD 147513,1,528.4,1.32,13.7,385.0,1.22,1.21,0.823,244.43,246.0057894,-39.1929661
Kepler-351 c,Kepler-351,3,57.24809,0.287,3.19,11.1,0.285,0.035,1.88,431.0,286.4527949,42.6577891
HD 93385 d,HD 93385,3,45.85,0.2565,2.89,8.7,0.258,0.02737326,1.98,619.44,161.5627065,-41.464604
TOI-5007 b,TOI-5007,1,2.543371,0.0307,11.07447293,211.03806225,0.988,0.664,0.85,774.0,236.0638704,-61.0413649
rho CrB c,rho CrB,3,102.036,0.4206,5.68,27.442,0.507,0.08634219,0.823,448.1,240.2600639,33.3001861
GPX-1 b,GPX-1,1,1.744579,0.0338,16.47720163,6261.2196179,1.47,19.7,8.222423,2300.0,38.3691648,56.025708
EPIC 249893012 b,EPIC 249893012,3,3.5951,0.047,1.95,8.75,0.17396735,0.02753044,6.39,1616.0,228.2482353,-16.7246474
Kepler-310 d,Kepler-310,3,92.876125,0.392,2.47,7.0,0.22,0.02202435,3.3,353.0,288.839278,46.9867472
Kepler-1585 b,Kepler-1585,1,3.5827463,0.0445,1.79,3.86,0.1596931,0.0121,3.7,1064.0,296.1589897,44.5630457
HD 23596 b,HD 23596,1,1535.11912,2.694,12.4,3786.607641,1.1,11.914,10.9,219.49,57.0018601,40.5307308
TOI-6041 b,TOI-6041,2,26.04945,0.1651,4.55,28.9,0.40592451,0.09092957,1.79,605.6,46.0610334,43.5576668
Kepler-161 c,Kepler-161,2,7.06424,0.068,2.05,3.61,0.183,0.01135833,1.31,769.0,290.5164698,43.0838642
Kepler-553 c,Kepler-553,2,328.24017,0.898,11.57887706,2129.4503269,1.033,6.7,7.53,251.0,298.5508922,48.3325405
Kepler-1169 b,Kepler-1169,1,6.11009134,0.06931,0.94,0.779,0.08386118,0.00245,5.15,1125.0,294.9115874,46.4914718
HD 25015 b,HD 25015,1,6134.427,6.248,12.5,2884.92845034,1.12,9.077,8.12,90.69,59.4335463,-20.2673347
Kepler-861 b,Kepler-861,1,3.949631375,0.0463,2.28,5.82,0.20340798,0.0183,2.7,966.0,292.3539624,46.2262465
TOI-269 b,TOI-269,1,3.6977104,0.0345,2.77,8.8,0.24712327,0.0276879,2.28,531.0,75.8462827,-54.1777213
IC 4651 9122 b,IC 4651 9122,1,734.0,2.038,12.7,2002.329,1.14,6.3,5.37,513.04,261.2086139,-49.9489317
K2-115 b,K2-115,1,20.2729914,0.1415,11.80305668,321.00669107,1.053,1.01,1.07,696.0,126.5535002,12.281851
Kepler-489 b,Kepler-489,1,17.276296119,0.12109,7.72,46.1,0.68873227,0.145,0.551,538.0,290.8332412,38.1841851
Kepler-839 b,Kepler-839,1,37.8144514,0.2316,2.57,7.13,0.22928004,0.0224,2.31,626.0,291.074684,45.242544
HD 11506 c,HD 11506,3,223.92,0.771,14.0,127.1313628,1.25,0.4,0.255,374.44,28.2106607,-19.507396
TOI-5542 b,TOI-5542,1,75.12375,0.332,11.30986153,419.53349724,1.009,1.32,1.6,441.0,302.7984228,-61.1354659
Kepler-960 b,Kepler-960,1,3.12686223,0.03807,2.29,5.86,0.20430012,0.0184,2.68,1391.0,281.4572217,46.7465538
Kepler-261 c,Kepler-261,2,24.570858,0.156,2.0,4.66,0.178,0.0147,3.2,505.0,291.3647333,37.609239
Kepler-348 b,Kepler-348,2,7.05677,0.076,1.52,2.92,0.136,0.0092,4.57,1196.0,297.2550814,40.5483883
18 Del b,18 Del,1,982.85,2.476,12.5,2926.24614325,1.12,9.207,8.23,452.72,314.6078375,10.8391378
HD 208897 b,HD 208897,1,358.27,1.063,13.7,379.48711796,1.22,1.194,0.811,507.24,329.7490639,19.0201591
Kepler-1386 b,Kepler-1386,1,6.73972381,0.068,1.24,2.07,0.11062539,0.00651,5.97,1011.0,280.8233646,42.6360518
Kepler-528 b,Kepler-528,1,19.78297415,0.14219,2.08,4.98,0.18556517,0.0157,3.04,708.0,295.6848595,47.7480914
TOI-5573 b,TOI-5573,1,8.79758977,0.0712,9.75,112.0,0.87,0.35,0.661,528.0,136.4259999,55.3071309
HATS-26 b,HATS-26,1,3.3023881,0.04735,19.61575,206.5895,1.75,0.65,0.153,1918.0,144.9268593,-28.5856004
Kepler-1533 b,Kepler-1533,1,308.5471,0.93416,3.46,11.8,0.30868052,0.0372,1.57,330.0,295.9755645,44.7133739
Kepler-102 c,Kepler-102,5,7.071392,0.06702,0.567,1.7,0.05058444,0.0053488,52.0,777.0,281.4824731,47.2078263
Kepler-215 e,Kepler-215,4,68.16101,0.314,1.75,3.71,0.156,0.0117,3.8,405.0,294.9735313,45.2136867
Kepler-394 b,Kepler-394,3,8.005013,0.083,1.6,3.19,0.143,0.01,4.28,1035.0,296.3019792,50.6723115
Kepler-820 b,Kepler-820,1,127.8338098,0.56004,6.09,30.8,0.54331341,0.097,0.749,554.0,291.0201523,39.2206091
K2-259 b,K2-259,1,15.48043,0.1271,2.32,5.99,0.20697654,0.0189,2.64,795.0,186.8026947,1.5668631
Kepler-1942 b,Kepler-1942,1,4.626049995,0.0516,2.1170287,5.13,0.18886898,0.0161,2.97,1012.0,294.9805416,44.4252384
Kepler-416 c,Kepler-416,3,12.209,0.10454,2.352,6.13,0.20983175,0.0193,2.59,791.0,291.5569554,39.2272923
Kepler-401 c,Kepler-401,3,47.318218,0.269,2.15,5.27,0.192,0.0166,2.91,598.0,290.0827494,50.8634361
HD 202206 c,HD 202206,1,1260.0,2.41,12.2,5689.157,1.08,17.9,17.2,182.65,318.7405221,-20.7897284
Kepler-769 c,Kepler-769,2,15.9870174,0.1297,1.79,3.86,0.1596931,0.0121,3.7,803.0,292.7130925,38.3581685
Kepler-417 b,Kepler-417,2,12.331,0.1006,2.31,11.0,0.206,0.035,4.9,671.0,293.8241813,42.779648
Kepler-1483 b,Kepler-1483,1,9.5085156,0.0958,1.52,2.92,0.13560532,0.0092,4.57,1131.0,295.4097409,42.1507935
HD 13931 b,HD 13931,1,4218.0,5.15,13.2,889.9195396,1.18,2.8,2.13,139.38,34.1979991,43.7722065
Kepler-608 b,Kepler-608,1,6.412515037,0.0685,3.64,12.9,0.32473905,0.0405,1.47,1069.0,293.882901,44.6380717
Kepler-59 b,Kepler-59,2,11.8681707,0.09943,1.1,4.1,0.098,0.01290004,8.7,864.0,287.0394932,46.6401677
GJ 433 b,GJ 433,3,7.3705,0.062,2.33,6.043,0.208,0.01901331,2.63,473.94,173.8619194,-32.5436302
Kepler-193 b,Kepler-193,2,11.38848,0.106,2.39,6.3,0.213,0.0198,2.54,979.0,296.4985951,46.5772484
Kepler-888 b,Kepler-888,1,70.6979061,0.31481,1.76,3.75,0.15701668,0.0118,3.78,417.0,295.5212866,49.7386804
NGTS-3 A b,NGTS-3 A,1,1.6753728,0.023,16.58932,756.4354,1.48,2.38,0.31,1434.44,94.4447595,-35.706364
Kepler-1972 b,Kepler-1972,2,7.54425,0.08006,0.802,2.02,0.07154977,0.00635563,22.2,1084.0,288.3953074,39.8725067
HD 86065 b,HD 86065,1,25775.78859,15.947,12.5,2877.30056857,1.12,9.053,8.1,52.56,148.9256674,-18.1069385
Kepler-799 c,Kepler-799,2,15.19419956,0.1214,2.78068551,8.15,0.24807657,0.0256,2.08,893.0,287.1748966,44.8784754
HD 171028 b,HD 171028,1,550.0,1.32,13.2,832.7146,1.18,2.62,1.99,374.07,278.0643694,6.9456827
Kepler-228 d,Kepler-228,3,11.094286,0.101,4.04,15.4,0.36,0.0483,1.28,835.0,296.2860853,48.2246328
HIP 19976 b,HIP 19976,1,50.65905,0.234,4.94,21.61233168,0.441,0.068,0.985,378.1,64.2597881,-40.7985198
HD 89744 b,HD 89744,1,256.78,0.917,12.6,2653.8805,1.12,8.35,7.29,462.62,155.5433193,41.2289354
HD 96992 b,HD 96992,1,514.0,1.24,13.7,362.3262,1.22,1.14,0.774,557.72,167.5966158,43.9189897
Kepler-1875 b,Kepler-1875,1,34.45859909,0.2039,3.22686692,10.5,0.28788228,0.033,1.72,559.0,296.7727406,50.1883667
Kepler-326 d,Kepler-326,3,6.766888,0.066,1.21,6.9,0.108,0.022,21.4,781.0,294.3255898,46.0022646
bet Pic b,bet Pic,3,8682.0,10.07,18.49485,2765.1071409,1.65,8.7,2.4,1612.0,86.8212337,-51.066148
Kepler-1642 b,Kepler-1642,2,12.2057513,0.1016,3.2,10.3,0.28548488,0.0325,1.73,895.0,297.2121215,43.643789
K2-355 b,K2-355,1,5.7385647,0.0632,2.25,5.69,0.2007319,0.0179,2.74,1066.0,124.6426189,13.5027816
Kepler-125 c,Kepler-125,2,5.774464,0.051,0.74,0.33,0.066,0.00104,4.47,529.0,298.2581101,47.6050031
HD 33142 c,HD 33142,3,810.2,1.955,13.9,282.86728223,1.24,0.89,0.579,353.91,76.8980559,-13.9863374
Kepler-174 c,Kepler-174,3,44.000529,0.214,1.49,2.83,0.133,0.00889,4.7,377.0,287.4389454,43.8320052
K2-162 b,K2-162,1,9.45889,0.0795,1.44,2.67,0.1284682,0.00839,4.91,631.0,186.0383865,-1.111479
WASP-1 b,WASP-1,1,2.5199454,0.03889,16.623,271.415,1.483,0.854,0.348,1812.0,5.1669536,31.9899732
Wendelstein-1 b,Wendelstein-1,1,2.663416,0.0282,11.5609626,188.15536,1.0314,0.592,0.72,2198.0,299.0506412,17.5699627
Kepler-1752 b,Kepler-1752,1,56.35850143,0.2698,4.54060463,18.7,0.40508631,0.059,1.1,419.0,290.8541401,51.2227435
KOI-351 f,KOI-351,8,124.9144,0.48,2.88,8.65,0.257,0.0272,1.99,407.0,284.4334642,49.3051239
K2-138 d,K2-138,6,5.40479,0.05893,2.39,7.92,0.21322152,0.02491898,3.1,888.0,348.9490311,-10.8497391
Kepler-1615 b,Kepler-1615,1,47.3126192,0.2788,2.06,4.9,0.18378089,0.0154,3.08,658.0,286.3592066,42.2273971
Kepler-1289 b,Kepler-1289,1,7.99019627,0.0785,1.52,2.92,0.13560532,0.0092,4.57,1113.0,296.388767,41.040509
HD 34445 g,HD 34445,6,5700.0,6.36,13.6,120.6,1.21,0.38,0.263,131.09,79.4207483,7.3527156
WASP-41 b,WASP-41,2,3.0524,0.04022,12.3299,270.1555,1.1,0.85,0.742,1244.0,190.6188034,-30.6398176
Kepler-327 d,Kepler-327,3,13.969457,0.09,1.73,3.64,0.154,0.0115,3.86,387.0,292.6422963,44.0876251
Kepler-722 c,Kepler-722,2,105.144749,0.4471,2.82,8.35,0.25158355,0.0263,2.05,401.0,290.2632874,44.5564051
TOI-1803 b,TOI-1803,2,6.293287,0.06,2.99,10.32,0.26675039,0.03247035,2.15031,747.0,178.0461054,35.1718001
HD 164922 b,HD 164922,4,1207.0,2.16,13.3,116.0,1.19,0.36497499,0.271,159.4,270.6304652,26.3104077
TOI-2485 b,TOI-2485,1,11.23479,0.1093,12.1393261,766.60211768,1.083,2.412,2.36,1134.0,205.2043217,22.9839692
HATS-28 b,HATS-28,1,3.1810781,0.04131,13.383546,213.58176,1.194,0.672,0.48,1253.0,284.3997616,-49.1385126
Kepler-1186 b,Kepler-1186,1,16.07677615,0.1281,2.23,5.6,0.19894727,0.0176,2.77,724.0,288.4796333,47.1017438
Kepler-618 b,Kepler-618,1,3.595769645,0.0449,2.6,7.27,0.23195646,0.0229,2.27,1296.0,286.2498525,48.0609256
WASP-192 b,WASP-192,1,2.8786765,0.0408,13.78707,731.009,1.23,2.3,1.62,1620.0,223.6587187,-38.7445469
Kepler-342 d,Kepler-342,4,39.459357,0.242,2.49,6.76,0.222,0.0213,2.41,658.0,292.6780488,46.7266813
HD 108236 b,HD 108236,5,3.795963,0.04527,1.615,3.24,0.14408065,0.0102,4.23,1099.0,186.5740627,-51.3630519
TOI-1758 b,TOI-1758,1,20.705074685,0.141409,3.62,6.9,0.32295532,0.02170983,0.83,551.44,354.741581,75.6852317
HD 98649 b,HD 98649,1,5384.0,5.97,12.5,3082.9355479,1.11,9.7,8.67,114.22,170.2147665,-23.2181063
HR 858 d,HR 858,3,11.230511,0.1046,2.001,7.1,0.17851757,0.0223391,4.9,1061.0,42.9849779,-30.8140609
HD 59686 A b,HD 59686 A,1,299.36,1.086,12.7,2199.3836,1.13,6.92,5.9,783.08,112.9518629,17.0857195
Kepler-979 b,Kepler-979,1,8.0880135,0.0753,2.72,7.85,0.24266215,0.0247,2.14,792.0,300.3712023,46.4081872
TOI-1135 b,TOI-1135,1,8.0277327,0.0815,9.91994792,58.79825529,0.885,0.185,0.15,1171.0,193.3963704,85.1294952
TOI-2193 A b,TOI-2193 A,1,2.1225735,0.03319,19.83989584,298.75870258,1.77,0.94,0.06,1763.0,313.691232,-72.8046404
Kepler-1492 b,Kepler-1492,1,16.75255007,0.1262,1.49,2.83,0.1329289,0.00889,4.7,801.0,288.5970695,41.0363254
K2-16 b,K2-16,3,7.6188,0.0667,2.02,4.74,0.18021233,0.0149,3.16,658.0,175.0972238,4.5574311
HATS-74 A b,HATS-74 A,1,1.73185606,0.02384,11.56766808,464.02947422,1.032,1.46,1.64,895.1,171.0147921,-19.5569588
TOI-4479 b,TOI-4479,1,1.1589,0.0164,2.82,8.35,0.25158398,0.0263,2.05,861.0,316.0969388,24.6536739
Kepler-222 d,Kepler-222,3,28.081912,0.18,3.69,13.2,0.329,0.0415,1.44,522.0,287.9060885,46.9377479
Kepler-1568 b,Kepler-1568,1,20.925392,0.15157,1.3,2.24,0.11597823,0.00705,5.6,729.0,289.1826808,47.8733301
Kepler-1207 b,Kepler-1207,1,13.68237119,0.1156,1.62,3.26,0.14452672,0.0102,4.21,802.0,295.0641963,49.3589615
HATS-23 b,HATS-23,1,2.1605156,0.03397,20.84874,467.2101,1.86,1.47,0.29,1654.0,286.36675,-50.0673496
Kepler-1636 b,Kepler-1636,1,425.47785,1.12191,3.23,10.5,0.2881613,0.0331,1.71,248.0,294.0575681,46.4409844
Kepler-1822 b,Kepler-1822,1,22.13339996,0.1416,2.64755943,7.5,0.23619984,0.0236,2.22,507.0,297.2855,41.3055733
HD 28678 b,HD 28678,1,380.2,1.18,13.5,490.09386,1.21,1.542,1.09,561.84,67.8560643,4.5752495
Kepler-164 c,Kepler-164,4,10.945723,0.097,2.73,7.9,0.244,0.0249,2.13,881.0,287.7808115,47.6298453
HD 20781 b,HD 20781,5,5.3135,0.0529,1.21,1.93,0.108,0.0061,5.99,1006.1,50.0139757,-28.7841175
Kepler-712 b,Kepler-712,2,21.02247699,0.13615,3.41,11.5,0.30421982,0.0363,1.59,521.0,294.9096739,42.9351987
Kepler-208 c,Kepler-208,4,7.466623,0.079,1.39,2.51,0.124,0.0079,5.14,1141.0,293.8901979,42.5279413
K2-192 b,K2-192,1,4.162817,0.049,1.52,2.92,0.13560532,0.0092,4.57,939.0,206.5823122,-11.5563527
Kepler-1123 b,Kepler-1123,1,4.33946454,0.0497,1.67,3.43,0.14898742,0.0108,4.05,1061.0,294.5177291,50.6703927
TOI-1238 b,TOI-1238,2,0.764597,0.0139,1.21,3.76,0.10794916,0.01183028,11.7,1133.0,201.3823387,68.8360678
K2-282 b,K2-282,2,4.169783,0.0499,2.5,6.8,0.22303545,0.0214,2.39,1057.0,13.4321524,7.9952914
HD 121504 b,HD 121504,1,63.33,0.33,13.6,479.9233,1.21,1.51,1.05,523.32,209.3199062,-56.0404085
WASP-133 b,WASP-133,1,2.176423,0.0345,13.56289,368.6828,1.21,1.16,0.88,1790.0,314.5754375,-35.7966224
Kepler-255 d,Kepler-255,3,1.045622658,0.0192,1.32,2.3,0.11776251,0.00724,5.5,1710.0,296.0642702,45.9767647
HD 63454 b,HD 63454,1,2.81805,0.04,12.31,79.4575,1.098,0.25,0.234,1018.06,114.8406393,-78.2791464
HD 6718 b,HD 6718,1,2476.0,3.53,13.3,762.7881768,1.18,2.4,1.78,148.94,16.9536005,-8.2336165
Kepler-483 b,Kepler-483,1,30.229104,0.19471,3.21,10.4,0.28637702,0.0327,1.73,755.0,291.6467764,41.8846843
BD+20 594 b,BD+20 594,1,41.6855,0.241,2.57807,22.2481,0.23,0.07,7.89,546.0,53.6511231,20.5990205
TYC 0434-04538-1 b,TYC 0434-04538-1,1,193.2,0.66,12.7,1938.763,1.14,6.1,5.2,877.8,271.3396528,2.0622774
Kepler-1243 b,Kepler-1243,1,16.8320729,0.1256,1.75,3.71,0.15612454,0.0117,3.8,690.0,294.009397,42.8807779
HD 73534 b,HD 73534,1,1750.0,2.99,13.7,353.42696,1.23,1.112,0.755,220.25,129.8153421,12.9599703
Kepler-1494 b,Kepler-1494,1,91.080482,0.3982,3.07,9.64,0.27388706,0.0303,1.83,415.0,282.6573891,43.1625334
Kepler-186 e,Kepler-186,5,22.407704,0.11,1.27,2.15,0.113,0.00678,5.77,319.0,298.652736,43.9549884
24 Sex c,24 Sex,2,883.0,2.08,13.9,273.32,1.24,0.86,0.559,377.31,155.8684866,-0.9023998
TIC 87422071 b,TIC 87422071,1,11.364929,0.106,10.8615023,409.99864503,0.969,1.29,1.8785,1110.0,273.0346013,-44.2434042
GJ 3988 b,GJ 3988,1,6.9442,0.0405,1.74,3.69,0.156,0.01161004,3.85,348.0,255.8503747,51.4089795
HD 9446 c,HD 9446,2,192.9,0.654,13.4,578.426,1.2,1.82,1.32,345.42,23.3350424,29.2649187
HD 35843 b,HD 35843,2,9.8991,0.088,2.29,5.84,0.204,0.01837469,2.67,872.3,81.3488924,-44.4312849
Kepler-116 b,Kepler-116,2,5.968734,0.069,3.42,11.6,0.305,0.0364,1.59,1251.0,294.7420605,43.5367842
K2-284 b,K2-284,1,4.795069,0.04771,2.78,8.15,0.24801499,0.0256,2.08,653.0,79.1407971,20.2549034
Kepler-1958 b,Kepler-1958,1,9.328619957,0.0856,2.05124311,4.86,0.18299997,0.0153,3.09,806.0,289.1041643,41.6901138
HD 152581 b,HD 152581,1,686.5,1.66,13.4,594.02427,1.2,1.869,1.36,426.55,253.4316451,11.9736828
Kepler-74 b,Kepler-74,1,7.340711,0.0781,10.76,200.22,0.96,0.63,0.88,1078.0,293.0925275,41.3555095
Kepler-87 c,Kepler-87,2,191.2318,0.676,6.14,6.4,0.548,0.02,0.152,403.0,297.9168433,46.9651146
Kepler-812 b,Kepler-812,1,10.11716531,0.1024,3.55,12.3,0.31670979,0.0388,1.51,1163.0,288.8552821,48.208517
Kepler-80 e,Kepler-80,6,4.64489,0.0491,1.6,4.13,0.14274244,0.01299437,3.75,629.0,296.1125759,39.9787451
TOI-2266 b,TOI-2266,1,2.326318,0.02,1.54,2.99,0.13738983,0.0094,4.5,550.0,245.2800398,31.5770413
WASP-23 b,WASP-23,1,2.9444256,0.0376,10.783,280.95,0.962,0.884,1.17,1076.55,101.1275033,-42.7622296
Kepler-1265 b,Kepler-1265,1,6.49441289,0.0612,1.35,2.39,0.12043893,0.00752,5.34,732.0,284.5858364,47.0795646
NGTS-1 b,NGTS-1,1,2.647298,0.0326,14.90797,258.07796,1.33,0.812,0.42,790.0,82.7142134,-36.6309812
Kepler-1187 b,Kepler-1187,1,18.87064068,0.1401,2.61,7.32,0.2328486,0.023,2.26,701.0,286.8919996,38.3185034
Kepler-164 e,Kepler-164,4,94.886902,0.4025,4.24,16.7,0.37826811,0.0525,1.2,429.0,287.7808115,47.6298453
Kepler-184 b,Kepler-184,3,10.687576,0.092,2.36,6.17,0.211,0.0194,2.58,780.0,291.9518784,43.0746172
HD 332231 b,HD 332231,1,18.712024,0.145,9.07303305,74.1,0.80944319,0.23314467,0.55,798.3,306.741134,33.7443882
TOI-1199 b,TOI-1199,1,3.671463,0.04988,10.5140239,75.96098927,0.938,0.239,0.358,1486.0,166.8806581,61.3525723
TOI-4961 b,TOI-4961,1,7.479182,0.0726,12.34108775,572.0911326,1.101,1.8,1.67,919.0,192.5018624,-59.8919345
Kepler-75 b,Kepler-75,1,8.8849116,0.0818,11.77,3209.9,1.05,10.1,11.0,767.0,291.1376203,36.5773443
HD 39091 b,HD 39091,3,2088.8,3.28,12.3,4481.3805387,1.1,14.1,13.2,172.74,84.2992798,-80.4646041
HAT-P-3 b,HAT-P-3,1,2.8997,0.03866,10.53646,206.5895,0.94,0.65,0.855,1189.0,206.0940142,48.028565
HD 30562 b,HD 30562,1,1157.0,2.34,13.6,467.20775829,1.21,1.47,1.02,235.27,72.1529519,-5.6751152
Kepler-233 c,Kepler-233,2,60.418955,0.287,2.71,7.8,0.242,0.0245,2.15,390.0,296.3665054,51.3194548
BD-10 3166 b,BD-10 3166,1,3.48777,0.04,14.1,187.5197,1.26,0.59,0.368,1240.38,164.6191243,-10.7704227
Kepler-1834 c,Kepler-1834,2,0.766691517,0.015,1.22,1.98,0.1088413,0.00624,5.99,1541.0,294.6646789,39.7838461
Kepler-207 c,Kepler-207,3,3.071571,0.044,1.5,2.86,0.134,0.00899,4.66,1556.0,290.0305195,42.1660555
Kepler-118 c,Kepler-118,2,20.17202,0.141,7.68,45.7,0.685,0.144,0.554,564.0,299.2131881,41.4248195
HATS-55 b,HATS-55,1,4.2042001,0.05412,14.022459,292.72143,1.251,0.921,0.587,1367.0,114.2833819,-32.7554188
Kepler-822 b,Kepler-822,1,3.222969273,0.04078,1.77,3.78,0.15790882,0.0119,3.75,1239.0,292.2760929,39.5501136
Kepler-292 e,Kepler-292,5,11.97901,0.097,2.67,7.61,0.238,0.0239,2.2,678.0,295.7661979,42.4242822
Kepler-444 e,Kepler-444,5,7.743493,0.0696,0.546,0.1,0.049,0.00031463,4.8,727.0,289.7528323,41.631884
bet Pic d,bet Pic,3,33200.0,26.0,14.12331568,762.7881768,1.26,2.4,1.49,600.0,86.8212337,-51.066148
HD 183263 c,HD 183263,2,4667.97841,5.585,12.5,2958.98246917,1.12,9.31,8.32,134.6,292.1022982,8.3579183
Kepler-654 b,Kepler-654,1,13.72465129,0.11664,2.07,4.94,0.18467303,0.0155,3.06,831.0,297.0683931,46.8342497
91 Aqr b,91 Aqr,1,181.4,0.7,13.1,1017.0,1.17,3.2,2.49,891.73,348.9745031,-9.0878076
Kepler-864 b,Kepler-864,2,5.83376092,0.0687,2.4,6.35,0.21411366,0.02,2.52,1143.0,285.0570943,46.3206074
Kepler-1628 b,Kepler-1628,1,76.378033,0.2952,6.43,33.8,0.57364618,0.106,0.699,240.0,281.6336936,43.4115547
Kepler-944 b,Kepler-944,1,43.3167737,0.2288,2.63,7.41,0.23463288,0.0233,2.24,459.0,293.6012911,42.379791
HD 181720 b,HD 181720,1,956.0,1.85,14.0,127.132,1.25,0.4,0.255,249.06,290.7212224,-32.9208401
Kepler-322 b,Kepler-322,2,1.653888,0.027,1.01,1.01,0.09,0.00317,5.39,1373.0,281.3487514,44.2952525
Kepler-1394 b,Kepler-1394,1,3.93766373,0.05474,1.39,2.51,0.12400749,0.0079,5.14,1947.0,283.4532068,45.0840729
HD 109246 b,HD 109246,1,68.27,0.33,13.9,273.3338,1.24,0.86,0.559,507.43,188.027184,74.4893379
Kepler-1672 b,Kepler-1672,1,150.878,0.55374,2.97022762,9.11,0.26498596,0.0287,1.91,423.0,297.9400971,40.2785566
Kepler-1744 b,Kepler-1744,1,37.10110092,0.20945,3.76754004,13.6,0.33611799,0.0429,1.4,532.0,291.0206823,42.4624633
TOI-4515 b,TOI-4515,1,15.266446,0.118,12.17,637.0,1.086,2.005,1.941,705.0,21.1861778,21.5130638
Ross 176 b,Ross 176,1,5.0066338,0.0464,1.84,4.57,0.16415409,0.01437883,4.03,682.0,305.6897438,47.3086191
CoRoT-31 b,CoRoT-31,1,4.62941,0.0586,16.36514,266.9772,1.46,0.84,0.33,1664.86,94.820735,-4.4222978
TOI-1775 b,TOI-1775,1,10.2405549,0.08,8.04728896,96.0,0.71793227,0.30204978,1.01,707.89,150.1151015,39.4577506
Kepler-129 c,Kepler-129,3,82.2,0.39,2.52,43.0,0.22481973,0.13529313,14.8,525.0,285.3111845,47.8484775
Kepler-1267 b,Kepler-1267,1,13.0313945,0.1057,3.01,9.32,0.26853421,0.0293,1.88,774.0,299.1695093,43.4410533
Kepler-1795 b,Kepler-1795,1,13.36019993,0.1002,1.66301611,3.4,0.14836462,0.0107,4.06,520.0,286.4792568,39.2698793
Kepler-903 c,Kepler-903,2,62.9228557,0.30249,2.53,6.94,0.22571148,0.0218,2.35,462.0,288.7710137,40.6641771
GJ 3293 c,GJ 3293,4,122.6196,0.36175,4.87,21.09,0.434,0.06635623,1.0,176.62,67.1484425,-25.1713396
TOI-5713 b,TOI-5713,1,10.441989,0.06008,1.77,3.78,0.1579091,0.0119,3.75,347.2,208.4587323,52.6027628
K2-285 b,K2-285,4,3.471745,0.03817,2.59,9.68,0.23106432,0.03045653,3.07,1088.9,349.3843458,1.3001522
TOI-4184 b,TOI-4184,1,4.9019804,0.0336,2.43,6.48,0.21679045,0.0204,2.48,412.0,43.8284749,-79.4147039
Kepler-220 c,Kepler-220,4,9.034199,0.076,1.57,3.09,0.14,0.00972,4.39,586.0,291.5060432,46.8956262
Kepler-880 b,Kepler-880,2,7.71468975,0.0915,2.66,7.56,0.23730931,0.0238,2.21,1622.0,281.9712347,43.6727839
HD 35843 c,HD 35843,2,46.9622,0.25,2.54,11.32,0.22660401,0.0356167,3.8,479.0,81.3488924,-44.4312849
HATS-68 b,HATS-68,1,3.5862202,0.05071,13.809488,410.0007,1.232,1.29,0.856,1741.0,15.006077,-58.9047242
Kepler-324 b,Kepler-324,4,4.385315,0.05,1.14,2414.4,0.102,7.59655193,3.0,935.0,286.4714473,49.6490933
Kepler-1547 b,Kepler-1547,1,0.692979676,0.01556,0.9,0.666,0.08029262,0.0021,5.02,3186.0,283.7640396,42.2220992
Kepler-116 c,Kepler-116,2,13.07163,0.116,2.3,5.9,0.205,0.0186,2.66,964.0,294.7420605,43.5367842
Kepler-1076 b,Kepler-1076,1,6.14727918,0.0611,0.8,0.437,0.07137122,0.00137,4.69,770.0,287.5902594,51.0606047
nu Oph b,nu Oph,2,529.93,1.765,12.0,7057.73298,1.07,22.206,22.4,620.57,269.7566013,-9.7741342
Kepler-170 b,Kepler-170,2,7.930592,0.08,3.2,82.6,0.285,0.26,13.9,899.0,284.5211975,41.6296562
HD 134987 c,HD 134987,2,5000.0,5.8,13.9,260.0,1.24,0.82,0.532,125.03,228.3675397,-25.3096721
Kepler-530 b,Kepler-530,1,39.30941904,0.21491,3.01,9.32,0.26853421,0.0293,1.88,488.0,283.3402948,48.549062
Kepler-1596 b,Kepler-1596,1,66.373379,0.3237,1.9,4.27,0.16950665,0.0134,3.42,471.0,285.5575066,49.3300866
Kepler-396 c,Kepler-396,2,88.505,0.38946,5.3,17.9,0.473,0.056,0.661,390.0,296.1328135,48.9773095
WASP-88 b,WASP-88,1,4.954,0.06431,16.36514,133.4886,1.46,0.42,0.141,1772.0,309.5112337,-48.4620833
Kepler-1438 b,Kepler-1438,1,2.31942009,0.0346,0.94,0.779,0.08386118,0.00245,5.15,1490.0,289.289819,40.6816262
GJ 15 A b,GJ 15 A,2,11.4407,0.072,1.55,3.03,0.139,0.0095334,4.47,550.0,4.6126677,44.0247296
TOI-157 b,TOI-157,1,2.0845435,0.03138,14.414774,375.0394,1.286,1.18,0.686,1588.0,73.7014398,-76.6806061
K2-114 b,K2-114,1,11.390931,0.0944,10.59248676,638.83509807,0.945,2.01,2.96,701.4,127.882912,11.922255
Kepler-100 b,Kepler-100,4,6.88734,0.07309,1.34,4.01,0.119547,0.01261687,12.357908,1155.0,291.3861294,41.9901394
tau Gem b,tau Gem,1,305.5,1.17,12.1,6547.0,1.08,20.6,20.3,1012.69,107.7847232,30.2449545
Kepler-265 c,Kepler-265,4,17.028937,0.127,2.63,7.41,0.235,0.0233,2.24,755.0,290.5104788,41.244743
Kepler-1921 c,Kepler-1921,2,3.15722086,0.0454,1.41,2.57,0.12579199,0.00809,5.04,1791.0,300.3161723,45.4953271
CoRoT-19 b,CoRoT-19,1,3.89713,0.0518,14.46,352.78,1.29,1.11,0.71,2000.0,97.0335983,-0.1707293
HD 110537 b,HD 110537,1,24469.67342,16.714,11.9,8612.83200129,1.06,27.099,28.1,72.83,190.7462412,-4.0501059
Kepler-788 b,Kepler-788,1,8.39846269,0.0835,2.55,7.04,0.22749576,0.0221,2.33,984.0,290.0004154,38.5398551
Kepler-336 b,Kepler-336,3,2.024823,0.033,1.02,1.04,0.091,0.00328,5.39,1625.0,290.2376224,41.3313637
HIP 48714 b,HIP 48714,1,17.818,0.112,5.11,22.9,0.456,0.0720511,0.943,446.47,149.0332672,62.7859505
Kepler-154 b,Kepler-154,5,33.040532,0.198,2.26,5.73,0.202,0.018,2.73,561.0,289.7805393,49.8965624
Kepler-1225 b,Kepler-1225,1,7.01075434,0.0771,1.82,3.97,0.16236952,0.0125,3.62,1453.0,290.6332748,40.1369671
Kepler-332 c,Kepler-332,3,15.995622,0.114,1.09,1.32,0.097,0.00416,5.6,550.0,286.6627811,47.4136938
WASP-173 A b,WASP-173 A,1,1.38665318,0.0248,13.4508,1172.7927,1.2,3.69,2.84,1880.0,354.1686959,-34.6113042
WASP-71 b,WASP-71,1,2.90367,0.046,13.22662,441.7837,1.18,1.39,1.1,2016.1,29.2634506,0.7588247
Kepler-66 b,Kepler-66,1,17.815815,0.1352,2.8,8.25,0.25,0.0259,2.07,699.0,293.9815378,46.687728
Kepler-755 b,Kepler-755,2,1.269090374,0.02156,1.76,3.75,0.15701668,0.0118,3.78,1331.0,296.8609348,41.0973178
Kepler-1785 b,Kepler-1785,1,19.58550072,0.13917,2.70422447,7.77,0.24125516,0.0245,2.16,666.0,295.7921797,47.6000699
GJ 9773 b,GJ 9773,1,2965.0,2.921,14.2,172.580825,1.26,0.543,0.331,59.89,333.1502333,8.5503355
Kepler-247 d,Kepler-247,3,20.477912,0.14,3.94,14.7,0.352,0.0463,1.32,530.0,288.6425609,43.0393769
Kepler-1552 b,Kepler-1552,1,184.771853,0.6011,2.47,6.66,0.22035864,0.021,2.43,268.0,291.6768669,38.8749152
Kepler-549 c,Kepler-549,3,117.040498,0.45332,2.93,8.91,0.26139709,0.028,1.95,349.0,283.0228527,47.2611431
Kepler-130 d,Kepler-130,3,87.517905,0.377,1.64,3.33,0.146,0.0105,4.15,451.0,288.4505905,40.2452006
HD 24040 c,HD 24040,2,515.4,1.3,9.35,63.88350981,0.834,0.201,0.429,287.75,57.5962104,17.4752873
Kepler-304 b,Kepler-304,4,3.295709,0.039,2.86,8.55,0.255,0.0269,2.01,875.0,294.4418031,40.5575408
Kepler-2000 b,Kepler-2000,2,6.383159135,0.0562,2.73,7.9,0.24355471,0.0249,2.13,530.0,285.5743032,49.9621218
Kepler-327 c,Kepler-327,3,5.212333,0.047,1.03,20.3,0.092,0.064,102.0,537.0,292.6422963,44.0876251
LSPM J2116+0234 b,LSPM J2116+0234,1,14.4399,0.0876,3.71,13.3,0.331,0.04184627,1.43,371.68,319.1147513,2.5807711
Kepler-1371 c,Kepler-1371,2,2.00541269,0.02937,0.64,0.196,0.05709698,0.000618,4.11,1216.0,288.8314251,47.5519753
BD+20 274 b,BD+20 274,1,578.2,1.3,13.0,1334.886,1.16,4.2,3.34,755.7,25.9203179,21.0052692
Kepler-538 b,Kepler-538,1,81.73778,0.3554,2.215,12.9,0.1976094,0.04058794,6.5,417.0,297.4865503,49.6233975
HD 189567 c,HD 189567,2,33.688,0.197,2.54,7.0,0.227,0.02202446,2.35,634.41,301.3959616,-67.3237992
HAT-P-62 b,HAT-P-62,1,2.6453235,0.03772,12.02723629,241.86741773,1.073,0.761,0.77,1512.0,74.5043816,48.3008551
Kepler-443 b,Kepler-443,1,177.6693,0.495,2.33,6.04,0.21,0.019,2.62,233.0,288.6104839,49.9685458
TOI-530 b,TOI-530,1,6.387597,0.052,9.30345398,127.1313628,0.83,0.4,0.93,565.0,103.4128333,12.8815784
GJ 676 A b,GJ 676 A,4,1051.44521,1.735,12.8,1840.86213334,1.14,5.792,4.82,113.55,262.5448903,-51.6377777
WASP-175 b,WASP-175,1,3.0652907,0.04403,13.540472,314.6517,1.208,0.99,0.74,1571.0,166.3187996,-34.1227453
Kepler-127 c,Kepler-127,3,29.393195,0.2,2.66,7.56,0.237,0.0238,2.21,698.0,285.1899439,46.0280596
HD 1605 c,HD 1605,2,2149.0,3.584,13.0,1150.5446,1.16,3.62,2.88,233.88,5.1317548,30.9750611
HIP 14810 b,HIP 14810,3,6.673892,0.0696,13.0,1239.537,1.16,3.9,3.1,1048.2,47.809275,21.0971302
LHS 1678 b,LHS 1678,3,0.8602325,0.01239,0.685,0.35,0.06111171,0.00110122,6.0,830.44,68.1789866,-39.7908744
Kepler-42 b,Kepler-42,3,1.2137672,0.0116,0.78,0.705944,0.07,0.00222115,0.15,519.0,292.2196,44.6173667
HD 141937 b,HD 141937,1,662.37,1.54,12.4,3591.4609991,1.11,11.3,10.4,231.49,238.0735585,-18.4359716
TOI-1518 b,TOI-1518,1,1.90261131,0.03712,21.05046575,581.62598481,1.878,1.83,0.343,2546.0,352.2675207,67.0348062
Kepler-388 b,Kepler-388,2,3.173315,0.036,0.81,0.457,0.072,0.00144,4.73,830.0,284.8280577,44.6086451
TOI-2458 c,TOI-2458,2,16.553,0.129,3.18,10.22,0.283,0.03215572,1.75,922.76,79.621529,1.253439
HD 18599 b,HD 18599,1,4.1374354,0.048,2.6,24.1,0.23195686,0.07582708,7.5,863.0,44.2620144,-56.1918694
Kepler-1301 b,Kepler-1301,1,9.08237046,0.0815,1.4,2.54,0.12489963,0.008,5.09,734.0,286.6041816,42.4403309
HD 73583 b,HD 73583,2,6.398042,0.0604,2.79,10.2,0.24890756,0.03209279,2.58,714.0,129.6883026,-13.2565267
Kepler-784 c,Kepler-784,2,17.157236,0.1309,1.55,3.02,0.13828198,0.00951,4.46,844.0,295.9206663,47.4486164
Kepler-1216 b,Kepler-1216,1,4.37034536,0.0519,1.39,2.51,0.12400749,0.0079,5.14,1191.0,287.4052661,45.917979
Kepler-149 c,Kepler-149,3,55.328328,0.281,1.61,3.22,0.144,0.0101,4.24,436.0,285.8537014,38.3840916
HD 33142 d,HD 33142,3,89.9,0.452,9.32,63.5656814,0.832,0.2,0.431,736.04,76.8980559,-13.9863374
Kepler-1896 b,Kepler-1896,1,44.87020111,0.2529,3.09935997,9.8,0.27650685,0.0308,1.81,536.0,289.6785786,40.2496475
Kepler-653 b,Kepler-653,2,14.70748976,0.11945,1.95,4.46,0.17396735,0.014,3.31,819.0,282.2130447,46.7177898
Kepler-714 b,Kepler-714,1,8.098887986,0.0832,9.67,67.6,0.86269962,0.213,0.411,986.0,282.6994685,43.2727437
Kepler-1458 b,Kepler-1458,1,47.9872764,0.24869,2.76,8.05,0.24623071,0.0253,2.1,493.0,283.2115971,41.0380135
TOI-4364 b,TOI-4364,1,5.424019,0.04753,2.01,4.7,0.1793205,0.0148,3.18,488.0,80.066927,-4.2392481
K2-57 b,K2-57,1,9.0073,0.0752,2.30905002,5.94,0.206,0.0187,2.65,635.8,342.6918241,-14.0700007
Kepler-481 b,Kepler-481,1,10.06082567,0.08926,2.5,6.8,0.22303506,0.0214,2.39,899.0,291.9069862,49.262076
Kepler-1419 b,Kepler-1419,1,42.5215895,0.2391,2.86,8.55,0.25515211,0.0269,2.01,510.0,292.2545917,37.971376
HD 95338 b,HD 95338,1,55.082694,0.262,4.27174254,42.9,0.3811,0.135,3.98,443.0,164.8563364,-56.6235564
Kepler-1112 b,Kepler-1112,1,14.36267939,0.1239,3.02,9.38,0.26942635,0.0295,1.87,918.0,296.9687937,47.7514799
Kepler-345 c,Kepler-345,2,9.387427,0.077,1.2,2.2,0.107,0.00692194,1.22,575.0,295.2288521,45.9710432
KOI-142 c,KOI-142,3,22.26492,0.154121003,14.0,214.1,1.25,0.674,0.429,635.87,291.1481028,40.669413
HD 148427 b,HD 148427,1,331.9,1.11,13.7,381.3940884,1.22,1.2,0.815,451.86,247.1171311,-13.3996231
Kepler-271 c,Kepler-271,3,7.41086267,0.06993,0.95,0.809,0.08475332,0.00254,5.18,850.0,283.0029316,44.284108
Pr0211 b,Pr0211,2,2.1461,0.03176,13.4,597.5204,1.2,1.88,1.36,1304.13,130.547744,19.276957
Kepler-372 c,Kepler-372,3,20.053763,0.154,2.09,5.02,0.186,0.0158,3.02,755.0,291.2562253,49.2589288
Kepler-338 c,Kepler-338,4,24.310856,0.172,2.34,6.08,0.209,0.0191,2.61,831.0,282.9790593,40.7844188
GJ 3998 c,GJ 3998,3,13.727,0.09,2.5,6.82,0.223,0.02145812,2.4,423.49,259.0020507,11.0561751
HD 137388 b,HD 137388,1,330.0,0.89,9.32,63.566,0.832,0.2,0.431,248.42,233.915082,-80.2044169
Kepler-1673 b,Kepler-1673,1,33.7888,0.21363,2.9355194,8.93,0.2618895,0.0281,1.94,611.0,285.6671724,48.7195865
Kepler-1868 b,Kepler-1868,1,211.0339966,0.62348,3.14950109,10.1,0.28098015,0.0317,1.78,215.0,293.2983733,43.5558025
HD 87883 b,HD 87883,1,3006.0,3.77,12.7,2005.49724817,1.14,6.31,5.38,110.52,152.1794175,34.2419984
Kepler-740 b,Kepler-740,1,3.584101216,0.0462,4.57,18.9,0.40770809,0.0596,1.09,1131.0,286.4822566,46.692456
Kepler-1322 c,Kepler-1322,2,6.459980011,0.0652,2.15492527,5.29,0.19224989,0.0166,2.9,883.0,293.2045009,45.4353919
Kepler-379 b,Kepler-379,2,20.09838,0.152,1.66,3.39,0.148,0.0107,4.07,775.0,295.7010981,38.9458209
HD 216435 b,HD 216435,1,1311.0,2.56,13.7,400.4,1.22,1.26,0.856,242.57,343.4094703,-48.5986332
HATS-76 b,HATS-76,1,1.9416423,0.02658,12.09449018,835.570882,1.079,2.629,2.58,939.8,70.3397665,-32.3204175
Kepler-1211 b,Kepler-1211,1,11.01816836,0.09763,2.55,7.04,0.22749576,0.0221,2.33,840.0,285.7207618,40.8569116
HAT-P-33 b,HAT-P-33,1,3.47447,0.04995,20.73665,292.4036,1.85,0.92,0.2,1782.0,113.1842383,33.8350214
HD 12235 c,HD 12235,2,36336.70679,22.21,12.5,3135.69506346,1.11,9.866,8.82,82.22,30.0391601,3.0959098
CoRoT-26 b,CoRoT-26,1,4.20474,0.0526,14.12,165.26,1.26,0.52,0.28,1600.0,279.7504991,6.9697828
Kepler-1161 b,Kepler-1161,1,10.71252541,0.0784,2.13,5.18,0.19002587,0.0163,2.95,485.0,299.0770621,45.4405583
Kepler-224 e,Kepler-224,4,18.643577,0.124,1.97,4.54,0.176,0.0143,3.26,517.0,290.9342679,47.3575414
mu Leo b,mu Leo,1,357.8,1.1,13.3,762.8,1.18,2.4,1.78,704.49,148.1898673,26.0067142
WASP-176 b,WASP-176,1,3.899052,0.0535,16.869545,271.74465,1.505,0.855,0.31,1721.0,313.6872928,9.1790688
WASP-65 b,WASP-65,1,2.3114243,0.0334,12.464,492.62,1.112,1.55,1.5,1480.0,133.3242982,8.5230171
HD 60292 b,HD 60292,1,495.4,1.5,12.7,2065.895,1.13,6.5,5.54,889.53,114.6201698,66.2350517
HD 2685 b,HD 2685,1,4.12688,0.0568,16.14096,371.8611,1.44,1.17,0.486,2061.0,7.3289156,-76.304032
HIP 12961 b,HIP 12961,1,57.435,0.25,13.2,114.4188,1.18,0.36,0.273,303.32,41.6800749,-23.0860048
K2-53 b,K2-53,1,12.20772,0.098,2.6,7.27,0.23195646,0.0229,2.27,665.0,244.1419684,-20.4005984
WASP-117 b,WASP-117,1,10.02165,0.09459,11.88154,95.349,1.06,0.3,0.3445,1001.0,36.7758112,-50.2844247
Kepler-363 d,Kepler-363,3,11.932125,0.107,2.05,4.86,0.183,0.0153,3.1,905.0,283.1920779,41.3054172
K2-37 b,K2-37,3,4.4434,0.05105,1.39,2.51,0.12400771,0.0079,5.14,949.0,243.4509662,-24.7870527
Kepler-1594 b,Kepler-1594,1,2.71603809,0.0396,1.06,1.2,0.09456687,0.00377,5.54,1360.0,293.6230451,47.9619127
HD 4917 b,HD 4917,1,400.5,1.167,13.5,513.29545,1.21,1.615,1.15,479.78,12.7762624,-12.9276648
HIP 65407 b,HIP 65407,2,28.125,0.177,14.3,136.03124,1.28,0.428,0.256,610.68,201.087663,48.8847322
Kepler-1149 b,Kepler-1149,1,3.73089898,0.0473,1.44,2.67,0.1284682,0.00839,4.91,1128.0,294.1891824,45.1515263
Gaia-1 b,Gaia-1,1,3.052524,0.04047,13.77583728,533.95172376,1.229,1.68,1.12,1159.07,90.6436658,-0.5771099
Kepler-1527 b,Kepler-1527,1,160.129918,0.6276,4.77,20.4,0.4255509,0.0641,1.03,450.0,297.4144457,46.0608077
Kepler-986 b,Kepler-986,1,56.4349938,0.29131,2.36,6.17,0.2105451,0.0194,2.58,465.0,293.0940391,42.8964457
Kepler-1070 b,Kepler-1070,1,6.2216147,0.06753,1.73,3.64,0.15434026,0.0115,3.86,1101.0,293.1953923,49.316541
HD 31527 b,HD 31527,3,16.5535,0.1254,3.22,10.47,0.288,0.0329,1.72,832.2,73.9096193,-23.2413163
Kepler-286 d,Kepler-286,4,5.914323,0.061,1.33,2.33,0.119,0.00733,5.44,919.0,290.6761874,48.2942362
Kepler-1141 b,Kepler-1141,1,2.344511944,0.03496,0.82,0.477,0.0731555,0.0015,4.75,1471.0,290.5436836,47.7259073
Kepler-1980 b,Kepler-1980,1,33.0257179,0.2049,2.21,5.52,0.19716333,0.0174,2.81,564.0,295.1672065,38.637039
Kepler-733 b,Kepler-733,1,20.83424726,0.1483,2.82,8.35,0.25158355,0.0263,2.05,595.0,293.0181882,45.9147063
Kepler-1845 b,Kepler-1845,1,11.60649967,0.0885,2.43836702,6.52,0.21753691,0.0205,2.47,584.0,292.9016226,38.297032
HD 168443 b,HD 168443,2,58.11187,0.292,12.6,2424.3950886,1.13,7.628,6.66,641.03,275.0159879,-9.5966905
TOI-5938 b,TOI-5938,1,2.260424,0.0308,3.82,14.0,0.34079816,0.044,1.38,1077.0,303.9088422,28.6592261
Kepler-1034 b,Kepler-1034,1,12.12400943,0.0965,2.26,5.73,0.2016237,0.018,2.73,675.0,286.1154093,37.9669464
Kepler-1286 b,Kepler-1286,1,11.25402929,0.0991,2.15,5.27,0.19181015,0.0166,2.91,888.0,280.2583709,43.8357433
K2-189 b,K2-189,2,2.58812,0.0361,1.403,2.55,0.12516749,0.00803,5.07,1203.0,203.6214411,-15.0365158
HD 13724 c,HD 13724,1,142.22895,0.534,8.18,50.85254512,0.729,0.16,0.511,393.06,33.0859626,-46.8166738
Kepler-643 b,Kepler-643,1,16.33889626,0.13485,10.16,321.0083,0.90641449,1.01,1.68,963.0,290.3272423,42.8982283
CoRoT-7 c,CoRoT-7,3,3.698,0.046,2.83,8.4,0.253,0.02642922,2.04,1098.59,100.9561682,-1.0630076
Kepler-318 b,Kepler-318,2,4.662715,0.056,4.71,19.9,0.42,0.0627,1.05,1039.0,298.4828337,46.7936357
HD 185269 b,HD 185269,1,6.83776,0.077,13.8,321.0083,1.23,1.01,0.671,1455.61,294.2987668,28.499514
Kepler-47 b,Kepler-47,3,49.4643,0.2877,3.05,2.07,0.27210277,0.00651292,0.4,490.2,295.2978883,46.9204303
HD 156098 b,HD 156098,2,21.85849,0.167,4.12,15.89142035,0.368,0.05,1.25,1257.73,259.264687,-32.6630768
HD 190007 b,HD 190007,1,11.724128,0.092,4.06,15.5,0.362,0.04876845,1.27,651.41,300.6956339,3.3266992
HD 155358 c,HD 155358,2,391.9,1.02,13.9,261.0,1.24,0.82,0.534,330.92,257.3930947,33.3549277
Kepler-1603 b,Kepler-1603,1,2.27163926,0.0351,1.29,2.21,0.11508609,0.00696,5.66,1522.0,295.3298254,42.5349698
Kepler-732 b,Kepler-732,2,9.467814048,0.0691,2.18,5.39,0.19448657,0.017,2.86,407.0,283.7317274,45.9585288
HATS-27 b,HATS-27,1,4.637038,0.0611,16.8135,168.4499,1.5,0.53,0.18,1659.0,193.5524603,-46.5877159
HD 32963 b,HD 32963,1,2372.0,3.41,13.4,657.90480249,1.19,2.07,1.5,157.63,76.9820146,26.3276805
Kepler-1860 b,Kepler-1860,1,12.73719978,0.10625,1.13863767,1.55,0.10158262,0.00487,5.77,697.0,294.3508497,50.0809627
HD 29399 b,HD 29399,1,892.7,1.913,13.5,498.99059899,1.21,1.57,1.11,358.32,68.3903471,-62.8237576
XO-3 b,XO-3,1,3.19152309,0.04815,14.79585452,4217.58296089,1.32,13.27,7.16,1890.0,65.4695814,57.8172095
Kepler-1040 b,Kepler-1040,1,201.1214,0.67249,2.08,4.98,0.18556517,0.0157,3.04,300.0,283.1137663,48.1312774
TOI-5882 b,TOI-5882,1,7.148972,0.0804,11.46678726,6995.40323807,1.023,22.01,25.4,1515.0,311.8886385,34.7374918
KOI-134 c,KOI-134,2,33.95,0.2305,9.86,69.92224954,0.88,0.22,0.401,798.82,295.586598,45.3649371
Kepler-542 b,Kepler-542,1,13.14497566,0.10703,1.57,3.09,0.14006602,0.00972,4.39,698.0,292.2149697,38.5485469
Kepler-1683 b,Kepler-1683,1,15.0337,0.1182,1.87477762,4.17,0.16725646,0.0131,3.48,669.0,298.4501035,44.2840193
HD 23472 c,HD 23472,5,29.79749,0.1646,1.87,3.41,0.16683051,0.01072906,3.1,467.0,55.4590314,-62.7672667
Kepler-285 c,Kepler-285,2,6.186676,0.064,1.12,1.46,0.1,0.00459,5.71,851.0,291.3908469,48.0655392
HD 17092 b,HD 17092,1,359.89999,1.31,12.5,3219.6179,1.11,10.13,9.06,671.64,41.5924261,49.6530375
Kepler-339 c,Kepler-339,3,6.988055,0.069,1.15,7.3,0.103,0.023,26.4,914.0,293.351701,48.4445922
Kepler-310 c,Kepler-310,3,56.47542,0.281,3.38,11.4,0.302,0.0357,1.62,417.0,288.839278,46.9867472
HD 1690 b,HD 1690,1,533.0,1.36,12.5,2793.7257,1.12,8.79,7.86,841.73,5.3055886,-8.2811442
Kepler-1398 b,Kepler-1398,2,2.78815679,0.03909,0.9,0.666,0.08029262,0.0021,5.02,1510.0,294.8661073,48.6389923
NGTS-8 b,NGTS-8,1,2.4997,0.035,12.21781,295.5819,1.09,0.93,0.89,1345.0,328.9759206,-14.0684399
HD 3765 b,HD 3765,1,1211.0,2.108,8.56,54.98431441,0.764,0.173,0.482,152.85,10.2072994,40.1842918
KOBE-1 c,KOBE-1,2,29.671,0.16071,3.56,12.4,0.318,0.03901476,1.51,392.5,19.1660378,25.3310358
TOI-6420 b,TOI-6420,1,6.961508,0.0753,11.93756445,2606.1929374,1.065,8.2,8.4,1213.0,125.5443036,-19.1242852
Kepler-970 b,Kepler-970,1,16.736525,0.139,2.609,7.31,0.23275979,0.023,2.26,464.0,289.6252192,40.7087351
TOI-5388.01,TOI-5388,1,2.5946748,0.024335855,0.99,2.2,0.08832204,0.00692197,11.9,488.0,152.1765169,35.5475571
HD 45364 c,HD 45364,2,345.43,0.902,14.2,174.48779544,1.26,0.549,0.335,261.82,96.4105736,-31.4810037
HAT-P-70 b,HAT-P-70,1,2.74432452,0.04739,20.96083,2154.8874,1.87,6.78,1.54,2562.0,74.5523332,9.9979794
Kepler-69 c,Kepler-69,2,242.4613,0.64,1.71,3.57,0.153,0.0112,3.92,299.0,293.2609013,44.8688656
HD 218566 b,HD 218566,1,225.7,0.69,9.32,63.566,0.832,0.2,0.431,253.15,347.297417,-2.2611645
Kepler-454 b,Kepler-454,3,10.5737534,0.09528,2.37,5.4,0.2114376,0.0169903,2.23,916.0,287.4786474,38.2290751
BD+63 1405 b,BD+63 1405,1,1198.48,2.06,12.4,3305.4154328,1.11,10.4,9.53,150.69,271.3979337,63.6700064
Kepler-311 c,Kepler-311,3,19.738286,0.145,1.43,2.63,0.128,0.00829,4.94,744.0,282.0612731,47.0854984
Kepler-943 b,Kepler-943,1,49.7701438,0.2559,5.93,29.5,0.52903916,0.0928,0.777,455.0,284.2739322,41.5349809
HD 113538 c,HD 113538,2,1818.0,2.44,13.8,295.57,1.24,0.93,0.618,100.28,196.233933,-52.4463502
Kepler-836 b,Kepler-836,1,11.36112327,0.1013,2.73,7.9,0.24355429,0.0249,2.13,869.0,287.4527659,45.7043964
TOI-122 b,TOI-122,1,5.07803,0.0392,2.72,7.85,0.24266215,0.0247,2.14,471.0,332.9482355,-58.946085
Kepler-223 c,Kepler-223,4,9.84564,0.09117,3.44,5.1,0.30689624,0.01604631,0.71,947.0,298.3183909,47.2794824
Kepler-137 b,Kepler-137,2,8.436387,0.077,1.47,2.76,0.131,0.00869,4.77,742.0,282.1355875,43.0391951
HD 27894 c,HD 27894,3,36.07,0.198,8.24,51.48846,0.735,0.162,0.506,498.89,65.1975693,-59.4096776
TOI-5076 b,TOI-5076,1,23.443162,0.1481,3.48935569,16.14568308,0.3113,0.0508,2.08,550.0,50.5104166,17.2392094
HATS-52 b,HATS-52,1,1.36665436,0.02498,15.490838,711.9392,1.382,2.24,1.06,1834.0,140.0875894,-31.2692116
K2-241 b,K2-241,1,26.8199,0.1567,2.55,7.04,0.22749576,0.0221,2.33,507.0,181.2386829,-6.8052985
Kepler-250 d,Kepler-250,3,17.648312,0.127,2.18,5.39,0.194,0.017,2.86,579.0,289.5947633,44.1418114
HD 240237 b,HD 240237,1,745.70001,1.92,12.2,5050.3187,1.09,15.89,15.3,1153.09,348.9259334,58.0432233
TOI-1601 b,TOI-1601,1,5.33175,0.069,14.19902343,387.0,1.2667542,1.21763817,0.74,1493.97,38.361569,41.0134321
Kepler-1298 b,Kepler-1298,1,7.12811928,0.0814,1.31,2.27,0.11687037,0.00714,5.55,1373.0,284.4227535,49.1061907
HD 4732 b,HD 4732,2,371.74,1.129,13.4,631.2072163,1.19,1.986,1.44,498.53,12.3085089,-24.1369079
TOI-237 b,TOI-237,2,5.436098,0.0341,1.44,2.67,0.1284682,0.00839,4.91,388.0,353.2435381,-29.416487
TOI-1694 b,TOI-1694,2,3.7701389,0.0445,5.27,28.24,0.47015872,0.08885298,1.062,1037.0,97.7487104,66.3605956
K2-155 c,K2-155,3,13.85,0.0946,2.6,7.27,0.23195646,0.0229,2.27,583.0,65.469614,21.3532633
Kepler-289 b,Kepler-289,4,34.5383,0.21183,2.49,3.7,0.2221433,0.0116415,1.45,607.0,297.4653351,42.8828517
HIP 109600 b,HIP 109600,1,232.08,0.706,13.2,851.7844,1.18,2.68,2.04,312.88,333.027079,29.0662082
HAT-P-44 b,HAT-P-44,2,4.301219,0.0507,13.922,111.871,1.242,0.352,0.23,1108.0,213.1438604,47.0147826
eps Ind A b,eps Ind A,1,25450.0,15.76,12.7,2065.8846455,1.13,6.5,5.54,275.0,330.8714021,-56.7969023
Kepler-407 b,Kepler-407,2,0.6693124,0.01531,1.19,1.93,0.10616487,0.00607246,5.876579,1983.0,286.0363025,49.6145027
HD 48265 b,HD 48265,2,778.51,1.814,12.6,2351.9302118,1.13,7.4,6.46,283.0,100.0073683,-48.5418284
Kepler-263 b,Kepler-263,2,16.568087,0.12,2.67,7.61,0.238,0.0239,2.2,548.0,292.4698022,37.5677941
Kepler-1219 b,Kepler-1219,1,16.10467749,0.14146,2.12,5.14,0.18913373,0.0162,2.96,1159.0,297.2158443,47.3785082
Kepler-9 b,Kepler-9,3,19.23891,0.143,8.29,43.4,0.73958426,0.13655099,0.42,661.0,285.5739904,38.4008192
Kepler-1574 b,Kepler-1574,1,6.9424334,0.0743,1.29,2.21,0.11508609,0.00696,5.66,1003.0,292.1586689,49.6377914
Kepler-1411 b,Kepler-1411,1,86.1150888,0.4001,2.82,8.35,0.25158355,0.0263,2.05,441.0,286.3615236,42.9638889
TOI-3353.01,TOI-3353,1,4.6657965,0.060118218,2.6667555,7.59,0.23765421,0.0239,2.2,1264.36,106.5298146,-75.8195594
TOI-2180 b,TOI-2180,1,260.79,0.828,11.32107051,875.61726129,1.01,2.755,3.32,348.0,277.94363,56.6506789
61 Vir c,61 Vir,3,38.021,0.2175,4.46,18.2,0.398,0.057,1.13,565.87,199.596455,-18.3157745
Kepler-1050 c,Kepler-1050,2,21.1284569,0.15264,1.48,2.79,0.13203676,0.00879,4.73,935.0,282.9249847,48.6264015
Kepler-1306 b,Kepler-1306,1,16.29595382,0.123,1.91,4.31,0.17039879,0.0136,3.4,678.0,294.4783627,46.9458638
K2-285 c,K2-285,4,7.138048,0.0824,3.53,15.68,0.31492551,0.04933455,1.95,741.4,349.3843458,1.3001522
Kepler-201 c,Kepler-201,2,151.884058,0.573,2.85,8.5,0.254,0.0267,2.02,378.0,293.626059,41.2728004
K2-291 b,K2-291,1,2.225177,0.03261,1.589,6.49,0.14176108,0.02041972,8.84,1278.0,76.44594,21.548199
HD 220773 b,HD 220773,1,3724.7,4.94,13.6,460.8,1.21,1.45,1.01,167.02,351.6144715,8.6428871
BD-11 4672 b,BD-11 4672,2,1634.0,2.36,14.1,206.5895,1.25,0.65,0.405,114.17,278.3688659,-11.6370481
TOI-169 b,TOI-169,1,2.2554477,0.03524,12.172974,251.40353,1.086,0.791,0.76,1715.0,16.7786879,-75.1989452
Kepler-1564 b,Kepler-1564,1,18.0540381,0.1327,1.47,2.76,0.13114462,0.00869,4.77,635.0,290.5861316,46.6427486
GJ 536 c,GJ 536,2,32.761,0.1617,2.3,5.89,0.205,0.01853201,2.66,290.5,210.2597264,-2.6522901
K2-243 c,K2-243,2,24.94598,0.1817,2.01,4.7,0.17932019,0.0148,3.18,801.0,181.1211419,-4.8991358
Kepler-332 d,Kepler-332,3,34.21154,0.189,1.18,1.76,0.105,0.00553,5.89,427.0,286.6627811,47.4136938
Kepler-26 c,Kepler-26,4,17.2559,0.10725,2.72,6.2,0.24266215,0.01950728,1.61,385.0,284.9410627,46.5664505
Kepler-102 f,Kepler-102,5,27.453592,0.1656,0.861,4.3,0.07681341,0.01352931,37.0,495.0,281.4824731,47.2078263
Kepler-1147 b,Kepler-1147,1,10.62784997,0.0961,2.61,7.32,0.2328486,0.023,2.26,872.0,292.5474753,41.6429221
Kepler-10 b,Kepler-10,3,0.8374907,0.01685,1.47,3.24,0.13114484,0.01019418,5.54,2188.0,285.679298,50.2414842
HD 94834 b,HD 94834,1,1576.0,2.74,13.7,400.4658,1.22,1.26,0.856,286.45,164.3126363,24.1429374
Kepler-271 d,Kepler-271,3,5.24972541,0.05554,0.66,0.219,0.05888126,0.00069,4.19,954.0,283.0029316,44.284108
TOI-1233.01,HD 108236,5,14.175685,0.1074,2.539,6.98,0.22651441,0.022,2.34,708.0,186.5740627,-51.3630519
K2-292 b,K2-292,1,16.9841,0.13,2.63,24.5,0.23463288,0.07708523,7.4,795.0,205.3758786,-9.9460704
K2-157 c,K2-157,3,25.942,0.165,6.08,30.8,0.543,0.0967,0.753,587.0,183.7514959,-5.7820178
Kepler-736 b,Kepler-736,1,3.60147201,0.0428,2.93,8.91,0.26139709,0.028,1.95,996.0,285.3913092,46.1809293
HD 221585 b,HD 221585,1,1173.0,2.306,13.5,511.7063,1.21,1.61,1.14,242.77,353.2293802,63.1556146
XO-2 N b,XO-2 N,4,2.61585906,0.03666,11.130537,199.91507,0.993,0.629,0.715,1328.0,117.0267691,50.2251472
4 UMa b,4 UMa,1,270.27,0.877,12.6,2511.48007211,1.12,7.902,6.9,967.44,130.0528099,64.3280504
Kepler-1318 b,Kepler-1318,1,213.257663,0.6085,3.11,9.85,0.27745562,0.031,1.8,202.0,290.3763246,41.1507928
K2-69 b,K2-69,1,7.06599,0.0591,2.32,5.99,0.20697654,0.0189,2.64,573.61,335.7596816,-10.4886817
HD 43197 c,HD 43197,2,9295.9735,8.54,12.6,2500.67390628,1.12,7.868,6.87,90.89,93.3993231,-29.8971929
TOI-712 d,TOI-712,3,84.8396,0.3405,2.474,6.68,0.22071588,0.021,2.42,313.6,92.9361063,-65.8258386
NGTS-18 b,NGTS-18,1,3.05125,0.0448,13.56286665,129.99181846,1.21,0.409,0.28,1381.0,180.5462193,-35.5486091
Kepler-1046 b,Kepler-1046,1,14.37508035,0.11858,1.71,3.57,0.15255598,0.0112,3.92,786.0,296.7558056,46.9982799
Kepler-1361 b,Kepler-1361,1,3.57554956,0.04304,0.86,0.566,0.07672406,0.00178,4.89,1061.0,283.5653603,46.9042278
Kepler-1454 b,Kepler-1454,1,47.0319479,0.2447,1.88,4.19,0.16772237,0.0132,3.47,492.0,284.2233265,48.8317229
K2-58 b,K2-58,3,7.05254,0.0692,2.68,7.65,0.23909359,0.0241,2.18,920.17,333.8218395,-14.049857
Kepler-301 c,Kepler-301,3,5.419026,0.06,1.35,2.39,0.12,0.00752,5.34,989.0,283.982904,49.2329512
K2-229 b,K2-229,2,0.584216,0.0131,1.0,2.55,0.08921418,0.0080232,7.6,1818.0,186.8729195,-6.7218474
Kepler-536 b,Kepler-536,1,1.827082299,0.02835,3.1,9.8,0.27656348,0.0308,1.81,1877.0,297.7363605,49.637101
Kepler-971 b,Kepler-971,1,9.59070716,0.08679,2.13,5.18,0.19002587,0.0163,2.95,1087.0,284.0945699,41.1828131
Kepler-1148 b,Kepler-1148,1,1.104463509,0.0188,1.69,3.5,0.1507717,0.011,3.98,1397.0,290.9536059,45.7195545
Kepler-1927 b,Kepler-1927,1,73.75039673,0.38733,3.40627075,11.5,0.30388764,0.0362,1.6,677.0,296.3546093,41.3355698
Kepler-619 b,Kepler-619,3,5.404272197,0.06014,3.16,10.1,0.28191632,0.0319,1.76,1073.0,290.8490899,48.4159782
Kepler-844 b,Kepler-844,1,2.613020856,0.0298,1.68,3.46,0.14987956,0.0109,4.01,713.0,287.8578541,48.7739646
K2-99 b,K2-99,2,18.24783,0.153,11.88151954,276.51071409,1.06,0.87,0.9,1184.0,208.7737624,-5.4424943
Kepler-124 d,Kepler-124,3,30.950851,0.17,1.11,1.41,0.099,0.00444,5.67,428.0,286.7527322,49.0648788
Kepler-1433 b,Kepler-1433,1,4.13592271,0.0516,1.56,3.05,0.13917388,0.00961,4.41,1226.0,287.3634559,49.4568649
Kepler-419 b,Kepler-419,2,69.7546,0.37,10.8,794.5,0.96,2.5,3.5,613.0,295.4179125,51.1847629
Kepler-81 b,Kepler-81,3,5.955,0.0522,2.42,17.2,0.216,0.054,6.67,635.0,293.6369437,42.8248275
HD 142 A d,HD 142,3,108.45299,0.474,10.9,82.63538582,0.971,0.26,0.351,530.32,1.5836771,-49.0753625
Kepler-713 b,Kepler-713,1,7.411141,0.0748,2.48,6.71,0.22125078,0.0211,2.42,905.0,295.6513819,43.0297781
Wolf 1061 b,Wolf 1061,3,4.8869,0.0375,1.21,1.91,0.108,0.0060095,5.92,461.1,247.5748276,-12.6676866
Kepler-107 d,Kepler-107,4,7.95839,0.08377,0.86,7.7,0.07672419,0.02422691,67.0,1173.0,297.028162,48.2086019
Kepler-238 f,Kepler-238,5,50.447,0.28635,2.0,13.5,0.178,0.042,1.7,568.0,287.8971066,40.6378141
Kepler-758 b,Kepler-758,4,12.1097104,0.10754,2.48,6.71,0.22125078,0.0211,2.42,1005.0,293.0846115,41.1354049
WASP-41 c,WASP-41,2,421.0,1.07,13.1,1010.6994,1.17,3.18,2.47,241.0,190.6188034,-30.6398176
GJ 1148 c,GJ 1148,2,532.58,0.912,9.71,68.06,0.866,0.21413963,0.409,99.38,175.4326081,42.7515862
Kepler-1029 b,Kepler-1029,1,4.417696479,0.047,1.26,2.13,0.11240967,0.00669,5.85,790.0,292.1328738,41.5474786
Kepler-897 b,Kepler-897,1,8.0472642,0.077,2.39,6.3,0.21322152,0.0198,2.54,855.0,290.5867992,51.6957731
TOI-2040 b,TOI-2040,1,3.8608576,0.0473,10.32347122,248.22398587,0.921,0.781,1.24,1070.0,352.2747299,71.5064737
K2-223 c,K2-223,2,4.562546,0.0549,1.5,2.86,0.13382127,0.00899,4.66,1091.0,185.306183,-10.2820915
Kepler-317 b,Kepler-317,2,5.524242,0.061,2.09,109.8,0.186,0.345,66.1,976.0,294.9438822,39.0320499
Kepler-435 b,Kepler-435,1,8.6001536,0.0948,22.31,266.97,1.99,0.84,0.131,1729.0,292.2873012,43.1972542
Kepler-65 c,Kepler-65,4,5.859944,0.068,2.58,5.4,0.23,0.017,1.64,1246.0,288.6887221,41.1511076
Kepler-901 b,Kepler-901,1,3.517494394,0.0378,1.37,2.45,0.12222321,0.00771,5.24,704.0,291.1528056,40.8876814
HAT-P-9 b,HAT-P-9,1,3.92281072,0.05287,15.614137,238.05467,1.393,0.749,0.342,1540.0,110.1685157,37.1405946
7 CMa c,7 CMa,2,996.0,2.153,13.9,276.5121,1.24,0.87,0.566,350.0,99.171276,-19.2561808
Kepler-345 b,Kepler-345,2,7.415563,0.066,0.74,0.48,0.066,0.00151025,4.8,622.0,295.2288521,45.9710432
Kepler-186 b,Kepler-186,5,3.8867907,0.0343,1.07,1.24,0.095,0.0039,5.56,571.0,298.652736,43.9549884
Kepler-1487 b,Kepler-1487,2,7.31946363,0.0898,2.13,5.18,0.19002587,0.0163,2.95,1682.0,295.4980737,38.6444499
Kepler-539 c,Kepler-539,2,1000.0,2.42,13.3,762.792,1.18,2.4,1.78,253.0,299.1224639,41.8667953
TOI-5916 b,TOI-5916,1,2.367128,0.0262,11.35469745,226.61165419,1.013,0.713,0.86,683.0,325.2995114,9.5990534
Kepler-150 e,Kepler-150,5,30.826557,0.189,3.12,9.91,0.278,0.0312,1.79,544.0,288.2341025,40.520897
HD 33844 b,HD 33844,2,551.40002,1.6,13.4,638.8383,1.19,2.01,1.46,430.22,78.1505649,-14.9509775
Kepler-1928 b,Kepler-1928,1,19.57783,0.194,1.992,4.63,0.17771464,0.0146,3.22,621.0,290.4406294,38.5235721
Kepler-373 c,Kepler-373,2,16.725948,0.126,1.24,2.07,0.111,0.00651,5.97,729.0,289.3879904,50.5970115
Kepler-394 c,Kepler-394,3,12.130686,0.11,1.66,3.39,0.148,0.0107,4.07,901.0,296.3019792,50.6723115
HD 136352 d,HD 136352,3,107.245,0.425,2.562,8.82,0.22856672,0.02775082,2.878108,431.0,230.4401147,-48.3188174
HD 213240 b,HD 213240,1,882.70001,1.89,12.8,1655.88600047,1.14,5.21,4.34,257.7,337.7506266,-49.4341037
K2-183 d,K2-183,3,22.620344,0.1527,2.3,5.9,0.20519261,0.0186,2.66,615.0,125.007177,14.0194586
HD 22496 b,HD 22496,1,5.09071,0.051,2.22,5.57,0.198,0.01752518,2.8,573.0,53.7565398,-48.4178173
Kepler-517 b,Kepler-517,1,60.92832271,0.28682,2.67,7.61,0.23820145,0.0239,2.2,467.0,293.6755138,41.2952061
Kepler-1640 b,Kepler-1640,1,7.5844126,0.0836,4.82,20.7,0.4300116,0.0652,1.02,1228.0,294.5577857,40.8504949
Kepler-217 b,Kepler-217,3,5.374943,0.065,2.23,5.6,0.199,0.0176,2.77,1413.0,293.0377331,46.2775223
TOI-4153 b,TOI-4153,1,4.6174141,0.06311,16.11851425,365.50266805,1.438,1.15,0.477,1669.0,335.3934698,82.2160792
Kepler-589 c,Kepler-589,2,3.52466011,0.0426,1.11727238,1.45,0.09967654,0.00455,5.71,1098.0,280.6414331,47.7520581
WASP-73 b,WASP-73,1,4.08722,0.05512,15.91678,908.9938,1.42,2.86,1.596,1790.0,319.9496969,-58.1489328
Kepler-647 b,Kepler-647,2,16.2254649,0.12237,1.17,1.71,0.10438041,0.00537,5.87,788.0,284.7882977,44.5916225
Kepler-1784 b,Kepler-1784,1,13.59049988,0.1072,2.79936489,8.24,0.24974304,0.0259,2.06,724.0,297.9541684,44.6674491
Kepler-126 b,Kepler-126,3,10.495711,0.099,1.52,4.11726105,0.136,0.0129436,5.762535,1009.0,289.3473634,44.2084445
Kepler-1559 b,Kepler-1559,1,0.971915428,0.01835,0.72,0.299,0.0642341,0.000942,4.4,1609.0,292.2866565,42.0725948
HATS-39 b,HATS-39,1,4.5776348,0.06007,17.59813,200.2329,1.57,0.63,0.202,1645.0,112.4192251,-29.9379163
Kepler-815 b,Kepler-815,1,8.57503552,0.09473,4.11,15.8,0.36666964,0.0498,1.25,1374.0,285.2211238,47.8813037
HD 210277 b,HD 210277,1,442.19,1.13,13.6,410.0007,1.22,1.29,0.896,259.86,332.3748117,-7.5505962
Kepler-783 c,Kepler-783,2,7.05395,0.06903,2.33153725,6.04,0.20800582,0.019,2.62,840.0,291.0628615,47.484789
Kepler-602 b,Kepler-602,1,15.28469497,0.1224,2.09,5.02,0.18645731,0.0158,3.02,852.0,296.0318985,42.1418634
TOI-532 b,TOI-532,1,2.3266508,0.0296,5.82,61.5,0.51922652,0.19350064,1.72,867.0,85.0800537,11.5626373
Kepler-372 b,Kepler-372,3,6.849692,0.075,1.36,2.42,0.121,0.00761,5.29,1081.0,291.2562253,49.2589288
Kepler-174 b,Kepler-174,3,13.98179,0.1,1.96,4.5,0.175,0.0142,3.28,553.0,287.4389454,43.8320052
Kepler-178 b,Kepler-178,3,9.576694,0.085,2.9,8.75,0.259,0.0275,1.97,846.0,287.1010275,46.8964033
TOI-2411 b,TOI-2411,1,0.7826942,0.0144,1.68,3.46,0.14987982,0.0109,4.01,1355.0,20.9224567,-8.7017944
Kepler-107 e,Kepler-107,4,14.749143,0.12638,2.903,14.1,0.25898876,0.04436356,3.18,955.0,297.028162,48.2086019
Kepler-1348 b,Kepler-1348,1,27.5722742,0.1834,1.94,4.42,0.17307521,0.0139,3.33,636.0,292.0874126,49.788709
Kepler-1117 b,Kepler-1117,1,4.79028459,0.05485,1.11,1.41,0.09902757,0.00444,5.67,938.0,292.0847866,49.2374206
Kepler-1604 b,Kepler-1604,1,0.683684256,0.01406,1.41,2.57,0.12579177,0.00809,5.04,2023.0,285.4106549,44.4122318
Kepler-984 b,Kepler-984,1,43.0342272,0.23688,2.12,5.14,0.18913373,0.0162,2.96,484.0,296.9588566,46.3940661
TOI-411 b,HD 22946,3,4.040295,0.05727,1.362,13.71,0.12150971,0.04313648,18.96,1241.0,54.819538,-42.7630276
K2-118 b,K2-118,1,50.92092,0.245,2.54,6.99,0.22660362,0.022,2.34,394.64,132.1268608,15.6558964
Kepler-11 c,Kepler-11,6,13.0241,0.107,2.87,2.9,0.256,0.009,0.66,786.0,297.1150949,41.9091092
Kepler-632 b,Kepler-632,1,30.99660733,0.1885,2.21,5.52,0.19716299,0.0174,2.81,500.0,297.252613,40.288605
Kepler-57 b,Kepler-57,2,5.72,0.05988,3.135,25.06,0.27968645,0.07884758,4.466029,850.0,293.6413146,44.6570692
HD 141399 c,HD 141399,4,201.99,0.689,13.6,422.7139,1.22,1.33,0.923,383.17,236.7235392,46.986288
Kepler-277 b,Kepler-277,2,17.324,0.14168,2.92,87.3,0.261,0.275,9.2,964.0,286.5831894,39.0772582
Kepler-461 b,Kepler-461,1,8.313783059,0.07895,2.58,7.18,0.23017218,0.0226,2.3,886.0,292.2490563,46.1647909
Kepler-1098 b,Kepler-1098,1,2.543072855,0.0358,1.3,2.24,0.11597823,0.00705,5.6,1319.0,295.502673,43.2326992
HD 184010 d,HD 184010,3,836.4,1.92,14.3,143.02278315,1.28,0.45,0.269,381.37,292.8401421,26.6172796
Kepler-450 c,Kepler-450,3,15.413135,0.13351,2.62,12.5,0.23374074,0.0393292,8.8,944.0,295.4865821,51.0135237
HD 231701 b,HD 231701,1,141.63,0.567,13.7,359.1479,1.22,1.13,0.768,483.27,293.017622,16.4743566
Kepler-1736 b,Kepler-1736,1,37.81029892,0.2188,3.8765856,14.3,0.3458464,0.0451,1.35,566.0,289.7766991,38.2622374
Kepler-1888 b,Kepler-1888,1,11.39169979,0.0956,1.32578716,2.32,0.11827901,0.00729,5.47,886.0,289.3945523,41.7822597
TYC 3318-01333-1 b,TYC 3318-01333-1,1,562.0,1.414,13.1,1086.9786,1.17,3.42,2.66,470.43,45.5825716,49.7441421
WASP-70 A b,WASP-70 A,1,3.7130203,0.04853,13.047,187.512,1.164,0.59,0.499,1387.0,315.4771912,-13.4333821
TOI-1798.01,TOI-1798,2,8.021522331,0.074984,2.448,6.5,0.21839631,0.02045129,2.61,734.31,211.0939367,46.5192825
GJ 317 c,GJ 317,2,6500.0,5.04,13.6,454.49462201,1.21,1.43,0.993,47.67,130.2445254,-23.452809
TOI-1117 d,TOI-1117,3,8.665,0.0817,3.27,10.71,0.291,0.03369743,1.68,978.0,273.6020606,-66.4199742
NGTS-39 b,NGTS-39,1,58.20472,0.3077,12.195371,466.25427307,1.088,1.467,1.411,519.0,109.9386973,9.9412647
Kepler-1409 b,Kepler-1409,1,0.764864926,0.01553,1.04,1.12,0.09278259,0.00352,5.47,1733.0,290.0847389,51.2086144
Kepler-1017 b,Kepler-1017,1,7.23400469,0.07196,1.99,4.62,0.17753591,0.0145,3.22,831.0,283.469299,40.1325185
Kepler-467 b,Kepler-467,1,24.99324193,0.16848,2.25,5.69,0.20073156,0.0179,2.74,712.0,287.3629145,38.6497341
Kepler-1364 b,Kepler-1364,1,13.32196237,0.1284,2.15,5.27,0.19181015,0.0166,2.91,1299.0,295.1521334,49.5876179
HD 118203 c,HD 118203,2,5103.0,6.28,12.4,3747.19691853,1.1,11.79,10.8,146.0,203.509956,53.7281876
Kepler-964 b,Kepler-964,1,13.5225106,0.1073,2.12,5.14,0.18913373,0.0162,2.96,652.0,295.300065,40.5565792
Kepler-1097 b,Kepler-1097,1,187.747029,0.5791,3.26,10.7,0.29083772,0.0336,1.7,267.0,281.5941261,42.5963949
HD 110113 b,HD 110113,2,2.541,0.035,2.05,4.55,0.18288875,0.01431583,2.9,1371.0,190.0365636,-44.3120777
Kepler-220 e,Kepler-220,4,45.902733,0.226,1.33,2.33,0.119,0.00733,5.44,341.0,291.5060432,46.8956262
TOI-1386 c,TOI-1386,2,232.0,0.75,10.3,75.2,0.918,0.23660566,0.378,327.4,334.5041029,54.3190454
TOI-3486 b,TOI-3486,1,2.21778105,0.03138,10.5700688,99.16246298,0.943,0.312,0.46,1190.0,249.4432035,-59.3051077
Kepler-315 b,Kepler-315,2,96.101141,0.402,3.77,13.7,0.336,0.043,1.4,409.0,298.0230967,43.3634761
Kepler-1078 b,Kepler-1078,1,3.00725242,0.0388,1.9,4.27,0.16950665,0.0134,3.42,1122.0,293.2005664,43.0500379
Kepler-1452 b,Kepler-1452,1,42.913751,0.25764,2.7,7.75,0.24087787,0.0244,2.16,810.0,292.422792,38.2662824
Kepler-1055 b,Kepler-1055,1,2.295036233,0.0335,1.23,2.04,0.10973325,0.00642,6.02,1304.0,290.4867838,44.932541
Kepler-60 d,Kepler-60,3,11.8981,0.10203,1.99,4.16,0.17753591,0.01308876,2.91,929.0,288.9612535,42.2650472
WASP-14 b,WASP-14,1,2.24375,0.037,15.46842,2809.6172,1.38,8.84,2.25,1872.0,218.2766247,21.8946875
Kepler-402 c,Kepler-402,4,6.124821,0.068,1.56,3.05,0.139,0.00961,4.41,1140.0,288.3701976,43.3546109
Kepler-1109 b,Kepler-1109,1,37.6467384,0.2466,2.19,5.43,0.19537871,0.0171,2.84,787.0,291.6462654,39.3966122
Kepler-1262 b,Kepler-1262,1,8.67900242,0.083,1.82,3.97,0.16236952,0.0125,3.62,949.0,288.7718287,42.2131694
Kepler-122 c,Kepler-122,5,12.465988,0.108,5.87,29.0,0.524,0.0912,0.788,897.0,291.1118647,39.9490248
BEBOP-3 b,BEBOP-3,1,547.0,1.444,14.2,177.34825111,1.26,0.558,0.34,287.88,110.902655,79.1323952
Kepler-1677 b,Kepler-1677,1,22.064,0.1599,2.70216183,7.76,0.24107073,0.0244,2.16,712.0,298.493273,47.0130566
WASP-180 A b,WASP-180 A,1,3.409264,0.048,13.89916,286.047,1.24,0.9,0.61,1540.0,123.3922465,-1.9827874
GJ 163 b,GJ 163,3,8.63182,0.0607,3.25,10.6,0.29,0.03335116,1.7,438.49,62.3228353,-53.3711768
Kepler-1071 b,Kepler-1071,1,6.1799844,0.0629,2.38,6.26,0.21232938,0.0197,2.55,814.0,293.0579794,45.2487472
TOI-1855 b,TOI-1855,1,1.36414864,0.02398,18.49481816,360.09958513,1.65,1.133,0.31,1701.0,205.3539534,17.6868719
WTS-2 b,WTS-2,1,1.0187068,0.01855,15.277867,355.9696,1.363,1.12,0.54,2000.0,293.7327826,36.8154936
Kepler-779 b,Kepler-779,1,7.09714223,0.0533,0.92,0.721,0.0820769,0.00227,5.09,425.0,285.6285208,44.3107855
TOI-1806.01,TOI-1806,1,15.1454693,0.087735044,3.4095367,11.5,0.30384891,0.0362,1.59,337.47,166.1181474,30.4585763
Kepler-1809 b,Kepler-1809,1,3.7572999,0.04444,1.513,2.9,0.13498105,0.00912,4.6,877.0,290.2651662,40.5484937
K2-242 b,K2-242,1,6.51389,0.0494,2.54,6.99,0.22660362,0.022,2.34,416.0,179.8358421,-6.5178542
Kepler-1929 b,Kepler-1929,1,59.36249924,0.30883,3.07250761,9.65,0.27411124,0.0304,1.83,566.0,299.5833362,47.4481244
Kepler-1081 b,Kepler-1081,1,3.856918547,0.04662,1.01,1.01,0.09010616,0.00317,5.39,972.0,289.444752,41.3179652
GJ 685 b,GJ 685,1,24.16,0.1344,2.95,9.0,0.263,0.02831702,1.93,368.84,263.8960378,61.6793482
HIP 29442 c,TOI-469,3,3.5379559,0.04518,1.551,4.5,0.13837119,0.01415858,6.3,1123.0,93.0578446,-14.6493167
TOI-5398 c,TOI-5398,2,4.77271,0.057,3.52,11.8,0.31403391,0.03712695,1.5,1242.0,161.8795569,36.3294345
Kepler-603 b,Kepler-603,3,21.05358596,0.16052,2.65,7.51,0.23641716,0.0236,2.22,731.0,294.2809679,42.2909295
omi CrB b,omi CrB,1,187.01,0.699,13.7,355.96781584,1.23,1.12,0.761,947.65,230.0350768,29.6160222
TOI-2818 b,TOI-2818,1,4.039709,0.0493,15.27784069,225.65816897,1.363,0.71,0.34,1376.0,119.0598183,-35.1167104
Kepler-1214 b,Kepler-1214,1,18.82634264,0.128,2.36,6.17,0.2105451,0.0194,2.58,591.0,285.1427113,49.8006565
TOI-2128 b,TOI-2128,1,16.34136,0.127,2.08874836,4.5,0.18634597,0.01415858,2.68,780.53,256.9817998,32.1053027
TOI-3321 b,TOI-3321,1,3.6525145,0.047,15.55806521,176.07693748,1.388,0.554,0.255,1616.0,265.7603351,-65.0082516
Kepler-1051 b,Kepler-1051,1,25.96200249,0.18395,3.4,11.5,0.30332768,0.0361,1.61,850.0,295.1581062,40.8988186
Kepler-649 b,Kepler-649,1,29.90722674,0.17522,2.26,5.73,0.2016237,0.018,2.73,564.0,285.6558336,45.0794516
HAT-P-55 b,HAT-P-55,1,3.5852313,0.04628,14.84069045,189.42573057,1.324,0.596,0.318,1367.0,264.2735096,25.7311468
TAP 26 b,TAP 26,1,10.79,0.0968,13.5,527.5978,1.2,1.66,1.18,774.52,64.715445,17.3878826
Kepler-912 b,Kepler-912,1,2.534756273,0.0339,2.8,8.25,0.24979927,0.0259,2.07,1218.0,298.1111779,41.758324
HD 205739 b,HD 205739,1,279.8,0.896,13.6,435.41,1.21,1.37,0.951,362.84,324.5351273,-31.7378373
Kepler-939 b,Kepler-939,1,14.878296,0.1153,1.75,3.71,0.15612454,0.0117,3.8,692.0,293.8656181,47.0268148
Kepler-1291 b,Kepler-1291,1,8.63043276,0.0779,1.66,3.39,0.14809528,0.0107,4.07,739.0,289.3770051,40.0010791
Kepler-1002 b,Kepler-1002,1,4.336429331,0.0564,1.71,3.57,0.15255598,0.0112,3.92,1453.0,293.0794629,43.073677
Kepler-344 c,Kepler-344,2,125.596809,0.488,2.95,9.01,0.263,0.0283,1.93,360.0,292.4996101,46.3243406
HIP 65891 b,HIP 65891,1,1089.6,2.82,12.7,1938.7532827,1.14,6.1,5.2,429.05,202.6050857,-58.6643937
Kepler-992 b,Kepler-992,1,20.16034462,0.13372,1.62,3.26,0.14452672,0.0102,4.21,510.0,284.4304085,47.6416613
Kepler-246 c,Kepler-246,2,11.187161,0.095,1.5,2.86,0.134,0.00899,4.66,667.0,296.4834007,42.6633806
WASP-62 b,WASP-62,1,4.41195,0.0571,14.79588,165.2716,1.32,0.52,0.262,1475.3,87.1398205,-63.9883286
GJ 4274 c,GJ 4274,2,69.57,0.186,2.83,8.39,0.252,0.02639789,2.03,157.32,335.7805478,-17.6104078
Kepler-1111 b,Kepler-1111,1,8.79617863,0.0872,2.0,4.66,0.17842805,0.0147,3.2,938.0,295.4634045,45.8127697
HATS-45 b,HATS-45,1,4.1876244,0.05511,14.414774,222.481,1.286,0.7,0.41,1518.0,101.9942455,-21.9107112
Kepler-923 b,Kepler-923,1,6.93366476,0.07592,1.38,2.48,0.12311535,0.0078,5.19,1104.0,294.1710831,40.0551372
Kepler-1273 b,Kepler-1273,1,28.625653,0.1857,2.49,6.76,0.22214292,0.0213,2.41,573.0,285.8032016,44.8733983
Kepler-36 c,Kepler-36,2,16.21865,0.12692,3.679,7.13,0.3282184,0.02243338,0.787,928.0,291.2501859,49.2318073
Kepler-172 b,Kepler-172,4,2.940309,0.04,2.35,6.12,0.21,0.0193,2.59,1256.0,283.3684093,41.821839
TOI-784 b,HD 307842,1,2.7970365,0.038,1.93,9.67,0.17218336,0.03042522,7.4,1256.0,159.3412205,-63.6556923
HATS-7 b,HATS-7,1,3.185315,0.04012,6.310667,38.1396,0.563,0.12,0.83,1084.0,208.8567465,-21.2078587
HATS-37 A b,HATS-37 A,1,4.3315366,0.04913,6.792654,31.46517,0.606,0.099,0.55,1085.0,199.80183,-22.9868431
Kepler-183 c,Kepler-183,2,11.637071,0.103,2.27,35.7,0.203,0.112,16.8,857.0,293.5308112,39.3159329
K2-139 b,K2-139,1,28.380619,0.1796,9.11,123.00021,0.81273976,0.387,0.91,524.0,289.066707,-17.9107147
Kepler-258 c,Kepler-258,2,33.653079,0.193,3.61,12.7,0.322,0.0399,1.48,470.0,294.0684116,46.5791357
Kepler-1311 c,Kepler-1311,3,2.53573424,0.03753,1.22,1.98,0.10884111,0.00624,5.99,1671.0,289.6512597,43.8244445
K2-233 b,K2-233,3,2.467583,0.03293,1.315,2.4,0.11731664,0.00755124,5.7,1127.0,230.4799011,-20.2317975
Kepler-902 b,Kepler-902,1,40.1099547,0.223,2.54,6.99,0.22660362,0.022,2.34,556.0,289.7317067,46.953875
Kepler-171 d,Kepler-171,3,39.595519,0.223,1.89,4.23,0.169,0.0133,3.44,497.0,296.7719082,41.7555958
Kepler-894 b,Kepler-894,1,9.803224,0.0916,2.78,8.15,0.24801499,0.0256,2.08,896.0,288.7340513,46.939363
HD 64121 b,HD 64121,1,623.0,1.51,13.2,813.64072192,1.18,2.56,1.94,464.77,117.3651424,-54.8126136
Kepler-1794 b,Kepler-1794,1,9.762980461,0.0821,1.79426276,3.87,0.16007368,0.0122,3.68,703.0,300.6196594,45.7888068
iot Dra b,iot Dra,2,510.8544,1.453,12.4,3756.73177074,1.1,11.82,10.8,618.67,231.2323227,58.9661403
Kepler-817 b,Kepler-817,1,3.990106229,0.0493,9.03,60.2,0.80560264,0.189,0.449,1124.0,296.0818498,39.161614
Kepler-298 d,Kepler-298,3,77.473633,0.305,2.5,6.8,0.223,0.0214,2.39,277.0,283.0398448,48.8253303
Kepler-1165 b,Kepler-1165,2,9.478522,0.0914,1.55,3.02,0.13828174,0.00951,4.46,946.0,286.9712284,44.7082669
Kepler-1693 c,Kepler-1693,2,5.363709927,0.0588,0.97698289,0.894,0.08716073,0.00281,5.27,1059.0,290.2015581,48.1857799
Kepler-1894 c,Kepler-1894,2,5.05368985,0.0576,1.21,1.92,0.10794916,0.00606,5.96,1007.0,295.5864604,49.6668523
Kepler-1669 c,Kepler-1669,3,1.609320045,0.0228,1.90120972,4.27,0.16961486,0.0134,3.41,958.0,297.4303826,39.8478795
TOI-1064 b,TOI-1064,2,6.443868,0.06152,2.587,13.5,0.23079708,0.04247575,4.30062,784.0,296.0039349,-47.5620305
HD 216520 c,HD 216520,2,154.43,0.528,3.03,9.44,0.271,0.02970141,1.86,295.22,341.8768719,83.6975307
GJ 1137 c,HD 93083,2,9.6412,0.0835,2.11,5.12,0.189,0.01610932,2.99,768.51,161.0866672,-33.5776794
Kepler-884 b,Kepler-884,1,5.69919514,0.06116,1.23,2.04,0.10973325,0.00642,6.02,964.0,292.5844328,49.9232012
K2-140 b,K2-140,1,6.569188,0.068,13.56286665,295.58041851,1.21,0.93,0.66,962.0,188.1373172,-9.6076115
K2-71 b,K2-71,1,6.98541,0.0559,2.15,5.27,0.19181015,0.0166,2.91,533.27,341.7248656,-9.8816109
Kepler-191 c,Kepler-191,3,17.738506,0.128,1.86,4.12,0.166,0.013,3.52,596.0,291.1833211,45.3230937
HD 224018 c,HD 224018,3,36.57669,0.217,2.42,10.4,0.21589831,0.03272206,4.0,641.0,358.6390056,-4.7233362
Kepler-1019 b,Kepler-1019,1,1.411229847,0.0221,1.46,2.73,0.13025248,0.00859,4.82,1164.0,283.7175909,47.2043818
Kepler-904 b,Kepler-904,1,3.021668632,0.0417,1.77,3.78,0.15790882,0.0119,3.75,1332.0,288.8229001,40.38901
HD 192310 b,HD 192310,2,74.72,0.32,4.27,16.9,0.381,0.0532,1.19,355.0,303.8284712,-27.0337556
Kepler-97 b,Kepler-97,2,2.58664,0.03563,1.48,3.51,0.132,0.011,5.44,1328.0,287.3265292,48.6733443
Kepler-1909 b,Kepler-1909,1,2.391609907,0.0306,1.09217411,1.33,0.09743742,0.00419,5.61,1031.0,290.889409,42.4596251
Kepler-169 f,Kepler-169,5,87.090195,0.359,2.58,7.18,0.23,0.0226,2.3,321.0,285.9999204,40.9193822
HD 134606 d,HD 134606,5,966.5,1.941,7.59,44.8,0.677,0.14095656,0.563,207.68,228.8103897,-70.5203328
Kepler-905 b,Kepler-905,1,5.082746517,0.05689,1.41,2.57,0.12579177,0.00809,5.04,928.0,290.0511468,46.7134077
WASP-28 b,WASP-28,1,3.40883495,0.0442,13.66374747,282.54945382,1.219,0.889,0.651163,1456.0,353.6162694,-1.5799849
GJ 3341 b,GJ 3341,1,14.207,0.089,2.46,6.6,0.219,0.0208,2.44,377.62,78.9471415,-31.2948458
KOI-55 b,KOI-55,2,0.240104,0.006,0.759,0.44,0.0677,0.0014,5.53,7777.78,296.3561853,41.0927315
WASP-113 b,WASP-113,1,4.54216874538,0.05885,15.793481,150.96925,1.409,0.475,0.228,1496.0,224.8728589,46.9600996
Kepler-558 b,Kepler-558,1,29.00790538,0.1759,2.37,6.21,0.21143724,0.0195,2.56,498.0,284.6579709,42.6526751
TOI-1736 b,TOI-1736,2,7.073076,0.073,3.18175535,12.3,0.28385769,0.03870013,2.09,1099.79,43.4344615,69.101345
Kepler-5 b,Kepler-5,1,3.5484657,0.0538,15.984034,670.93913,1.426,2.111,0.4,1750.0,299.4070341,44.0350387
Kepler-1263 b,Kepler-1263,1,4.55139967,0.0499,1.14,1.55,0.10170399,0.00489,5.75,907.0,286.483626,46.7526182
BD-17 63 b,BD-17 63,1,655.57,1.34,12.8,1639.99458012,1.15,5.16,4.3,168.92,7.1413494,-16.2273254
Kepler-130 b,Kepler-130,3,8.457458,0.079,1.02,1.04,0.091,0.00328,5.39,982.0,288.4505905,40.2452006
WASP-172 b,WASP-172,1,5.477433,0.0694,17.59813,149.3801,1.57,0.47,0.16,1740.0,199.433742,-47.2375748
TOI-4552 b,TOI-4552,1,0.30110032,0.0056255,1.11,1.83,0.09902774,0.00575782,7.74,1122.0,264.7142556,-47.6370457
Kepler-1843 b,Kepler-1843,1,25.54339981,0.17871,2.70909809,7.8,0.24168996,0.0245,2.16,772.0,292.8852302,41.279169
GJ 1289 b,GJ 1289,1,111.74,0.27,2.38,6.27,0.213,0.01972763,2.56,150.0,355.7813464,36.5363314
Kepler-1741 b,Kepler-1741,1,2.757590055,0.0296,1.273,2.16,0.11356965,0.00681,5.75,615.0,292.577073,39.120939
Kepler-955 b,Kepler-955,1,14.53244172,0.1083,3.13,9.96,0.2792399,0.0313,1.78,664.0,288.4714969,40.2698157
Kepler-223 d,Kepler-223,4,14.78869,0.11956,5.24,8.0,0.46748149,0.02517069,0.31,827.0,298.3183909,47.2794824
Kepler-224 d,Kepler-224,4,11.349393,0.089,2.3,5.9,0.205,0.0186,2.66,610.0,290.9342679,47.3575414
HD 184010 c,HD 184010,3,484.3,1.334,11.8,95.3485221,1.06,0.3,0.319,457.53,292.8401421,26.6172796
Kepler-365 b,Kepler-365,2,10.664903,0.098,2.04,4.82,0.182,0.0152,3.12,865.0,295.626564,49.130411
Kepler-532 b,Kepler-532,1,12.92491623,0.10151,2.57,7.13,0.22928004,0.0224,2.31,620.0,298.6609094,48.6063022
TOI-2714 b,TOI-2714,1,2.499387,0.036,13.72,228.0,1.22401852,0.71736822,0.49,1603.0,61.4012482,-14.9267458
Kepler-403 b,Kepler-403,3,7.031462,0.076,1.25,2.1,0.112,0.0066,5.91,1194.0,289.9214256,46.7445267
Kepler-474 b,Kepler-474,1,5.660672935,0.06092,3.06,9.59,0.27299491,0.0302,1.84,1115.0,292.3215174,43.8811723
TOI-1472 b,TOI-1472,2,6.36338574,0.064,4.058,18.05,0.362,0.057,1.49,891.0,14.1142611,48.6375168
Kepler-555 b,Kepler-555,1,16.21775407,0.1201,2.83,8.4,0.25247569,0.0264,2.04,664.0,285.516872,38.9324587
TIC 245076932 b,TIC 245076932,1,21.61389,0.157,10.87271128,162.09248757,0.97,0.51,0.7466,845.0,198.0634857,-51.214433
Kepler-683 b,Kepler-683,1,2.539183179,0.0355,1.97,4.54,0.17575163,0.0143,3.26,1332.0,291.4399598,37.9056293
Kepler-272 d,Kepler-272,3,10.937304,0.091,2.25,5.69,0.201,0.0179,2.74,777.0,299.1275257,47.5938319
HATS-10 b,HATS-10,1,3.312846,0.04491,10.861521,167.17858,0.969,0.526,0.7,1407.0,294.3068385,-22.2044872
Kepler-229 b,Kepler-229,3,6.252972,0.062,2.2,5.48,0.196,0.0172,2.83,823.0,286.9994758,48.3757867
Kepler-1977 b,Kepler-1977,1,4.53702121,0.0486,1.66,3.39,0.14809554,0.0107,4.07,798.0,290.6178587,37.2891002
Kepler-814 b,Kepler-814,1,6.1469851,0.0695,2.12,5.14,0.18913373,0.0162,2.96,1164.0,284.9105256,48.4315896
WASP-2 b,WASP-2,1,2.152175,0.03144,12.116929,295.89973,1.081,0.931,0.914,1311.0,307.7255587,6.4293305
Kepler-1038 b,Kepler-1038,2,148.4603382,0.5238,3.53,12.2,0.31492551,0.0384,1.52,285.0,298.9721472,44.1323499
Kepler-1802 c,Kepler-1802,2,33.13610077,0.1748,2.322,6.0,0.20715532,0.0189,2.63,357.0,300.2420869,44.1412854
Kepler-56 c,Kepler-56,3,21.40239,0.1652,9.8,181.0,0.874,0.57,1.06,1087.0,293.7583002,41.871807
bet Pic c,bet Pic,3,1202.0,2.7,12.5,2765.1071409,1.12,8.7,7.78,1250.0,86.8212337,-51.066148
HD 171238 b,HD 171238,1,1515.0,2.518,12.5,2796.8899816,1.12,8.8,7.87,166.96,278.6818389,-28.0727849
Kepler-595 c,Kepler-595,2,12.38602,0.0983,1.009,3.3,0.09001695,0.01038291,6.9,679.0,294.5703593,50.6730147
HD 137496 c,HD 137496,2,479.9,1.2163,12.6,2434.56559762,1.13,7.66,6.69,370.0,231.7420543,-16.5090014
WASP-145 A b,WASP-145 A,1,1.7690381,0.0261,10.0881,282.8687,0.9,0.89,1.6,1200.0,322.2537644,-58.8361466
TOI-3785 b,TOI-3785,1,4.6747373,0.043,5.14,14.95,0.45856088,0.04703796,0.61,582.0,130.9002258,63.0780768
TOI-244 b,TOI-244,1,7.397225,0.0559,1.52,2.68,0.13560555,0.00843222,4.2,458.0,10.5697537,-36.7179743
HD 40307 g,HD 40307,5,197.8,0.6,2.56,7.1,0.229,0.0223,2.33,255.0,88.5172191,-60.0237289
HD 113538 b,HD 113538,2,663.2,1.24,13.2,114.41,1.18,0.36,0.273,140.67,196.233933,-52.4463502
Kepler-1138 b,Kepler-1138,1,3.17060005,0.0415,1.7,3.53,0.15166384,0.0111,3.95,1080.0,285.8993164,48.307285
HIP 21152 b,HIP 21152,1,22000.0,17.0,12.0,7627.881768,1.07,24.0,24.3,1300.0,68.0205209,5.4100745
K2-9 b,K2-9,1,18.4498,0.091,2.25,5.69,0.20073156,0.0179,2.74,314.0,176.263724,0.0054085
PDS 70 b,PDS 70,2,43500.0,20.8,21.96960217,1017.0509024,1.96,3.2,0.527,1392.0,212.0421402,-41.3980405
TOI-5344 b,TOI-5344,1,3.792622,0.04041,10.60369574,130.94530368,0.946,0.412,0.604,689.0,63.2662165,20.9151568
TOI-2382 b,TOI-2382,1,4.6612061,0.059,12.25141591,235.19302118,1.093,0.74,0.68,1426.0,356.3751852,-16.114124
TOI-2010 b,TOI-2010,1,141.834025,0.5516,11.81426566,408.7273314,1.054,1.286,1.36,400.2,292.1669417,53.4873694
WASP-136 b,WASP-136,1,5.21536178778,0.0661,16.81347105,479.92089457,1.5,1.51,0.583527,1630.0,0.325761,-8.9262512
HD 11977 b,HD 11977,1,711.0,1.93,12.7,2080.0,1.13,6.54,5.58,547.97,28.7347403,-67.6469871
HD 102272 b,HD 102272,1,127.58,0.51,12.9,1570.0802,1.15,4.94,4.02,1038.01,176.5980316,14.1240201
Kepler-1949 b,Kepler-1949,1,2.208280087,0.0352,2.21964541,5.56,0.19802384,0.0175,2.79,1709.0,293.5422586,43.0260555
Kepler-1496 b,Kepler-1496,1,64.6588017,0.3211,2.22,5.56,0.19805513,0.0175,2.79,535.0,293.9739359,45.3507167
HD 128311 c,HD 128311,2,921.538,1.74,13.0,1204.25787,1.16,3.789,3.01,158.23,219.0032292,9.7454368
Kepler-1954 b,Kepler-1954,1,5.883430004,0.0625,1.80235934,3.9,0.16079601,0.0123,3.66,949.0,298.0029203,43.3545882
HD 181342 b,HD 181342,1,564.1,1.592,13.2,807.2882,1.18,2.54,1.93,410.15,290.2674078,-23.6196996
Kepler-362 c,Kepler-362,2,37.866281,0.207,1.45,2.7,0.129,0.00849,4.87,543.0,291.771603,47.5299192
K2-204 b,K2-204,1,7.055908,0.0738,3.17214154,10.2,0.283,0.0321,1.76,1148.0,17.3825067,-0.5177539
Kepler-366 c,Kepler-366,2,12.51616,0.11,1.79,3.86,0.16,0.0121,3.7,848.0,296.8520316,49.0844359
Kepler-416 d,Kepler-416,3,3.07644709,0.0407,1.61,3.22,0.14363483,0.0101,4.24,1253.0,291.5569554,39.2272923
KOI-2513.01,KOI-2513,1,19.00547,0.5,2.80224517,7310.053361,0.25,23.0,2000.0,758.0,293.6688776,46.3792321
K2-233 d,K2-233,3,24.3681,0.1516,2.363,10.3,0.2108131,0.03240742,4.3,525.0,230.4799011,-20.2317975
WASP-187 b,WASP-187,1,5.147878,0.0653,18.38276,254.264,1.64,0.8,0.224,1760.0,17.47474,25.6816494
Kepler-1587 b,Kepler-1587,1,9.4060467,0.08747,1.33,2.33,0.11865465,0.00733,5.44,981.0,292.6777294,49.6638666
eps CrB b,eps CrB,1,417.9,1.3,12.7,2129.461,1.13,6.7,5.71,853.92,239.3965057,26.8776171
EPIC 201595106 b,EPIC 201595106,2,0.87724,0.0177,1.565,7.67,0.13962019,0.02413252,11.1,2038.0,183.7203635,1.9681688
Kepler-1398 c,Kepler-1398,2,4.13827595,0.05087,1.03,1.08,0.09189045,0.0034,5.43,1324.0,294.8661073,48.6389923
WASP-169 b,WASP-169,1,5.6114118,0.0681,14.616536,178.30263,1.304,0.561,0.33,1604.0,127.3872297,-12.9447683
WASP-83 b,WASP-83,1,4.971252,0.059,11.65736,95.349,1.04,0.3,0.35,1120.0,190.1519558,-19.2843527
HD 564 b,HD 564,1,492.3,1.2,12.5,104.88,1.12,0.33,0.295,261.1,2.4694459,-50.2678998
Kepler-301 b,Kepler-301,3,2.508553,0.036,1.35,2.39,0.12,0.00752,5.34,1278.0,283.982904,49.2329512
TOI-521 b,TOI-521,1,1.54285047,0.0195,1.98,5.3,0.17664407,0.01667566,3.8,794.0,123.3442567,12.2221079
HD 211403 b,HD 211403,1,223.8,0.768,12.8,1760.76937478,1.14,5.54,4.61,380.0,333.8158177,58.2755601
HR 8799 d,HR 8799,4,37000.0,24.0,13.0,3000.0,1.2,10.0,7.5,1300.0,346.8701486,21.1340376
Kepler-282 e,Kepler-282,4,44.347,0.23332,3.1,56.2,0.277,0.177,10.4,484.0,284.6772402,44.7976401
TOI-4602.01,TOI-4602,1,3.9812999,0.04747,2.45,5.53,0.219,0.0174,2.18,1344.0,60.6003316,31.3298354
HD 8535 b,HD 8535,1,1313.0,2.45,14.0,216.1244,1.25,0.68,0.433,206.21,20.9054804,-41.2701007
tau Cet f,tau Cet,3,636.13,1.334,1.81,3.93,0.161,0.0123651,3.64,201.97,26.0093029,-15.9337987
Kepler-380 c,Kepler-380,2,7.630004,0.078,1.27,2.15,0.113,0.00678,5.77,1056.0,282.3947017,48.7591334
Kepler-756 b,Kepler-756,1,1.224866322,0.0219,1.12,1.46,0.09991971,0.00459,5.71,1741.0,290.6079736,41.201094
HD 110014 b,HD 110014,1,835.477,2.14,12.4,3524.59,1.11,11.09,10.2,669.84,189.8111935,-7.9956702
EPIC 229004835 b,EPIC 229004835,1,16.141132,0.1237,2.332,10.4,0.20804746,0.03272206,4.49,804.0,186.4860415,-1.4047214
Kepler-1283 b,Kepler-1283,1,12.9460978,0.1062,1.91,4.31,0.17039879,0.0136,3.4,764.0,295.4623336,40.7769335
TOI-1439 b,TOI-1439,1,27.644,0.192,4.2427861,38.5,0.37851667,0.12113455,2.76,748.4,241.7639371,67.8776404
HAT-P-8 b,HAT-P-8,1,3.07634,0.04496,15.6926,406.8224,1.4,1.28,0.685644,1713.0,343.0414932,35.4471778
K2-295 b,K2-295,1,4.024867,0.0451,10.054473,106.47305,0.897,0.335,0.612,852.0,19.6101417,6.8167277
Kepler-1899 b,Kepler-1899,1,4.095779896,0.0457,1.55098292,3.02,0.13836967,0.00952,4.45,851.0,292.0333777,37.9744551
TOI-2567 b,TOI-2567,1,5.983944,0.0672,10.92875618,63.88350981,0.975,0.201,0.269,1352.0,288.4656683,66.3479375
Kepler-600 b,Kepler-600,1,23.67517607,0.1536,2.9,8.75,0.25872067,0.0275,1.97,528.0,283.8330588,41.9786358
GJ 1061 c,GJ 1061,3,6.6821,0.0342,1.19,1.81,0.106,0.0056949,5.9,304.12,54.0032486,-44.5143104
iot Dra c,iot Dra,2,25000.0,19.4,12.2,4958.1231492,1.09,15.6,15.0,169.31,231.2323227,58.9661403
Qatar-9 b,Qatar-9,1,1.540731,0.0234,11.309881,378.2177,1.009,1.19,1.43,1134.0,160.748095,60.9641194
HD 10697 b,HD 10697,1,1075.3799,2.051,12.8,1825.2885414,1.14,5.743,4.78,259.25,26.2324076,20.0826974
Kepler-1453 b,Kepler-1453,1,47.1611696,0.262,2.67,7.61,0.23820145,0.0239,2.2,503.0,286.1255037,47.9475586
Kepler-951 b,Kepler-951,1,71.52530845,0.3091,5.59,26.7,0.4987064,0.0839,0.84,340.0,287.7375794,38.1146488
G 264-012 c,G 264-012,2,8.0518,0.0525,1.76,3.75,0.157,0.01179882,3.78,387.0,326.6719598,66.803848
Kepler-108 c,Kepler-108,2,190.323494,0.721,8.18,50.9,0.73,0.16,0.511,426.0,294.5589885,46.0623952
HD 191939 d,HD 191939,6,38.353037,0.2132,2.995,2.8,0.26719646,0.00880979,0.57,540.0,302.0256247,66.8503014
Kepler-302 b,Kepler-302,2,30.184104,0.193,4.06,15.5,0.362,0.0488,1.27,634.0,294.3169307,43.6292436
WASP-44 b,WASP-44,1,2.423804,0.03453,12.3299,276.5121,1.1,0.87,0.811,1337.0,3.9032733,-11.9382645
Kepler-213 c,Kepler-213,2,4.822962,0.057,2.34,6.08,0.209,0.0191,2.61,1060.0,290.8241931,44.6472832
Kepler-1702 b,Kepler-1702,1,18.5012,0.1275,1.60190793,3.2,0.14291265,0.0101,4.28,555.0,284.9724842,44.5674794
Kepler-827 b,Kepler-827,1,51.92927591,0.2742,5.63,27.0,0.50227496,0.0849,0.831,574.0,294.9660027,42.7085608
Kepler-26 e,Kepler-26,4,46.827915,0.22,2.41,6.39,0.215,0.0201,2.51,276.0,284.9410627,46.5664505
Kepler-1359 b,Kepler-1359,1,59.4970952,0.26657,2.83,8.4,0.25247569,0.0264,2.04,369.0,289.538818,41.8928154
Kepler-1512 b,Kepler-1512,1,20.35972599,0.13693,1.18,1.76,0.10527255,0.00553,5.89,322.0,289.2744976,44.4704056
HD 206610 b,HD 206610,1,673.2,1.74,13.4,647.10188,1.19,2.036,1.48,437.88,325.8537599,-7.4082451
Kepler-99 b,Kepler-99,1,4.60358,0.05071,1.48,6.15,0.132,0.019,10.9,810.0,297.3539994,41.3000452
Kepler-158 c,Kepler-158,3,28.551383,0.158,1.9,4.27,0.17,0.0134,3.42,418.0,284.0323723,39.7815365
Kepler-1010 b,Kepler-1010,1,34.2685705,0.193,2.32,5.99,0.20697654,0.0189,2.64,477.0,289.1926026,44.1493165
Kepler-1233 b,Kepler-1233,1,45.1263042,0.263,2.6,7.27,0.23195646,0.0229,2.27,604.0,297.3750954,46.6622201
Kepler-1230 b,Kepler-1230,1,9.95661537,0.0921,2.71,7.8,0.24177001,0.0245,2.15,946.0,283.2645129,41.7114526
Kepler-300 b,Kepler-300,2,10.446347,0.094,1.67,3.43,0.149,0.0108,4.05,812.0,295.2886934,48.5997243
GJ 3779 b,GJ 3779,1,3.0232,0.026,2.75,8.0,0.245,0.02517069,2.11,526.94,200.7335358,24.4639425
TOI-1422 c,TOI-1422,2,34.5633,0.205,2.61,14.0,0.232849,0.04404893,4.3,628.0,354.240829,39.6392793
Kepler-920 b,Kepler-920,2,6.53192704,0.065,2.42,6.44,0.21589794,0.0203,2.5,907.0,284.2969363,49.1585983
TOI-1386 b,TOI-1386,2,25.8401,0.173,6.2163865,45.8,0.55458981,0.14410292,1.04,615.03,334.5041029,54.3190454
Kepler-687 b,Kepler-687,1,20.50586978,0.1326,3.52,12.2,0.31403337,0.0383,1.54,518.0,289.3154576,39.1532911
TOI-1669 b,TOI-1669,2,500.0,1.27,14.1,191.0,1.26,0.60095321,0.374,241.72,45.9564744,83.5874273
HD 111232 c,HD 111232,2,26472.44623,17.25,12.2,5740.93451564,1.08,18.063,17.4,60.71,192.2159553,-68.4246679
Kepler-1991 b,Kepler-1991,2,13.26079792,0.1065,1.47,2.76,0.13114484,0.00869,4.77,760.0,285.0360506,45.0709909
70 Vir b,70 Vir,1,116.688,0.481,12.6,2380.45,1.13,7.49,6.54,525.24,202.1064898,13.7763085
HD 134060 c,HD 134060,2,1291.5646,2.3928,5.91,29.29,0.527,0.0922,0.78,200.67,227.6847587,-61.4223747
HIP 116454 b,HIP 116454,1,9.1004157,0.0792,2.469,9.7,0.22026981,0.03051961,3.53,753.2,353.9543517,0.4447043
Kepler-1646 b,Kepler-1646,1,4.48558383,0.0295,1.23,2.04,0.10973325,0.00642,6.02,365.0,287.5264859,42.9129356
Kepler-1637 b,Kepler-1637,1,6.10960324,0.0596,0.89,0.64,0.07940048,0.00201,4.99,1093.0,282.2368006,48.1542016
Kepler-50 c,Kepler-50,2,9.37647,0.087,2.17,8.2,0.194,0.02580009,9.249213,1125.0,288.1009312,50.0336844
Kepler-1990 b,Kepler-1990,2,1.73513619,0.0286,3.27,10.7,0.29173036,0.0338,1.68,1554.0,299.7047433,44.4357068
Kepler-804 b,Kepler-804,2,14.37457351,0.11287,1.94,4.42,0.17307521,0.0139,3.33,779.0,293.3722109,44.7851812
HD 160691 d,HD 160691,4,9.6392,0.0952,3.23,10.49,0.288,0.03300523,1.71,900.0,266.0361585,-51.8348751
HD 191806 b,HD 191806,1,1603.38923,2.749,12.5,2966.61035094,1.12,9.334,8.35,206.98,302.368758,52.2767265
Kepler-985 b,Kepler-985,1,116.331901,0.44664,2.98,9.17,0.26585779,0.0288,1.9,323.0,290.144339,44.0498808
GJ 9714 b,GJ 9714,1,19240.75467,12.319,12.5,2988.54051102,1.12,9.403,8.41,47.68,315.4141767,-32.5250028
Kepler-930 b,Kepler-930,1,71.4517775,0.34593,2.13,5.18,0.19002587,0.0163,2.95,561.0,298.3144494,42.2473698
Kepler-834 b,Kepler-834,1,13.32388301,0.0862,2.02,4.74,0.18021233,0.0149,3.16,378.0,287.0544674,45.1803351
HATS-46 b,HATS-46,1,4.7423729,0.05367,10.121727,54.98459,0.903,0.173,0.28,1054.0,6.7026401,-56.3161021
K2-249 b,K2-249,1,12.409,0.1151,2.79,8.2,0.24890713,0.0258,2.07,1061.0,183.3667344,-8.9952309
Kepler-1887 b,Kepler-1887,1,19.94750023,0.1421,2.92454357,8.88,0.26091075,0.0279,1.95,625.0,288.9555263,44.705707
HD 5891 b,HD 5891,1,177.11,0.64,12.6,2425.0429,1.13,7.63,6.66,918.78,15.1383168,20.2923139
Kepler-454 c,Kepler-454,3,524.19,1.287,12.9,1433.40611557,1.15,4.51,3.67,249.58,287.4786474,38.2290751
Kepler-1565 b,Kepler-1565,1,1.538188437,0.0241,1.19,1.81,0.10616469,0.0057,5.9,1234.0,297.9529793,40.8067876
Kepler-355 b,Kepler-355,2,11.03189,0.102,1.46,2.73,0.13,0.00859,4.82,840.0,285.7994917,42.8117427
Kepler-1632 b,Kepler-1632,1,448.303558,0.6762,2.47,6.66,0.22035864,0.021,2.43,369.0,294.4948769,43.9135575
K2-266 b,K2-266,4,0.658524,0.01306,3.3,11.26782377,0.29440628,0.03545236,1.72,1515.0,157.9356855,0.9372782
HD 93963 A c,HD 93963 A,2,3.6451389,0.04726,3.11976057,18.4,0.27832688,0.05789287,3.31,1212.45,162.7766969,25.641065
Kepler-103 c,Kepler-103,2,179.60978,0.6679,5.4539,58.47,0.48656521,0.18396719,1.98,434.0,288.9845512,40.0644857
Kepler-85 e,Kepler-85,4,25.216751,0.163,1.27,0.6,0.113,0.0018878,1.6,559.0,290.9734395,45.2902761
HD 154672 b,HD 154672,1,163.94,0.6,12.8,1706.7471,1.14,5.37,4.47,410.76,257.520697,-56.4498041
Kepler-938 b,Kepler-938,1,52.6298417,0.2689,2.22,5.56,0.19805513,0.0175,2.79,544.0,294.7890593,46.9839352
GJ 163 c,GJ 163,3,25.63058,0.1254,2.5,6.8,0.223,0.02139509,2.39,305.07,62.3228353,-53.3711768
TOI-620 b,TOI-620,1,5.0988179,0.04825,3.76,13.6,0.33544531,0.0428,1.41,603.6,142.1734459,-12.1671652
Kepler-1457 b,Kepler-1457,1,51.1110243,0.26391,1.99,4.62,0.17753591,0.0145,3.22,478.0,283.7705481,42.027203
GJ 3512 c,GJ 3512,2,2354.0,1.731,14.3,143.97626837,1.27,0.453,0.271,42.92,130.3316616,59.4918364
HD 45184 c,HD 45184,2,13.1354,0.11,2.91,8.81,0.26,0.0277,1.96,884.78,96.1820205,-28.7806402
K2-148 c,K2-148,3,6.9226,0.0616,1.73,3.64,0.15434026,0.0115,3.86,630.02,14.5176494,-0.193258
Kepler-1943 b,Kepler-1943,1,4.850180149,0.05975,1.54869189,3.02,0.13816527,0.00949,4.47,1098.0,293.3182976,41.1166697
GJ 3138 b,GJ 3138,3,1.22003,0.0197,1.18,1.78,0.106,0.00560048,5.95,902.98,32.2977385,-16.3392495
HD 114783 c,HD 114783,2,4352.0,5.0,13.4,603.8739733,1.2,1.9,1.38,101.53,198.1818436,-2.2649921
NGTS-9 b,NGTS-9,1,4.43527,0.058,11.99363,921.707,1.07,2.9,2.93,1448.0,141.9206435,-19.3476477
Kepler-584 b,Kepler-584,1,35.1810304,0.2281,4.21,16.5,0.37559104,0.0519,1.22,664.0,288.230615,42.4136181
Kepler-799 b,Kepler-799,2,133.4605235,0.5167,6.88,37.9,0.61379249,0.119,0.64,433.0,287.1748966,44.8784754
Kepler-132 d,Kepler-132,4,18.010199,0.136,1.55,3.02,0.138,0.00951,4.46,758.0,283.23581,41.343037
Kepler-1961 b,Kepler-1961,1,5.604710102,0.0588,1.6187808,3.25,0.1444182,0.0102,4.21,866.0,286.3300783,39.6831276
K2-153 b,K2-153,1,7.51574,0.0614,2.0,4.66,0.17842805,0.0147,3.2,497.0,183.8088709,2.0208765
TOI-1224 b,TOI-1224,2,4.1782745,0.0355,2.104,5.08,0.18770663,0.016,3.0,541.0,37.1978356,-80.8991053
HIP 54597 b,HIP 54597,1,3274.0,4.0,13.3,762.7881768,1.18,2.4,1.78,94.0,167.6082179,-29.4143018
WASP-5 b,WASP-5,1,1.6284279,0.0267,12.184,502.15,1.087,1.58,1.64,1706.0,359.3490277,-41.2772202
HD 195019 b,HD 195019,1,18.20132,0.14,13.0,1264.9634,1.16,3.98,3.16,901.66,307.0792427,18.7692509
HD 75289 b,HD 75289,1,3.50927,0.05,14.2,155.7367,1.27,0.49,0.299,1260.0,131.9181715,-41.7377748
Kepler-102 e,Kepler-102,5,16.1456994,0.1162,2.17,4.7,0.19359477,0.01478785,2.5,590.0,281.4824731,47.2078263
Kepler-334 b,Kepler-334,3,5.470319,0.061,1.12,1.46,0.1,0.00459,5.71,1090.0,287.1406177,47.1151153
Kepler-623 b,Kepler-623,1,9.07097734,0.0854,3.01,9.32,0.26853421,0.0293,1.88,825.0,296.9867284,47.4773531
Kepler-248 b,Kepler-248,2,6.308205,0.066,3.02,9.38,0.269,0.0295,1.87,819.0,293.0613138,43.5813577
K2-180 b,K2-180,1,8.865663,0.0756,2.46597575,11.41003981,0.22,0.0359,4.16,797.5,126.4643579,10.246577
K2-122 b,K2-122,1,2.2193023,0.0373,1.16,1.65,0.10348845,0.00521,5.81,769.0,126.4762179,20.3593384
Kepler-424 c,Kepler-424,2,223.3,0.73,12.7,2215.18,1.13,6.97,5.94,298.76,298.6249797,48.57745
TOI-654.01,TOI-654,1,1.527561,0.01944,2.378,8.71,0.21215132,0.02740472,3.59,794.0,164.7245509,-5.5475446
Kepler-295 d,Kepler-295,3,33.884054,0.192,1.36,2.42,0.121,0.00761,5.29,533.0,285.3458383,45.3677754
Kepler-1689 b,Kepler-1689,1,8.483,0.0784,0.94678642,0.799,0.08446663,0.00251,5.17,879.0,291.5741663,38.6559433
HD 73583 c,HD 73583,2,18.87974,0.1242,2.39,9.7,0.21322189,0.03051961,3.88,498.0,129.6883026,-13.2565267
TOI-2445 b,TOI-2445,1,0.3711281,0.0064,1.25,2.1,0.11151772,0.0066,5.91,1060.0,43.3161555,0.0523366
55 Cnc b,55 Cnc,7,14.651552,0.118,13.9,263.9785,1.24,0.8306,0.54,700.0,133.1468373,28.3298154
55 Cnc c,55 Cnc,7,44.3936,0.247,8.51,54.4738,0.76,0.1714,0.486,499.27,133.1468373,28.3298154
55 Cnc d,55 Cnc,7,4799.0,5.6,13.0,1232.493,1.16,3.878,3.08,104.85,133.1468373,28.3298154
55 Cnc e,55 Cnc,7,0.7365474,0.01544,1.875,7.99,0.1672763,0.02513923,6.66,1958.0,133.1468373,28.3298154
55 Cnc f,55 Cnc,7,260.58,0.802,7.59,44.812,0.677,0.141,0.563,277.07,133.1468373,28.3298154
GJ 1214 b,GJ 1214,1,1.580404531,0.01505,2.733,8.41,0.24382235,0.02646082,2.26,567.0,258.8313991,4.9606795
GJ 436 b,GJ 436,1,2.64388312,0.0291,4.17,22.1,0.372,0.07,1.8,686.0,175.5505363,26.7030669
HAT-P-12 b,HAT-P-12,1,3.2130598,0.0384,10.749,67.059,0.959,0.211,0.3192,963.0,209.3886452,43.49331
HAT-P-13 b,HAT-P-13,2,2.91625,0.04383,14.258,270.462,1.272,0.851,0.340833,1740.0,129.8823772,47.3519076
HAT-P-13 c,HAT-P-13,2,446.27,1.258,12.3,4538.421,1.1,14.28,13.4,340.0,129.8823772,47.3519076
HAT-P-14 b,HAT-P-14,1,4.62767,0.0596,15.91678,1093.3352,1.42,3.44,1.56,1624.0,260.1161719,38.2421682
HAT-P-17 b,HAT-P-17,2,10.33852,0.0892,11.76945,184.3414,1.05,0.58,0.44,800.0,324.5359781,30.4881882
HAT-P-17 c,HAT-P-17,2,5584.0,5.6,13.1,1080.6,1.17,3.4,2.64,99.59,324.5359781,30.4881882
HAT-P-18 b,HAT-P-18,1,5.508023,0.0559,11.153,62.61,0.995,0.197,0.25,852.0,256.346376,33.0123251
HAT-P-1 b,HAT-P-1,1,4.46529976,0.05561,14.784671,166.86075,1.319,0.525,0.282,1322.0,344.4453632,38.674919
HAT-P-26 b,HAT-P-26,1,4.23452,0.04748,7.06167,22.2481,0.63,0.07,0.258608,1080.0,213.1565508,4.0594175
HAT-P-30 b,HAT-P-30,1,2.8106,0.0419,16.14096,263.7989,1.44,0.83,0.309,1630.0,123.9498431,5.8368669
HAT-P-32 b,HAT-P-32,1,2.1500082,0.03397,22.19382,216.1244,1.98,0.68,0.108,1835.7,31.0427614,46.6878512
HD 149026 b,HD 149026,1,2.87589,0.04364,8.29466,120.7754,0.74,0.38,0.75,1626.0,247.6229827,38.3475349
HD 189733 b,HD 189733,1,2.21857567,0.03126,12.66617,359.1479,1.13,1.13,0.943,1209.0,300.1821223,22.7097759
HD 209458 b,HD 209458,1,3.52474859,0.04707,15.58051,232.0159,1.39,0.73,0.362,1459.0,330.7950219,18.8842419
HD 80606 b,HD 80606,1,111.436765,0.4603,11.56766808,1323.46926959,1.032,4.1641,5.08,405.0,140.6569501,50.6037764
HD 86226 b,HD 86226,2,1628.0,2.73,14.3,143.0235,1.28,0.45,0.269,176.0,149.1235154,-24.0991859
TrES-4 b,TrES-4,1,3.55395,0.05084,18.04649,247.9074,1.61,0.78,0.099,1778.0,268.3043361,37.2117397
WASP-12 b,WASP-12,1,1.091418901,0.0234,22.02564708,467.2101,1.965,1.47,0.266,2601.0,97.636645,29.6722662
WASP-15 b,WASP-15,1,3.7521,0.05165,15.80469,171.6282,1.41,0.54,0.263,1676.0,208.9280111,-32.1597118
WASP-17 b,WASP-17,1,3.73543,0.0515,20.96083,247.9074,1.87,0.78,0.082,1755.0,239.9622479,-28.0617941
WASP-18 b,WASP-18,1,0.94145223,0.02024,13.89913607,3241.8497514,1.24,10.2,6.6,2429.0,24.3544618,-45.6777937
WASP-19 b,WASP-19,1,0.78883852,0.01652,15.86070769,366.77398168,1.415,1.154,0.506,2113.0,148.4167672,-45.6591078
WASP-25 b,WASP-25,1,3.7648337,0.0473,13.80946422,179.25522155,1.232,0.564,0.399185,1217.0,195.3597581,-27.5222273
WASP-39 b,WASP-39,1,4.0552941,0.04828,14.336311,89.31023,1.279,0.281,0.167,1166.0,217.3266477,-3.4444994
WASP-43 b,WASP-43,1,0.813475,0.0142,10.424,565.714,0.93,1.78,2.939,1426.7,154.9081869,-9.8064431
WASP-6 b,WASP-6,1,3.3610026,0.04217,12.5428494,148.42586607,1.119,0.467,0.440298,1167.0,348.1571282,-22.6741248
GJ 3470 b,GJ 3470,1,3.3366496,0.0355,4.57,13.9,0.40770809,0.04373407,0.8,593.5,119.7735021,15.391209
WASP-47 b,WASP-47,4,4.159151,0.052,12.86,374.0,1.14729433,1.1767356,0.993,1275.0,331.203092,-12.019067
WASP-63 b,WASP-63,1,4.37808,0.0574,15.80469,117.5971,1.41,0.37,0.173,1469.91,94.3363562,-38.3233826
WASP-52 b,WASP-52,1,1.7497798,0.0272,14.24,146.2,1.27,0.46,0.29,1315.0,348.4947931,8.7610793
WASP-77 A b,WASP-77 A,1,1.360029395,0.023233633,13.56,529.31142902,1.21,1.6654,1.33,1674.0,37.1555223,-7.0606675
WASP-80 b,WASP-80,1,3.06785234,0.0344,11.197791,170.99254,0.999,0.538,0.717,825.0,303.1667996,-2.1444369
WASP-103 b,WASP-103,1,0.925542,0.01985,17.127,473.547,1.528,1.49,0.55,2508.0,249.3148604,7.1833758
WASP-96 b,WASP-96,1,3.4252602,0.0453,13.45,152.55,1.2,0.48,0.37,1285.0,1.0465696,-47.3606352
WASP-94 A b,WASP-94 A,2,3.95019,0.055,17.71022,158.915,1.58,0.5,0.118,1604.0,313.7832393,-34.1357512
WASP-94 B b,WASP-94 B,2,2.00839,0.0335,14.1,196.411,1.26,0.618,0.385,1848.91,313.7882932,-34.135724
WASP-69 b,WASP-69,1,3.86813881,0.0453,11.21,82.58,1.0,0.26,0.291,971.0,315.0259661,-5.094857
WASP-84 b,WASP-84,2,8.52349648,0.0778,10.72,220.0,0.956,0.692,0.98,732.0,131.1069959,1.8598933
WASP-20 b,WASP-20,1,4.89964477,0.05999,15.46839337,98.841,1.38,0.311,0.156491,1362.0,5.1605621,-23.9357894
HATS-6 b,HATS-6,1,3.3252725,0.03623,11.186582,101.38777,0.998,0.319,0.399,712.8,88.1468079,-19.0316268
KELT-7 b,KELT-7,1,2.73477,0.04415,17.9344,441.7837,1.6,1.39,0.442,2048.0,78.2955912,33.3179532
K2-18 b,K2-18,2,32.939623,0.1429,2.37,8.92,0.21143724,0.02806532,4.11,284.0,172.560141,7.5878315
KELT-8 b,KELT-8,1,3.24406,0.0455,18.15858,209.7678,1.62,0.66,0.167,1675.0,283.3054489,24.1272483
WASP-47 d,WASP-47,4,9.030501,0.085,3.65,15.5,0.32563175,0.04876845,1.8,885.0,331.203092,-12.019067
WASP-47 e,WASP-47,4,0.78961,0.01673,1.83,9.0,0.16326195,0.02831717,6.29,1992.0,331.203092,-12.019067
GJ 1132 b,GJ 1132,2,1.62892911,0.0157,1.19151465,1.83704819,0.1063,0.00578,5.97,583.8,153.7090696,-47.1549358
WASP-76 b,WASP-76,1,1.80988198,0.033,20.78145022,284.13859586,1.854,0.894,0.17,2228.0,26.632936,2.700389
KELT-4 A b,KELT-4 A,1,2.9895932,0.04317,19.044091,286.68266,1.699,0.902,0.228,1823.0,157.06262,25.5731366
TRAPPIST-1 b,TRAPPIST-1,7,1.510826,0.01154,1.116,1.374,0.09956302,0.00432309,5.441939,397.6,346.6263919,-5.0434618
TRAPPIST-1 c,TRAPPIST-1,7,2.421937,0.0158,1.097,1.308,0.09786795,0.00411543,5.463993,339.7,346.6263919,-5.0434618
TRAPPIST-1 d,TRAPPIST-1,7,4.049219,0.02227,0.788,0.388,0.07030077,0.00122078,4.366784,286.2,346.6263919,-5.0434618
K2-34 b,K2-34,1,2.9956348,0.0442,13.75,539.67534,1.22669495,1.698,0.94,1687.0,127.5787231,22.2359194
WASP-121 b,WASP-121,1,1.27492504,0.02571,19.52604438,371.85923619,1.742,1.17,0.275,2409.0,107.6002312,-39.0972705
HIP 41378 b,HIP 41378,6,15.57209,0.1303,2.64,6.9,0.23552543,0.02170983,2.07,959.0,126.6158279,10.0803708
HIP 41378 c,HIP 41378,6,31.70591,0.2093,2.74,5.97,0.24444685,0.01878372,1.6,757.0,126.6158279,10.0803708
HIP 41378 d,HIP 41378,6,278.3618,1.17,3.65,6.53,0.32563175,0.02054568,0.74,367.0,126.6158279,10.0803708
HIP 41378 e,HIP 41378,6,393.0,0.68,5.19,7.62,0.46302158,0.0239752,0.3,335.0,126.6158279,10.0803708
HIP 41378 f,HIP 41378,6,542.0797,1.394,9.47,25.0,0.84485827,0.0786588,0.16,294.0,126.6158279,10.0803708
HD 3167 b,HD 3167,4,0.95965451,0.01814,1.601,4.844,0.1428319,0.01524093,6.49,1781.0,8.7401487,4.3807215
HD 3167 c,HD 3167,4,29.846511,0.1794,2.983,11.41,0.26612589,0.03589987,2.36,567.0,8.7401487,4.3807215
HAT-P-65 b,HAT-P-65,1,2.60544751,0.04042,18.05766791,176.07693748,1.611,0.554,0.164,1818.0,315.9054895,11.9893675
WASP-131 b,WASP-131,1,5.3220125,0.0608,13.74221034,86.76715511,1.226,0.273,0.196277,1460.0,210.1935714,-30.5836084
WASP-139 b,WASP-139,1,5.924262,0.062,8.9672,37.18611,0.8,0.117,0.31,910.0,49.562173,-41.3020235
WASP-127 b,WASP-127,1,4.17806203,0.0484,14.694999,52.346601,1.311,0.1647,0.097,1400.0,160.5587646,-3.8349989
TRAPPIST-1 e,TRAPPIST-1,7,6.101013,0.02925,0.92,0.692,0.08207704,0.00217728,4.901605,249.7,346.6263919,-5.0434618
TRAPPIST-1 f,TRAPPIST-1,7,9.20754,0.03849,1.045,1.039,0.09322882,0.00326906,5.022904,217.7,346.6263919,-5.0434618
TRAPPIST-1 g,TRAPPIST-1,7,12.352446,0.04683,1.129,1.321,0.10072281,0.00415633,5.055986,197.3,346.6263919,-5.0434618
TRAPPIST-1 h,TRAPPIST-1,7,18.772866,0.06189,0.755,0.326,0.0673567,0.00102571,4.16278,171.7,346.6263919,-5.0434618
HD 106315 b,HD 106315,2,9.55237,0.0907,2.44,12.6,0.21768222,0.03964383,4.7,1153.0,183.4724742,-0.3934357
HD 106315 c,HD 106315,2,21.05704,0.1536,4.35,15.2,0.38808101,0.04782431,1.01,886.0,183.4724742,-0.3934357
LHS 1140 b,LHS 1140,2,24.73723,0.0946,1.73,5.6,0.15434053,0.01761957,5.9,226.0,11.248632,-15.2741085
KELT-11 b,KELT-11,1,4.73620865,0.0623,15.13212395,65.15482343,1.35,0.205,0.093,1712.0,161.7069053,-9.3993646
KELT-9 b,KELT-9,1,1.4811235,0.03368,21.70058664,915.34581216,1.936,2.88,0.491,3921.0,307.8598998,39.9389161
HD 3167 d,HD 3167,4,8.3967,0.077,2.61,7.3,0.233,0.02296837,2.26,865.0,8.7401487,4.3807215
WASP-107 b,WASP-107,2,5.7214876,0.055,10.53646,30.51152707,0.94,0.096,0.134,736.0,188.3864277,-10.1462141
GJ 9827 b,GJ 9827,3,1.208974,0.0189,1.44,4.28,0.12846842,0.01346639,7.858,1035.01,351.7717763,-1.2853435
GJ 9827 c,GJ 9827,3,3.648103,0.0395,1.13,1.86,0.10081202,0.00585221,7.142,715.94,351.7717763,-1.2853435
GJ 9827 d,GJ 9827,3,6.20183,0.053,1.98,3.02,0.17664407,0.00950198,2.51,675.0,351.7717763,-1.2853435
KELT-20 b,KELT-20,1,3.4741085,0.0542,19.514869,1074.90106,1.741,3.382,0.806,2262.0,294.6614126,31.2192001
K2-18 c,K2-18,2,8.962,0.06,2.65,7.51,0.236,0.02362898,2.22,363.0,172.560141,7.5878315
K2-141 b,K2-141,2,0.2803244,0.00747,1.51,4.97,0.13471341,0.01563737,7.93,2103.0,350.9170464,-1.1891827
K2-141 c,K2-141,2,7.7485,0.0683,7.0,8.0,0.62449925,0.02517081,0.081,695.0,350.9170464,-1.1891827
K2-232 b,K2-232,1,11.168454,0.10356,11.209,126.49634,1.0,0.398,0.405,1030.0,73.7667927,18.654323
GJ 1132 c,GJ 1132,2,8.929,0.0476,1.52,2.91,0.135,0.00915588,4.55,300.0,153.7090696,-47.1549358
HAT-P-11 c,HAT-P-11,2,3361.0,4.1,13.2,851.78013076,1.18,2.68,2.04,91.58,297.7101763,48.0818635
NGTS-2 b,NGTS-2,1,4.511164,0.063,17.878355,235.1942,1.595,0.74,0.226,1468.0,215.1227617,-31.2020698
WASP-164 b,WASP-164,1,1.7771255,0.02818,12.643752,676.9779,1.128,2.13,1.96,1610.0,344.8735878,-60.4478194
LHS 1140 c,LHS 1140,2,3.77794,0.027,1.272,1.91,0.11348043,0.00600953,5.1,422.0,11.248632,-15.2741085
K2-287 b,K2-287,1,14.893291,0.1206,9.494023,100.11645,0.847,0.315,0.63,804.0,233.0743401,-22.3583447
LHS 3844 b,LHS 3844,1,0.462929709,0.00624,1.286,2.37,0.11472943,0.00745685,6.15,816.0,340.4962038,-69.1721081
HD 15337 b,HD 15337,2,4.7559804,0.05245,1.77,6.519,0.1579091,0.02051107,6.458,1001.0,36.8678846,-27.6361171
HD 15337 c,HD 15337,2,17.180546,0.1235,2.526,6.792,0.22535501,0.02137002,2.303,656.1,36.8678846,-27.6361171
L 98-59 b,L 98-59,5,2.253114,0.0223,0.837,0.46,0.07467227,0.00144732,4.3,620.0,124.5328604,-68.3144658
L 98-59 c,L 98-59,5,3.6906764,0.0309,1.329,2.0,0.11856564,0.0062927,4.7,526.0,124.5328604,-68.3144658
L 98-59 d,L 98-59,5,7.450729,0.0494,1.627,1.64,0.14515147,0.00516002,2.2,416.0,124.5328604,-68.3144658
V1298 Tau b,V1298 Tau,4,24.140006,0.1685,9.41,13.1,0.83950542,0.04121721,0.09,666.0,61.331654,20.1570318
WASP-166 b,WASP-166,1,5.44354,0.0641,7.06167,32.10083,0.63,0.101,0.54,1270.0,144.8751047,-20.9824191
TOI-270 b,TOI-270,3,3.35992,0.03197,1.28,1.48,0.11419415,0.0046566,3.89,600.0,68.4160804,-51.9573937
TOI-270 c,TOI-270,3,5.66051,0.04526,2.33,6.2,0.20786903,0.01950738,2.7,489.0,68.4160804,-51.9573937
TOI-270 d,TOI-270,3,11.38194,0.0721,2.0,4.2,0.17842836,0.01321468,2.9,383.0,68.4160804,-51.9573937
GJ 357 b,GJ 357,3,3.9306,0.036,1.2,1.83,0.10705701,0.00575782,5.6,518.0,144.0074644,-21.6650634
GJ 357 c,GJ 357,3,9.1247,0.061,1.66,3.4,0.148,0.01069754,4.08,401.2,144.0074644,-21.6650634
GJ 357 d,GJ 357,3,55.661,0.204,2.34,6.1,0.209,0.01919265,2.62,219.6,144.0074644,-21.6650634
LTT 1445 A b,LTT 1445 A,2,5.3587635,0.0381,1.34,2.73,0.119547,0.00858954,6.2,431.0,45.4624781,-16.5944956
WASP-178 b,WASP-178,1,3.3448285,0.0558,20.28829,527.5978,1.81,1.66,0.37,2470.0,227.270329,-42.7049658
V1298 Tau c,V1298 Tau,4,8.249164,0.0824,5.08,4.7,0.45320802,0.01478785,0.2,953.0,61.331654,20.1570318
V1298 Tau d,V1298 Tau,4,12.401394,0.1081,6.53,6.0,0.58256858,0.01887811,0.12,831.0,61.331654,20.1570318
V1298 Tau e,V1298 Tau,4,48.677714,0.2689,10.17,15.3,0.90730819,0.04813918,0.08,527.0,61.331654,20.1570318
LP 791-18 b,LP 791-18,3,0.9479981,0.00978,1.212,1.94,0.10812758,0.00609,5.99,564.3,165.6904843,-16.4064445
LP 791-18 c,LP 791-18,3,4.98991,0.02961,2.488,7.16,0.22196488,0.02252788,2.56,324.4,165.6904843,-16.4064445
TOI-125 b,TOI-125,3,4.65382,0.05186,2.726,9.5,0.24319743,0.02989019,2.57,1037.0,23.5934253,-66.6763495
TOI-125 c,TOI-125,3,9.15059,0.0814,2.759,6.63,0.24614149,0.02086021,1.73,827.8,23.5934253,-66.6763495
L 168-9 b,L 168-9,1,1.40152604,0.0208,1.63,4.07,0.14541911,0.01280565,5.18,998.0,350.0285917,-60.0657292
TOI-125 d,TOI-125,3,19.98,0.137,2.93,13.6,0.26139709,0.04279017,2.98,638.1,23.5934253,-66.6763495
HATS-48 A b,HATS-48 A,1,3.1316666,0.03769,8.9672,77.23269,0.8,0.243,0.589,954.6,288.6720048,-59.5793505
HATS-72 b,HATS-72,1,7.3279474,0.066517,8.0973816,39.855882,0.7224,0.1254,0.411,739.3,339.0258401,-17.0003046
NGTS-10 b,NGTS-10,1,0.7668944,0.0143,13.506845,687.14846,1.205,2.162,1.43,1332.0,91.8722801,-25.5948963
TOI-1130 b,TOI-1130,2,4.074554,0.0453,3.66,19.8,0.32652389,0.06229777,2.23,825.0,286.3760037,-41.4376399
TOI-1130 c,TOI-1130,2,8.3501898,0.0731,13.0,336.0,1.15978431,1.05717423,0.827042,650.0,286.3760037,-41.4376399
TOI-677 b,TOI-677,1,11.2365985,0.1041,13.11450742,392.20025424,1.17,1.234,0.955,1252.0,144.1193594,-50.4630933
LTT 3780 b,LTT 3780,2,0.76837931,0.01195,1.325,2.46,0.11820879,0.00774003,5.8,903.0,154.6449033,-11.717801
LTT 3780 c,LTT 3780,2,12.252284,0.0757,2.39,8.04,0.21322189,0.02529667,3.24,359.0,154.6449033,-11.717801
TOI-1338 b,TOI-1338 A,2,95.4001,0.4607,7.661,11.3,0.6835,0.0355,0.56,254.65,92.1330955,-59.5409853
AU Mic b,AU Mic,4,8.463446,0.07,4.79,8.99,0.42733591,0.0282857,0.49,554.8,311.2911369,-31.34245
WASP-148 b,WASP-148,2,8.803809,0.08215,8.47398941,91.21675281,0.756,0.287,0.831,940.0,254.1305022,44.3025361
WASP-148 c,WASP-148,2,34.524,0.2044,13.9,124.58873554,1.24,0.392,0.255,590.0,254.1305022,44.3025361
NGTS-11 b,NGTS-11,1,35.45533,0.201,9.157753,109.33352,0.817,0.344,0.78,435.0,23.5214497,-14.4191493
TOI-849 b,TOI-849,1,0.765548,0.0155,3.64,41.8,0.32473961,0.13151751,5.6,1932.0,28.7157956,-29.4217086
TOI-700 b,TOI-700,4,9.977219,0.0677,0.914,0.704,0.08154176,0.00222,5.07,417.0,97.0957165,-65.5786149
TOI-700 c,TOI-700,4,16.051137,0.0929,2.6,7.27,0.23195686,0.0229,2.27,356.0,97.0957165,-65.5786149
TOI-700 d,TOI-700,4,37.42396,0.1633,1.073,1.25,0.09572681,0.00394,5.56,268.8,97.0957165,-65.5786149
HIP 67522 b,HIP 67522,2,6.9594731,0.0748,9.9872018,71.4,0.891,0.225,0.394,1175.0,207.526001,-40.8358961
TOI-1899 b,TOI-1899,1,29.090312,0.1525,11.09689089,212.94503269,0.99,0.67,0.85,378.0,299.4268472,40.1433462
HD 86226 c,HD 86226,2,3.98442,0.049,2.16,7.25,0.19270229,0.02281094,3.97,1311.0,149.1235154,-24.0991859
WD 1856+534 b,WD 1856+534,1,1.4079405,0.0204,10.4,4386.054,0.92782585,13.8,21.4,163.0,284.415675,53.5090244
LTT 9779 b,LTT 9779,1,0.792052,0.01679,4.72,29.32,0.4210902,0.09225057,1.536,1978.0,358.6688767,-37.6282237
TOI-824 b,TOI-824,1,1.392978,0.02177,2.926,18.467,0.26104024,0.05810339,4.03,1253.0,222.1654705,-57.5888666
TOI-421 b,TOI-421,2,5.197576,0.0554,2.64,6.7,0.23552543,0.02108056,2.040038,922.0,81.8532824,-14.2767404
TOI-421 c,TOI-421,2,16.067541,0.117,5.09,14.1,0.45410017,0.04436356,0.589957,635.0,81.8532824,-14.2767404
GJ 3473 b,GJ 3473,2,1.1980035,0.01589,1.264,1.86,0.11276653,0.00585219,5.03,773.0,120.5936065,3.3371629
GJ 3473 c,GJ 3473,2,15.509,0.0876,2.63,7.41,0.235,0.02331435,2.24,329.1,120.5936065,3.3371629
TOI-776 b,TOI-776,2,8.24662,0.0653,1.798,5.0,0.16040709,0.01573176,4.8,520.0,178.577997,-37.5533568
TOI-776 c,TOI-776,2,15.665323,0.1001,2.047,6.9,0.18262142,0.02170983,4.4,420.0,178.577997,-37.5533568
TOI-561 b,TOI-561,4,0.4465697,0.01064,1.397,2.02,0.12463221,0.00635563,4.1,2319.0,148.1851516,6.216103
TOI-561 c,TOI-561,4,10.778838,0.0889,2.865,5.93,0.25559862,0.01865787,1.3,802.0,148.1851516,6.216103
TOI-561 d,TOI-561,4,25.71268,0.1587,2.615,13.33,0.23329508,0.04194087,4.1,600.0,148.1851516,6.216103
TOI-561 e,TOI-561,4,77.144,0.33,2.517,12.4,0.22455209,0.03901476,4.3,416.0,148.1851516,6.216103
TOI-451 b,TOI-451,3,1.8587033,0.0274,1.84,4.7,0.16415409,0.01478785,4.1,1474.0,62.966385,-37.93973
TOI-451 c,TOI-451,3,9.192463,0.0795,2.93,3.7,0.26139754,0.0116415,0.81,865.0,62.966385,-37.93973
TOI-451 d,TOI-451,3,16.364962,0.1168,3.93,10.2,0.35061172,0.03209279,0.92,714.0,62.966385,-37.93973
TOI-178 b,TOI-178,6,1.9145601,0.02607,1.2,0.96,0.10705701,0.0030205,3.142761,1040.0,7.3020115,-30.4541159
TOI-178 c,TOI-178,6,3.238486,0.037,1.754,4.64,0.15648167,0.01459907,4.796846,873.0,7.3020115,-30.4541159
TOI-178 d,TOI-178,6,6.557569,0.0592,2.695,5.2,0.24043221,0.01636103,1.461108,690.0,7.3020115,-30.4541159
TOI-178 e,TOI-178,6,9.96318,0.0783,2.301,3.48,0.20528182,0.0109493,1.582408,600.0,7.3020115,-30.4541159
TOI-178 f,TOI-178,6,15.23335,0.1039,2.417,5.63,0.21563067,0.01771396,2.216474,521.0,7.3020115,-30.4541159
TOI-178 g,TOI-178,6,20.71663,0.1275,2.939,4.4,0.26220047,0.01384395,0.959369,470.0,7.3020115,-30.4541159
GJ 486 b,GJ 486,1,1.46712127,0.01714,1.289,2.77,0.11499708,0.00871539,6.66,696.3,191.981531,9.7494181
LHS 1478 b,LHS 1478,1,1.9495378,0.01848,1.242,2.33,0.11080401,0.007331,6.67,595.0,44.3388743,76.5514045
TOI-1231 b,TOI-1231,1,24.245586,0.1288,3.65,15.4,0.32563175,0.04845382,1.74,329.6,156.74726,-52.4678724
TOI-674 b,TOI-674,1,1.977143,0.025,5.25,23.6,0.46837443,0.0742539,0.91,635.0,164.5865592,-36.8581092
TOI-1685 b,TOI-1685,1,0.66913923,0.01164,1.421,3.07,0.12677335,0.0096593,5.3,1000.0,68.5939529,43.0370395
TOI-1807 b,TOI-1807,1,0.54937097,0.0122,1.49681583,2.44,0.13353719,0.0076771,3.98,1694.1,201.2826259,38.9223671
TOI-2076 b,TOI-2076,4,10.35504,0.08781,2.59,6.7,0.23106472,0.02108056,2.08,736.0,217.3920159,39.7903991
TOI-2076 c,TOI-2076,4,21.01447,0.1407,3.54,7.2,0.31581819,0.02265373,0.87,581.0,217.3920159,39.7903991
TOI-2076 d,TOI-2076,4,35.12803,0.1982,3.27,7.3,0.29173036,0.02296837,1.12,490.0,217.3920159,39.7903991
AU Mic c,AU Mic,4,18.859023,0.119,2.79,14.46,0.24890756,0.04549625,3.9,424.7,311.2911369,-31.34245
TOI-431 b,TOI-431,3,0.490047,0.0113,1.28,3.07,0.11419415,0.0096593,8.0,1862.0,83.2692502,-26.7238698
TOI-431 c,TOI-431,3,4.8494,0.052,1.49,2.83,0.133,0.00890418,4.7,867.0,83.2692502,-26.7238698
TOI-431 d,TOI-431,3,12.46103,0.098,3.29,9.9,0.29351465,0.03114888,1.36,633.0,83.2692502,-26.7238698
L 98-59 e,L 98-59,5,12.8278,0.0712,1.49,2.82,0.133,0.00887271,5.2,347.0,124.5328604,-68.3144658
HD 63935 b,HD 63935,2,9.058807,0.083,2.91575244,10.5,0.26012646,0.03303669,2.32,825.22,117.9246417,9.3852412
HD 63935 c,HD 63935,2,21.4027,0.148,3.06451296,11.1,0.273398,0.03492451,2.11,619.59,117.9246417,9.3852412
GJ 367 b,GJ 367,3,0.3219226,0.0071,0.736,0.503,0.06566164,0.00158261,6.9,1329.0,146.121464,-45.7790165
TOI-2109 b,TOI-2109,1,0.67247414,0.01791,15.098497,1595.49860314,1.347,5.02,2.55,3646.0,253.1862971,16.5799153
HATS-75 b,HATS-75,1,2.7886556,0.032742,9.90873894,156.05374784,0.884,0.491,0.878,772.3,60.9493919,-25.4089214
LTT 1445 A c,LTT 1445 A,2,3.1239035,0.02661,1.147,1.54,0.10232866,0.00484538,5.57,508.0,45.4624781,-16.5944956
TOI-500 b,TOI-500,4,0.548177,0.01189,1.166,1.42,0.10402373,0.00446782,4.89,1617.0,106.559098,-47.5878156
TOI-1075 b,TOI-1075,1,0.6047328,0.01159,1.791,9.95,0.15978259,0.0313062,9.32,1323.0,309.9712091,-65.4496994
TOI-1442 b,TOI-1442,1,0.4090677,0.0071,1.17,1.71,0.10438059,0.00537,5.87,1072.0,287.2921006,74.1742762
TOI-2260 b,TOI-2260,1,0.3524728,0.0097,1.62,3.26,0.14452697,0.0102,4.21,2609.0,247.6669998,49.0467891
GJ 3929 b,GJ 3929,2,2.616235,0.0252,1.09,1.75,0.09724345,0.00550612,7.3,568.0,239.5775678,35.4081141
WASP-189 b,WASP-189,1,2.724033,0.05053,18.14733975,632.47852993,1.619,1.99,0.621987,3353.0,225.686732,-3.0314874
TOI-1670 b,TOI-1670,2,10.98462,0.103,2.06,41.31769291,0.18378121,0.13,8.6,1062.0,259.0172522,72.1611806
TOI-1670 c,TOI-1670,2,40.74976,0.249,11.06326395,200.23189641,0.987,0.63,0.81,684.0,259.0172522,72.1611806
HD 260655 b,HD 260655,2,2.76953,0.02933,1.24,2.14,0.11062558,0.00673319,6.2,709.0,99.2915429,17.5662696
HD 260655 c,HD 260655,2,5.70588,0.04749,1.533,3.09,0.13676533,0.00972223,4.7,557.0,99.2915429,17.5662696
TOI-3714 b,TOI-3714,1,2.154849,0.027,11.32107051,222.4798849,1.01,0.7,0.85,750.0,69.5523415,39.4580035
GJ 3929 c,GJ 3929,2,15.04,0.081,2.26,5.71,0.201,0.01796567,2.72,317.0,239.5775678,35.4081141
GJ 3090 b,GJ 3090,2,2.85310198,0.0316,2.18,4.52,0.19448691,0.01422151,2.4,723.0,20.4384281,-46.7147234
TOI-181 b,TOI-181,1,4.532,0.0539,6.9559,46.1687,0.6339,0.1452,0.7562,895.1,352.1725409,-34.4914099
TOI-199 b,TOI-199,2,104.854,0.4254,9.07927437,54.03082919,0.81,0.17,0.397,325.0,80.1058735,-59.8954326
TOI-700 e,TOI-700,4,27.80978,0.134,0.953,0.818,0.08502111,0.00257,5.19,272.9,97.0957165,-65.5786149
TOI-771 b,TOI-771,2,2.3260155,0.0208,1.36,2.47,0.12133128,0.00777149,5.4,543.0,164.1138903,-72.9851736
TOI-836.01,TOI-836,2,8.59545,0.075,2.587,9.6,0.23079708,0.03020498,3.06,665.0,225.0798831,-24.4542022
TOI-836 b,TOI-836,2,3.81673,0.0422,1.704,4.53,0.15202096,0.01425297,5.02,871.0,225.0798831,-24.4542022
LHS 475 b,LHS 475,1,2.029088,0.02037,0.991,0.941,0.08841125,0.00296,5.31,586.0,290.2379403,-82.5597883
TOI-1136 d,TOI-1136,6,12.5199,0.1062,4.627,8.35,0.412794,0.02627204,1.81,843.0,192.1848981,64.8552755
TOI-1136 c,TOI-1136,6,6.2574,0.0669,2.879,6.32,0.25684762,0.01988494,1.45,1062.0,192.1848981,64.8552755
TOI-1136 f,TOI-1136,6,26.321,0.174,3.73591482,9.7,0.33329657,0.03051961,0.89,658.0,192.1848981,64.8552755
TOI-1136 e,TOI-1136,6,18.801,0.14,2.639,6.07,0.23543622,0.01909836,1.81,737.0,192.1848981,64.8552755
TOI-1173 b,TOI-1173,1,7.06466,0.0696,9.19,27.4,0.8198783,0.08621004,0.195,868.0,197.6830975,70.7680117
TOI-1416 b,TOI-1416,1,1.0697568,0.019,1.62,3.48,0.14452697,0.0109493,4.5,1517.0,216.9234892,41.9529862
TOI-1420 b,TOI-1420,1,6.9561063,0.071,11.89,25.1,1.06075658,0.07897343,0.082,957.0,322.9418092,66.3490054
TOI-1468 c,TOI-1468,2,15.532477,0.08608,2.126,4.1,0.18966934,0.01290004,2.31,338.1,16.6538724,19.2249195
TOI-1468 b,TOI-1468,2,1.8805201,0.02107,1.401,3.04,0.12498906,0.00956491,6.1,683.5,16.6538724,19.2249195
HIP 9618 b,HIP 9618,2,20.772858,0.145,3.82838127,8.3,0.34154589,0.02611472,0.81,640.88,30.9050061,21.2813274
HIP 9618 c,HIP 9618,2,52.56363,0.269,3.42855926,7.0,0.3058761,0.02202446,1.0,470.31,30.9050061,21.2813274
TOI-1801 b,TOI-1801,1,10.64387,0.075,2.079,5.738,0.186,0.01805377,3.701,493.7,175.5755995,23.0270335
TOI-1823 b,TOI-1823,1,38.8,0.212,7.5406241,67.4,0.67273058,0.21206412,0.86,423.63,196.2197201,63.753261
TOI-2031 A b,TOI-2031 A,1,5.71548654,0.066,14.20177855,254.2627256,1.267,0.8,0.49,1358.0,331.1178077,81.5659509
TOI-2134 b,TOI-2134,2,9.229198,0.07803,2.735,9.37,0.24400078,0.02948132,2.52,660.0,271.9355015,39.0729269
TOI-2134 c,TOI-2134,2,95.85284,0.3715,7.35,58.3,0.65572421,0.18343231,0.81,302.0,271.9355015,39.0729269
TOI-2374 b,TOI-2374,1,4.3136193,0.04818,7.48759911,61.65871096,0.668,0.194,0.803,926.0,319.4982407,-22.0498228
TOI-2431 b,TOI-2431,1,0.22419578,0.0063,1.534,6.2,0.13685455,0.01950738,9.4,2063.0,37.7652989,8.3816255
TOI-3235 b,TOI-3235,1,2.59261842,0.02709,11.39953337,211.35589065,1.017,0.665,0.78,604.0,207.4738488,-46.0665139
TOI-3757 b,TOI-3757,1,3.438753,0.03845,12.0,85.3,1.07057014,0.26838381,0.27,759.0,91.0036423,55.0199793
TOI-3884 b,TOI-3884,1,4.5445828,0.0361,6.43,32.59,0.57364716,0.10253961,0.67,441.0,181.5718341,12.5070258
TOI-3984 A b,TOI-3984 A,1,4.353326,0.041,7.9,44.0,0.71,0.14,0.49,563.0,226.3371468,36.7869747
TOI-4010 c,TOI-4010,4,5.414654,0.058,5.93,20.31,0.52904008,0.06390241,0.5,907.0,20.2148196,66.0722009
TOI-4010 d,TOI-4010,4,14.70886,0.113,6.18,38.15,0.55134362,0.12003332,0.9,650.0,20.2148196,66.0722009
TOI-4010 b,TOI-4010,4,1.348335,0.0229,3.02,11.0,0.26942682,0.03460987,2.2,1441.0,20.2148196,66.0722009
TOI-4336 A b,TOI-4336 A,2,16.336351,0.0849,2.137,3.33,0.1906507,0.01047735,1.87,309.4,206.1070129,-40.3373505
HD 20329 b,HD 20329,1,0.926118,0.018,1.72,7.42,0.15344839,0.02334593,8.06,2141.0,49.178124,15.6563542
Kepler-167 e,Kepler-167,4,1071.23205,1.883,10.16,321.00669107,0.90641605,1.01,1.68,134.4,292.6585253,38.3455558
TOI-5205 b,TOI-5205,1,1.630757,0.0199,11.6,343.0,1.03,1.08,1.21,737.0,313.7706819,24.360977
Kepler-167 c,Kepler-167,4,7.406106,0.0684,1.674,3.44,0.14934453,0.0108,4.03,771.0,292.6585253,38.3455558
TOI-5293 A b,TOI-5293 A,1,2.930289,0.034,11.9,170.4,1.06,0.54,0.56,675.0,355.828682,-2.0450945
KOI-94 d,KOI-94,4,22.342989,0.1684,11.27,106.0,1.005,0.334,0.363,806.0,297.3330716,41.8911186
HD 3167 e,HD 3167,4,91.9,0.3797,3.97,14.9,0.354,0.04688064,1.31,389.0,8.7401487,4.3807215
TOI-1136 b,TOI-1136,6,4.1727,0.05106,1.9,3.5,0.16950694,0.01101223,2.8,1216.0,192.1848981,64.8552755
TOI-1136 g,TOI-1136,6,39.545,0.229,2.53,5.6,0.22571187,0.01761957,1.9,574.0,192.1848981,64.8552755
TOI-1338 c,TOI-1338 A,2,215.79,0.794,10.3,75.4,0.92,0.23723493,0.379,354.89,92.1330955,-59.5409853
WASP-84 c,WASP-84,2,1.4468849,0.02359,1.95,15.2,0.174,0.048,11.2,1329.0,131.1069959,1.8598933
TOI-6109 c,TOI-6109,2,8.538878,0.0786,4.8326,20.8,0.43113644,0.0655,1.01,786.0,50.1319206,42.6069564
WASP-193 b,WASP-193,1,6.2463475,0.0668,14.78464554,35.59678158,1.319,0.112,0.06,1250.0,164.3491401,-29.9971229
LP 791-18 d,LP 791-18,3,2.75485,0.01992,1.032,0.91,0.09206903,0.00286318,4.56,395.5,165.6904843,-16.4064445
HD 207496 b,HD 207496,1,6.441008,0.0629,2.25,6.1,0.2007319,0.01919275,3.17,743.0,328.7181708,-77.3388025
TOI-4010 e,TOI-4010,4,762.0,1.57,13.3,692.0,1.19,2.17727549,1.62,174.0,20.2148196,66.0722009
TOI-6109 b,TOI-6109,2,5.690476,0.0599,4.8704,21.1,0.43450873,0.0664,1.0,700.0,50.1319206,42.6069564
TOI-199 c,TOI-199,2,273.69,0.807,11.4,88.99195396,1.01,0.28,0.33,255.43,80.1058735,-59.8954326
GJ 806 b,GJ 806,2,0.9263237,0.01406,1.331,1.9,0.11874407,0.00597807,4.4,940.0,311.2697002,44.5002351
GJ 806 c,GJ 806,2,6.64064,0.0523,2.28,5.8,0.203,0.01824884,2.69,490.0,311.2697002,44.5002351
HD 110067 b,HD 110067,6,9.113678,0.0793,2.2,5.69,0.19627119,0.01790274,2.94,800.0,189.8392243,20.0273377
HD 110067 d,HD 110067,6,20.519617,0.1362,2.852,8.52,0.25443884,0.02680692,2.02,602.0,189.8392243,20.0273377
HD 110067 f,HD 110067,6,41.05854,0.2163,2.601,5.04,0.23204608,0.01585761,1.57,489.0,189.8392243,20.0273377
TOI-6894 b,TOI-6894,1,3.37077196,0.02604,9.5836785,53.39517238,0.855,0.168,0.334,417.9,173.4691418,12.4510906
IRAS 04125+2902 b,IRAS 04125+2902,1,8.834978,0.077,10.73820351,80.8,0.958,0.254,0.359,854.0,63.9283394,29.166542
HIP 67522 c,HIP 67522,2,14.334892,0.1228,7.93595834,48.3,0.708,0.152,0.531,917.0,207.526001,-40.8358961
TOI-771 c,TOI-771,2,7.61,0.046,1.5,2.87,0.134,0.00903003,4.67,365.0,164.1138903,-72.9851736
TOI-2076 e,TOI-2076,4,3.0223753,0.03863,1.301,4.7,0.11606765,0.01478785,11.5,1110.0,217.3920159,39.7903991
L 98-59 f,L 98-59,5,23.064,0.1052,1.48,2.8,0.132,0.00880979,5.0,285.0,124.5328604,-68.3144658
55 Cnc B b,55 Cnc B,7,6.7994,0.044,1.69,3.5,0.151,0.01101223,3.98,395.41,133.167908,28.3152863
55 Cnc B c,55 Cnc B,7,33.747,0.13,2.16,5.3,0.193,0.01667566,2.89,230.04,133.167908,28.3152863
GJ 3090 c,GJ 3090,2,15.9407,0.0997,3.14,10.0,0.28,0.03146352,1.77,407.2,20.4384281,-46.7147234
TOI-4336 A c,TOI-4336 A,2,7.587266,0.05092,1.251,1.55,0.11160694,0.00487685,4.35,399.5,206.1070129,-40.3373505
TOI-260 b,TOI-260,1,13.475853,0.0943,1.71,4.23,0.15255624,0.01330907,4.66,493.0,4.7730178,-9.9661505
Kepler-12 b,Kepler-12,1,4.4379629,0.0553,19.660586,137.30256,1.754,0.432,0.11,1480.0,286.2434458,50.0403671
KOI-94 b,KOI-94,4,3.743208,0.05119,1.71,10.5,0.153,0.033,10.1,1486.0,297.3330716,41.8911186
Kepler-167 d,Kepler-167,4,21.80379,0.1404,1.238,2.06,0.11044715,0.00649,5.97,538.0,292.6585253,38.3455558
Kepler-51 d,Kepler-51,4,130.194,0.509,9.7,7.6,0.865,0.024,0.046,381.0,296.4797624,49.9376486
Kepler-51 c,Kepler-51,4,85.312,0.384,9.0,4.0,0.803,0.013,0.03,439.0,296.4797624,49.9376486
Kepler-51 b,Kepler-51,4,45.154,0.2514,7.1,2.1,0.633,0.007,0.03,543.0,296.4797624,49.9376486
Kepler-167 b,Kepler-167,4,4.3931539,0.04825,1.718,3.6,0.15326996,0.0113,3.9,918.0,292.6585253,38.3455558
KOI-94 c,KOI-94,4,10.423648,0.1013,4.32,15.6,0.385,0.049,0.91,1012.0,297.3330716,41.8911186
KOI-94 e,KOI-94,4,54.32031,0.3046,6.56,35.0,0.585,0.11,0.6,584.0,297.3330716,41.8911186
PH2 b,PH2,1,282.52542,0.833,9.33708092,87.08498352,0.833,0.274,0.58,295.1,289.7636212,51.962683
HAT-P-11 b,HAT-P-11,2,4.888,0.05258,4.36,25.0,0.38897315,0.0787,1.172,838.0,297.7101763,48.0818635
LP 714-47 b,LP 714-47,1,4.052032,0.04056,4.25,28.38,0.37916026,0.08929347,2.04,722.8,64.1902212,-12.0848643
TOI-4438 b,TOI-4438,1,7.446295,0.0523,2.4,4.11,0.21411403,0.01293151,1.65,446.0,270.3172389,35.5948992
TOI-4504 c,TOI-4504,3,82.819093,0.3593,11.17,821.0,0.99652237,2.58,3.24,412.5,114.4673065,-62.0782776
TOI-4504 b,TOI-4504,3,2.4261516,0.0338,2.65,140.0,0.23641757,0.45,44.0,1345.0,114.4673065,-62.0782776
TOI-5628 A b,TOI-5628 A,1,4.3416612,0.0368,8.29464572,28.60455663,0.74,0.09,0.29,492.0,185.7279551,18.8367047
TOI-4504 d,TOI-4504,3,41.2871975,0.2219,11.26,643.0,1.00455164,2.02,2.48,524.8,114.4673065,-62.0782776
K2-24 c,K2-24,2,42.34732,0.262,7.93,16.4,0.70746843,0.05160017,0.181,591.0,242.5734559,-24.9906029
K2-24 b,K2-24,2,20.8895961,0.1673,5.638,20.6,0.50298954,0.06481485,0.632,732.0,242.5734559,-24.9906029
HD 114082 b,HD 114082,1,109.75,0.5109,11.2089807,2542.627256,1.0,8.0,9.92,547.7,197.3171237,-60.3084347
CoRoT-1 b,CoRoT-1,1,1.5089557,0.02752,16.7,327.35,1.49,1.03,0.38,1898.0,102.0798591,-3.1021394
Qatar-4 b,Qatar-4,1,1.8053564,0.02803,12.722215,1938.763,1.135,6.1,5.1,1385.0,4.859275,44.0275965
TOI-762 A b,TOI-762 A,1,3.4716826,0.03418,8.33948164,79.77493016,0.744,0.251,0.76,555.4,166.0747423,-47.8214964
TOI-2384 b,TOI-2384,1,2.13570304,0.02793,11.48920522,624.85064816,1.025,1.966,2.26,889.7,36.1561463,-65.0001957
TOI-5292 A b,TOI-5292 A,1,2.02191,0.0279,12.64373023,412.85910069,1.128,1.299,1.12,809.0,344.2223631,-8.1197473
TIC 46432937 b,TIC 46432937,1,1.44044527,0.02065,13.31626907,1017.0509024,1.188,3.2,2.37,872.0,83.8689794,-14.5971909
HD 60779 b,HD 60779,2,29.986175,0.1922,3.246,14.19,0.28958922,0.04464673,2.28,650.0,114.0047579,-3.151291
