star_name,star_temperature,star_radius,star_mass,star_surface_gravity
HD 80653,5959.0,1.199,1.15,4.342
HD 80653,5959.0,1.199,1.15,4.342
XO-2 S,5325.0,1.02,0.98,4.42
Kepler-1808,5530.0,0.892,0.773,4.425
Kepler-418,5820.0,1.09,0.98,4.35
Kepler-249,3568.0,0.482,0.510238,4.777
Kepler-1408,6170.0,1.35,1.21,4.25
HR 8799,7204.58,1.49338,1.5,4.29656
Kepler-500,5813.0,1.03,1.02,4.42
CoRoT-17,5740.0,1.59,1.04,4.4
CoRoT-7,5250.0,0.8389,0.915,4.573
Kepler-1685,5484.0,0.835451,0.96,4.5765
Kepler-296,3740.0,0.48,0.498,4.774
TOI-1744,6179.0,1.14,1.18,4.3969
TOI-4377,4974.0,3.52,1.36,3.39
HD 64114,5676.0,0.882858,0.95,4.51786
TOI-858 B,5842.0,1.308,1.081,4.238
HD 27969,5966.0,1.27,1.16,4.12
Kepler-1947,6040.0,1.686,0.984,3.978
Kepler-81,4500.0,0.595,0.648,4.696
Kepler-900,4836.0,0.73,0.78,4.6
TOI-1296,5567.0,1.7031,1.1576,4.035
HD 24040,5802.0,1.3,1.11,4.26
Kepler-638,5382.0,0.93,0.88,4.43
Kepler-375,5826.0,0.837,0.891,4.567
Kepler-1590,6053.0,1.16,1.11,4.35
Kepler-666,5887.0,1.05,1.03,4.41
Kepler-586,5575.0,0.92,0.94,4.5
HD 180053,5131.0,4.06,1.75,3.54
Kepler-1827,5423.0,1.404,0.915,4.105
Kepler-83,4082.0,0.61,0.66,4.69
TOI-1410,4635.0,0.7558,0.7941,4.579
Kepler-578,5334.0,0.83,0.87,4.54
TOI-3807,5772.0,1.468,1.181,4.174
Kepler-239,4914.0,0.763,0.757,4.583
Kepler-1812,6174.0,1.103,1.162,4.417
HD 191939,5348.0,0.94,0.81,4.3
Kepler-931,5241.0,0.81,0.86,4.55
Kepler-501,5794.0,1.216,1.032,4.282
Kepler-1664,5735.81,1.072,0.944,4.353
WASP-105,5070.0,0.9,0.89,4.2
Kepler-58,5843.0,1.03,0.95,4.39
GJ 887,3688.0,0.468,0.495,4.156
TOI-1759,4065.0,0.597,0.606,4.65
HIP 70849,4105.0,0.633112,0.65,4.62349
KOI-142,5466.0,0.897,0.99,4.528
Barnard's star,3195.0,0.185,0.162,4.9
HATS-62,5416.0,0.933,0.896,4.451
Kepler-1350,3827.0,0.53,0.55,4.74
TOI-1410,4635.0,0.7558,0.7941,4.579
TOI-5110,6160.0,2.333,1.469,3.869
GJ 229,3564.0,0.46,0.509,4.69496
Kepler-341,6012.0,1.024,0.976,4.437
TOI-791,6294.0,1.474,1.28,3.71
Kepler-590,6000.0,1.15,1.1,4.35
HD 180902,4961.0,4.16,1.41,3.36
Qatar-7,6387.0,1.564,1.409,4.196
TOI-5624,5327.0,0.82,0.858,4.49
Kepler-764,5557.0,0.89,0.92,4.51
TOI-7166,3099.0,0.222,0.19,5.02
TOI-6695,6400.0,1.517,1.338,4.202
GJ 3998,3726.0,0.5,0.52,4.75
Kepler-656,5281.0,0.82,0.86,4.56
KOI-7892,6474.0,1.26,1.04,4.31
Kepler-751,5387.0,0.84,0.87,4.54
Kepler-276,5693.0,1.03,1.1,4.46
WASP-37,5800.0,1.003,0.925,4.25
TOI-1203,5737.0,1.179,0.886,4.34
Kepler-122,5917.0,0.949,1.03,4.35
Kepler-397,5307.0,0.767,0.844,4.572
Kepler-1503,5069.0,0.74,0.77,4.59
TOI-1776,5785.0,0.9356,0.9196,4.457
Kepler-1781,5568.0,0.957,1.053,4.499
HAT-P-40,6080.0,1.94,1.03,3.93
HD 81688,4797.0,11.13,1.07,2.37
K2-19,5350.0,0.824,0.892,4.556
Kepler-1309,5235.0,0.8,0.85,4.56
HD 169830,6300.0,1.935709,1.17,4.008828
TOI-2525,5096.0,0.785,0.849,4.58
Kepler-57,5187.9,0.826,0.859,4.54
Kepler-1300,6130.0,1.79,1.29,4.04
K2-104,3712.0,0.48,0.51,4.78
KOI-134,6160.0,1.667,1.407,4.11
TOI-1768,5994.0,1.1,1.1,4.4
HD 150706,5961.0,0.96,1.17,4.5
HR 8799,7400.0,1.49338,1.51,4.0
Kepler-770,5598.0,0.92,0.94,4.49
HD 95089,4918.0,5.08,1.54,3.24
HIP 10090,5661.0,1.38268,0.94,4.1434
Kepler-1600,5119.0,0.834,0.818,4.508
TOI-1782,4336.0,0.669,0.68,4.62012
Kepler-855,5835.0,1.03,1.03,4.42
Kepler-24,5897.0,1.289,1.046,4.2
Kepler-1435,6356.0,1.32,1.21,4.28
Kepler-1771,5661.0,0.934,0.941,4.471
Kepler-338,5923.0,1.735,1.105,4.017
HD 5583,4830.0,9.09,1.01,2.53
HD 188641,5897.32,1.94492,1.07,3.88965
K2-39,4881.0,2.97,0.66,3.44
Kepler-1872,5223.0,0.885,0.913,4.505
K2-130,4356.47,0.744261,0.69563,4.62
HD 89839,6314.0,1.28588,1.21,4.49
Kepler-106,5858.0,1.04,1.0,4.407
Kepler-430,5884.0,1.485,1.166,4.15
Ross 508,3071.0,0.2113,0.1774,5.039
Kepler-869,5664.0,0.95,0.97,4.47
GJ 2126,4159.0,0.728,0.65,4.527
WASP-46,5600.0,0.858,0.828,4.489
Kepler-932,5331.0,0.84,0.87,4.54
HD 1605,4915.0,3.49,1.33,3.4
Kepler-1206,4877.0,0.75,0.8,4.6
Kepler-520,6112.0,1.09,1.1,4.41
Kepler-27,5400.0,0.59,0.65,5.4
Kepler-1250,5717.0,0.98,0.99,4.46
TOI-2141,5635.0,0.95,0.896,4.4
GJ 317,3496.0,0.403,0.402,4.822436
Kepler-1851,5982.0,0.879,0.967,4.535
Kepler-350,6186.0,1.534,1.19,4.15
K2-414,4343.0,0.732,0.814,4.621
K2-148,4079.0,0.632,0.65,4.653
Kepler-633,5899.0,1.15,1.02,4.32
Kepler-61,4017.0,0.62,0.635,4.67
TOI-4562,6096.0,1.152,1.192,4.39
Kepler-1154,6327.0,1.43,1.26,4.23
Kepler-241,4699.0,0.668,0.671,4.627
Kepler-863,5678.0,0.95,0.96,4.46
CoRoT-35,6390.0,1.65,1.01,4.01
Kepler-1127,5664.0,0.95,0.97,4.47
Kepler-1234,4967.0,0.76,0.8,4.59
HAT-P-27,5316.0,0.864673,0.916,4.52626
Kepler-1934,5925.0,1.035,0.968,4.394
Kepler-1344,5981.0,1.13,1.09,4.37
Kepler-1124,3658.0,0.34,0.35,4.93
Kepler-117,6150.0,1.606,1.129,4.102
K2-97,4673.0,4.14,1.17,3.276
Kepler-1581,6022.0,1.23,1.12,4.31
TOI-206,3383.0,0.35,0.35,4.89
BD+48 740,4534.0,10.33,1.09,2.48
HD 4308,5686.0,1.02,0.93,4.39
Kepler-1403,6060.0,1.15,1.11,4.36
TOI-707,5424.0,0.978,0.99,4.39
Kepler-546,5967.0,1.15,1.11,4.36
Kepler-299,5617.0,1.032,1.004,4.394
TOI-283,5213.0,0.85,0.8,4.5
Kepler-236,3750.0,0.51,0.596005,4.753
HIP 8541,4672.0,6.84,2.009,2.95
HD 92788,5744.0,1.14,1.15,4.39
Kepler-310,5797.0,0.876,0.854,4.521
Kepler-1886,5745.0,0.837,0.928,4.559
HD 207832,5710.0,0.901,0.94,4.502
HAT-P-49,6820.0,2.06,2.22,4.1
TOI-6019,5561.0,2.02,1.13,4.0
16 Cyg B,5750.0,1.13,1.08,4.36
Kepler-522,6392.0,1.98,1.54,4.04
Kepler-1467,5332.0,0.82,0.86,4.55
Kepler-758,6228.0,1.42,1.16,4.19
Kepler-19,5541.0,0.859,0.936,4.55
Kepler-1102,5724.0,0.94,0.96,4.48
HD 72659,5929.0,1.36,1.033,4.23
HD 174205,4308.0,26.6,1.8,1.8
Kepler-617,3712.0,0.48,0.51,4.77
Kepler-371,5666.0,0.992,0.876,4.39
Kepler-265,5835.0,1.103,0.97,4.326
Kepler-1610,5295.0,0.8,0.825,4.548
Qatar-2,4645.0,0.776,0.743,4.53
HD 222076,4806.0,4.1,1.07,3.31
HD 98736,5271.0,0.93,0.92,4.47293
HD 40979,6165.0,1.21,1.45,4.43
TOI-286,5152.0,0.78,0.832,4.59
Kepler-750,6160.0,1.23,1.15,4.32
Kepler-282,5602.0,0.904,0.86,4.459
Kepler-278,4965.0,2.861,1.227,3.58
GJ 180,3371.0,0.413049,0.43,4.81473
HD 1461,5765.0,1.152288,1.02,4.38
Kepler-1248,6149.0,1.21,1.21,4.36
K2-275,4841.0,0.69,0.77,4.65
HD 74156,6068.0,1.510576,1.1,4.139148
Kepler-267,4258.0,0.555,0.541571,4.729
K2-86,5482.0,0.76,0.79,4.579
Kepler-377,5949.0,1.224,1.043,4.303
K2-195,5712.0,0.906367,0.963364,4.55
Proxima Cen,2900.0,0.141,0.1221,5.16372
HD 15906,4757.0,0.762,0.79,4.49
HD 196050,5879.0,1.42,1.27,4.25
TOI-1279,5457.0,0.8426,0.8784,4.529
K2-326,3924.0,0.688,0.507,4.462
Kepler-606,6161.0,1.22,1.13,4.32
Kepler-1575,5667.0,0.92,0.95,4.49
Kepler-729,5633.0,0.91,0.94,4.5
Kepler-1995,5029.0,0.93,0.847,4.429
Kepler-1434,6291.0,2.04,1.47,3.98
Kepler-82,5401.0,0.898,0.91,4.49
Kepler-1538,5837.0,1.03,1.03,4.42
K2-187,5438.0,0.83,0.966999,4.6
Kepler-464,5933.0,1.59,1.21,4.11
61 Vir,5577.0,0.963,0.942,4.34
Kepler-1782,4931.0,0.734,0.794,4.605
Kepler-1580,6228.0,2.15,1.47,3.94
Kepler-198,5636.0,0.93,0.97,4.49
Kepler-1737,5043.0,0.881,0.834,4.47
Kepler-134,5983.0,1.176,0.956,4.31
TOI-1860,5752.0,0.94,0.99,4.58
Kepler-132,6003.0,1.178,0.929,4.31
GJ 3942,3867.0,0.61,0.63,4.65
Kepler-26,3914.0,0.512,0.544,4.68
Kepler-1589,6166.0,1.25,1.18,4.32
GJ 581,3500.0,0.302,0.295,4.97
HD 196885 A,6254.0,1.31,1.28,4.31
TOI-5592,6237.0,1.393,1.194,4.226
Kepler-188,6021.0,1.141,1.021,4.346
HIP 65407,5460.0,0.952252,0.93,4.47
Kepler-324,5233.0,0.835,0.901,4.54
Kepler-279,6689.45,1.07,1.1,4.42
TOI-1444,5460.0,0.9105,0.9513,4.496
Kepler-329,4257.0,0.523,0.602,4.74
Kepler-487,5422.0,0.887,0.874,4.484
HD 43691,6093.0,1.6,1.32,4.28
Kepler-797,5680.0,0.95,0.96,4.47
Kepler-199,5644.0,0.967,0.96,4.438
HATS-8,5679.0,1.086,1.056,4.386
KOI-1783,5922.0,1.143,1.076,4.3
KELT-16,6236.0,1.36,1.211,4.253
Kepler-1681,5756.4,0.759,0.893,4.538
Kepler-780,5769.0,1.02,1.01,4.42
Kepler-1572,5618.0,0.95,0.97,4.47
Kepler-1389,5078.0,0.74,0.81,4.61
TOI-544,4169.0,0.623,0.631,4.68
Kepler-251,5526.0,0.89,0.891,4.486
Kepler-127,6106.0,1.359,1.248,4.265
CoRoT-12,5675.0,1.116,1.078,4.375
Kepler-1256,6129.0,1.36,1.17,4.23
G 264-012,3326.0,0.305,0.297,4.85
GJ 143,4640.0,0.695,0.73,4.613
K2-10,5533.0,0.956,0.88,4.47
Kepler-182,6250.0,1.146,1.114,4.401
TOI-1659,5977.0,1.006,1.1,4.47
Kepler-19,5544.0,0.859,0.936,4.51
TOI-237,3226.0,0.2056,0.1698,5.0494
Kepler-564,5626.0,0.92,0.95,4.49
Kepler-878,5044.0,0.77,0.81,4.58
Kepler-228,6043.0,1.014,1.006,4.467
HD 6434,5769.0,1.12,1.1,4.38
CoRoT-7,5275.0,0.83,0.82,4.5
TOI-2969,4738.0,0.7,0.71,4.56
Kepler-610,5943.0,1.13,1.1,4.37
Kepler-1473,6046.0,1.09,1.09,4.4
Kepler-447,5493.0,1.05,1.0,4.4
Kepler-290,5142.0,0.755,0.84,4.602
HD 34445,5836.0,1.38,1.07,4.21
Kepler-384,5577.0,0.882,0.882,4.475
HD 120084,4879.0,10.37,2.16,2.74
Kepler-191,5282.0,0.789,0.857,4.594
GJ 680,3563.0,0.45933,0.456,4.77323
Kepler-917,5418.0,0.76,0.8,4.58
TOI-1224,3326.0,0.404,0.4,4.893
TOI-1422,5840.0,1.019,0.9903,4.412
Kepler-980,5935.0,1.06,1.05,4.41
HATS-59,5670.0,1.036,1.038,4.422
HD 73267,5387.0,0.909,0.93,4.447
Kepler-580,4298.0,0.64,0.67,4.66
HD 152843,6310.0,1.43,1.15,4.19
HD 217786,5966.0,1.27,1.14,4.35
HR 8799,7204.58,1.49338,1.5,4.29656
TOI-4342,3866.0,0.598,0.587,4.652
Kepler-193,6335.0,1.147,1.051,4.403
K2-269,6209.0,1.45,1.16,4.18
KOI-12,6635.0,1.4,1.5,4.308
Kepler-1773,6183.0,1.3,1.241,4.301
NGTS-16,5550.0,1.213,1.002,4.35
Kepler-637,6096.0,2.56,1.64,3.84
HD 113337,6774.0,1.5,1.41,4.21
K2-30,5425.0,0.844,0.9,4.54
Kepler-1675,5853.19,1.12865,1.06,4.35826
Kepler-1788,4786.0,0.704,0.686,4.579
Kepler-497,5834.0,1.11,1.09,4.39
Kepler-179,5302.0,0.759,0.893,4.613
HD 87646,5770.0,1.55,1.12,4.1
Kepler-139,5622.0,1.045,1.078,4.34518
HD 29985,4678.0,0.574666,0.75,4.7943
Kepler-668,5352.0,0.82,0.87,4.55
Kepler-56,4819.44,4.21799,1.29,3.31
Kepler-205,4321.0,0.546,0.592,4.735
Kepler-1156,5778.0,1.0,1.0,4.44
HR 858,6354.0,1.258,1.204,4.3
Kepler-989,5074.0,0.78,0.82,4.58
HD 165155,5426.0,0.95,1.02,4.49
HD 22946,6169.0,1.117,1.098,4.47
HD 13908,6255.0,1.67,1.29,4.11
Kepler-1446,4865.0,0.75,0.81,4.6
Kepler-1697,4681.53,0.772344,0.747,4.53577
HD 11112,5905.64,1.47368,1.07,4.13064
Kepler-674,4192.0,0.57,0.6,4.69
Kepler-1269,5998.0,1.15,1.1,4.36
Kepler-1576,5876.0,1.06,1.05,4.4
Kepler-1796,6036.0,0.949,1.018,4.491
Kepler-972,6146.0,1.22,1.15,4.33
Kepler-1508,6158.0,1.22,1.14,4.32
Kepler-293,5804.0,0.957,0.934,4.504
AF Lep,6140.0,1.25,1.218,4.4
Kepler-873,6163.0,1.27,1.18,4.29
Kepler-669,6038.0,1.2,1.15,4.34
Kepler-783,5521.0,0.89,0.93,4.51
Kepler-142,5790.0,1.269,0.978,4.262
Kepler-1297,5818.0,0.99,0.99,4.45
HD 126525,5638.0,0.979,0.897,4.382
Kepler-319,5526.0,0.903,0.933,4.487
Kepler-1427,5793.0,1.01,1.01,4.44
Kepler-1959,5071.0,0.811,0.768,4.505
HD 109271,5783.0,1.294595,1.047,4.28
HD 158996,4069.0,50.3,1.8,1.4
Kepler-1264,5791.0,0.98,0.99,4.45
HD 100777,5533.0,1.04,1.08,4.32
Kepler-553,5191.0,0.902,0.889,4.48
HD 31527,5898.0,1.073694,0.96,4.45
K2-44,5912.0,1.58,1.15,4.101
Kepler-1955,5825.0,1.291,1.049,4.237
Kepler-537,5763.0,0.99,1.07,4.47
HD 217786,5966.0,1.27,1.14,4.35
Kepler-1968,5008.0,0.788,0.844,4.572
Kepler-322,5388.0,0.89,0.908,4.501
OGLE-TR-132,6210.0,1.32,1.305,4.313
Kepler-1684,4706.54,0.666755,0.75,4.6652
HATS-66,6626.0,1.841,1.411,4.057
Kepler-171,5642.0,0.839,0.978,4.566
Kepler-1021,5431.0,0.86,0.89,4.53
Kepler-1399,5735.0,0.96,0.97,4.47
K2-319,5440.0,0.898,0.954,4.512
Kepler-414,5536.0,0.946,0.89,4.47
HD 210193,5790.0,1.05971,1.04,4.43481
Kepler-1952,5973.0,1.305,0.922,4.171
HD 34445,5836.0,1.38,1.07,4.21
V0391 Peg,29300.0,0.23,0.5,5.4
Kepler-1633,6256.0,1.32,1.2,4.27
Kepler-242,5020.0,0.85,0.748,4.492
Qatar-5,5747.0,1.076,1.128,4.427
K2-132,4840.0,3.85,1.08,3.297
Kepler-399,5502.0,0.68,0.902,4.62
KELT-15,6003.0,1.78,2.06,4.17
Kepler-1130,5403.0,0.81,0.9,4.57
K2-290,6302.0,1.511,1.194,4.23
Kepler-1367,4106.0,0.6,0.62,4.68
DMPP-2,6500.0,1.78,1.41,4.1
Kepler-1716,4894.0,0.684,0.753,4.637
TOI-1716,5879.0,1.24,1.07,4.28
Kepler-1038,5159.0,0.821,0.868,4.548
HD 109271,5783.0,1.294595,1.047,4.28
HATS-41,6424.0,1.71,1.496,4.14
HD 45350,5566.0,1.26442,0.98,4.22551
Kepler-682,5559.0,0.89,0.92,4.51
HATS-77,4071.0,0.6428,0.655,4.638
WASP-142,6010.0,1.64,1.33,4.13
Kepler-597,5683.0,0.95,0.97,4.47
HD 29021,5560.0,0.85,0.86,4.44
GJ 682,3028.0,0.298255,0.27,4.92764
HD 168443,5491.0,1.711479,0.98,3.987745
WASP-53,4953.0,0.798,0.839,4.553
Kepler-1857,6074.0,1.005,0.873,4.375
Kepler-342,6175.0,1.472,1.213,4.187
Kepler-1251,5545.0,0.89,0.92,4.51
TOI-5624,5327.0,0.82,0.858,4.49
Kepler-242,5020.0,0.85,0.748,4.492
TOI-220,5298.0,0.858,0.825,4.37
Kepler-374,5977.0,0.911,1.033,4.479
Kepler-1870,5508.0,0.84,0.955,4.569
Kepler-258,4942.0,0.915,0.82,4.441
WASP-8,5600.0,1.03,1.34,4.5
Kepler-1339,5586.0,0.93,0.94,4.47
HD 106252,5874.0,1.05,1.05,4.36
HD 102956,4985.0,4.55,1.66,3.38
K2-128,4469.51,0.777569,0.711248,4.7
Kepler-244,5554.0,0.803,0.933,4.585
TOI-4087,6060.0,1.112,1.178,4.416
HAT-P-66,6002.0,1.881,1.255,3.993
DMPP-9,6092.0,1.26,1.1,4.2613
HIP 56998,4675.0,0.63,0.653,4.654
Kepler-1292,5556.0,0.93,0.95,4.49
Kepler-1906,5868.0,0.894,0.987,4.53
GJ 876,3293.74,0.3,0.32,4.87177
TOI-1052,6146.0,1.264,1.204,4.3
HAT-P-29,6087.0,1.3,1.45,4.34
YZ Cet,3151.0,0.157,0.142,5.17
Kepler-434,5977.0,1.38,1.198,4.242
HD 11755,4312.0,20.58,0.72,1.67
Kepler-1471,5660.0,0.93,0.95,4.48
HD 128717,6210.0,1.248,1.212,4.329
HAT-P-46,6120.0,1.396,1.284,4.25
TOI-1244,4599.0,0.721,0.73,4.595
HD 39855,5576.0,0.744665,0.87,4.66464
BD-11 4672,4550.0,0.639,0.651,4.642
Kepler-1442,6394.0,1.44,1.34,4.25
Kepler-292,5299.0,0.826,0.865,4.536
HD 47186,5657.0,1.08,0.96,4.36
Kepler-692,5440.0,0.86,0.9,4.53
Kepler-1193,5908.0,1.21,1.08,4.31
HD 75784,4867.0,3.4,1.26,3.46
Kepler-838,5770.0,0.96,0.98,4.46
81 Cet,4734.0,11.21,1.23,2.41
Kepler-1058,4644.0,0.69,0.73,4.63
TOI-4214,6370.0,1.434,1.382,4.266
Kepler-391,5038.0,2.879,1.27,3.62
Kepler-698,5612.0,0.91,0.94,4.5
TOI-3877,5731.0,1.445,1.16,4.181
Kepler-409,5421.0,0.897,0.913,4.5
Kepler-273,5626.0,0.815,0.756,4.514
Kepler-636,5203.0,0.8,0.85,4.56
Kepler-1914,5982.0,0.96,1.047,4.493
HD 200964,4982.0,4.92,1.39,3.22
HD 39091,5998.0,1.17,1.07,4.43
Kepler-150,5560.0,0.939,0.956,4.466
HATS-43,5099.0,0.812,0.837,4.539
TOI-1437,6008.0,1.17,1.1,4.26
Kepler-685,5963.0,1.16,1.11,4.36
K2-89,3691.0,0.318,0.347,4.965
WASP-49,5600.0,0.97,0.92,4.5
Kepler-1699,5575.53,0.725,0.81,4.618
Kepler-1152,3964.0,0.53,0.55,4.73
HD 30669,5400.0,0.91,0.92,4.37
HD 155918,5771.84,1.01906,1.03,4.43451
Kepler-1391,5840.0,1.1,1.03,4.36
Kepler-25,6354.0,1.316,1.165,4.285
Kepler-1813,5167.0,0.787,0.812,4.555
Kepler-156,5094.0,0.807,0.864,4.552
Kepler-477,5240.0,0.79,0.87,4.58
WASP-66,6600.0,1.76,1.33,4.3
Kepler-275,6165.0,1.383,1.189,4.229
HATS-64,6554.0,2.113,1.564,3.982
TOI-2876,5271.0,0.873,0.939,4.529
Kepler-80,4540.0,0.678,0.73,4.639
Kepler-397,5307.0,0.767,0.844,4.572
Kepler-967,5178.0,0.8,0.84,4.56
GJ 411,3719.0,0.3685,0.3899,4.895
HD 126614,5568.0,1.369794,0.96,4.174243
G 261-6,2907.0,0.153162,0.118,5.16515
KOI-351,6080.0,1.2,1.2,4.4
Kepler-610,5943.0,1.13,1.1,4.37
K2-278,6747.0,1.61,1.4,4.17
HIP 111909,4891.0,4.53,1.28,3.09
Kepler-33,5904.0,1.82,1.291,4.027
Kepler-1932,5278.0,0.815,0.911,4.576
HD 90156,5599.0,0.920286,0.84,4.48
TOI-2068,3710.0,0.535,0.559,4.729
Kepler-1382,6161.0,1.72,1.36,4.1
Kepler-123,6089.0,1.264,1.079,4.277
Kepler-1890,6046.0,1.396,1.024,4.158
Kepler-1030,4983.0,0.76,0.8,4.59
Kepler-112,5544.0,0.841,0.782,4.506
Kepler-1077,5816.0,1.02,1.02,4.43
Kepler-1451,5782.0,0.99,1.0,4.45
Kepler-190,5106.0,0.795,0.834,4.561
HD 153950,6124.0,1.28,1.25,4.32
Kepler-1431,5806.0,1.03,1.03,4.42
Kepler-1132,5298.0,0.83,0.87,4.55
Kepler-216,6091.0,1.26,1.126,4.28
CoRoT-13,5945.0,1.01,1.09,4.46
Kepler-413,4700.0,0.7761,0.82,4.5721
GJ 86,5182.0,0.77,0.93,4.63
GJ 849,3467.0,0.45,0.45,4.8
Kepler-1804,5109.0,1.671,0.929,3.96
Kepler-267,4258.0,0.555,0.541571,4.729
HD 190360,5560.0,1.14,0.996,4.1
Kepler-1704,5746.0,1.697,1.132,4.031
K2-95,3566.0,0.4,0.41,4.85
Kepler-204,5812.0,1.238,1.038,4.269
HD 23127,5843.0,1.49,1.208,4.146
Kepler-1188,5913.0,1.06,1.04,4.4
TOI-4562,6096.0,1.152,1.192,4.39
HD 21411,5605.0,0.825605,0.89,4.51
Kepler-239,4914.0,0.763,0.757,4.583
TOI-201,6423.0,1.31,1.32,4.318
Kepler-821,5191.0,0.8,0.84,4.56
XO-5,5430.0,1.13,1.04,4.35
Kepler-122,6050.0,1.216,0.982,4.299
NGTS-4,5143.0,0.84,0.75,4.5
Kepler-1825,5123.0,0.847,0.828,4.501
Kepler-579,5636.0,0.96,0.99,4.47
Kepler-55,4503.0,0.619,0.631,4.684
Kepler-1717,6200.0,1.64,1.158,4.072
HD 216770,5399.0,0.93,0.74,4.37
Kepler-1074,4002.0,0.57,0.6,4.7
TOI-6016,6110.0,1.51,1.31,4.19
Kepler-1278,6074.0,1.16,1.11,4.35
HD 106270,5509.0,2.66,1.39,3.72
Kepler-1558,5101.0,0.79,0.83,4.57
Kepler-204,5812.0,1.238,1.038,4.269
HAT-P-39,6430.0,1.625,1.404,4.16
Kepler-347,6088.0,1.005,0.922,4.472
Kepler-203,5821.0,1.114,1.06,4.358
Kepler-786,4838.0,0.74,0.81,4.61
Kepler-1905,5788.0,1.015,1.038,4.442
Kepler-1513,5491.0,0.95,0.943,4.46
Kepler-230,5588.0,0.817,0.784,4.551
HATS-16,5738.0,1.238,0.97,4.239
Kepler-1091,5851.0,1.03,1.01,4.42
Kepler-1713,6477.0,1.459,1.3,4.224
K2-3,3844.0,0.546,0.549,4.704
Kepler-295,5603.0,0.898,0.89,4.444
HATS-3,6351.0,1.404,1.209,4.22
Kepler-1121,6231.0,1.59,1.29,4.14
Kepler-466,5927.0,1.05,1.04,4.42
Kepler-197,6004.0,1.12,0.857,4.304
CoRoT-36,6730.0,1.52,1.32,4.16
Kepler-402,6090.0,1.264,1.072,4.278
TOI-1478,5597.0,1.048,0.947,4.374
GJ 832,3472.0,0.441557,0.45,4.78905
Barnard's star,3195.0,0.185,0.162,4.9
TOI-969,4435.0,0.671,0.734,4.55
GJ 3082,3910.0,0.465216,0.47,4.76801
TOI-1294,5718.0,1.5566,1.1578,4.119
HD 222155,5701.0,1.85,1.21,3.99
KOI-351,6080.0,1.2,1.2,4.4
WASP-151,5871.0,1.181,1.081,4.35
HD 117618,5990.0,1.2,1.077,4.41
Kepler-1629,5776.0,1.01,1.01,4.44
Kepler-414,5536.0,0.946,0.89,4.47
HIP 57274,4640.0,0.68,0.73,4.71
K2-289,5529.0,1.025,0.953,4.393
HD 102888,4990.0,8.6,2.42,2.87
K2-38,5731.0,1.06,1.03,4.38
GJ 1002,3024.0,0.137,0.12,5.1
HD 212301,6239.0,1.16,1.55,4.5
Kepler-1680,5021.0,0.723259,0.834,4.64065
HD 43197,5508.0,1.0,0.96,4.31
Kepler-379,6054.0,1.306,1.125,4.273
Kepler-1321,4094.0,0.53,0.54,4.73
Kepler-29,5378.0,0.732,0.761,4.6
Kepler-1486,5965.0,1.12,1.08,4.38
Kepler-1718,5731.0,0.906,0.846,4.451
HD 181433,4918.0,0.79,0.86,4.45
Kepler-1599,5767.0,0.99,0.99,4.45
HD 25912,5920.58,0.995896,1.08,4.47506
TOI-5108,5808.0,1.29,1.1,4.26
BD-08 2823,4816.0,0.71,0.5,4.43
TOI-4914,5805.0,1.0,1.03,4.3
TOI-4495,6210.0,1.309,1.247,4.29
K2-37,5352.0,0.809,0.84,4.53
Kepler-911,6112.0,1.99,1.34,3.97
HD 114783,5135.0,0.840622,0.853,4.525599
Kepler-1679,5501.0,0.873196,0.96,4.53812
Kepler-238,5751.0,1.43,1.229,4.194
Kepler-67,5331.0,0.778,0.865,4.594
Kepler-350,6492.3,1.25,1.0,4.24
Kepler-1327,5885.0,1.03,1.02,4.42
Kepler-677,5723.0,0.99,1.0,4.45
HD 187123,5790.0,1.15043,1.04,4.33338
Kepler-773,5850.0,1.01,1.04,4.45
BD-06 1339,4324.0,0.686355,0.7,4.74
Kepler-816,5286.0,0.85,0.9,4.54
HD 51608,5358.0,0.916136,0.8,4.36
HD 219134,4699.0,0.778,0.81,4.567
K2-239,3420.0,0.36,0.4,4.9
HD 142,6245.0,1.47,1.21,4.62
HD 125390,4882.0,6.47,1.82,3.04
Kepler-182,6250.0,1.146,1.114,4.401
Kepler-880,6900.0,2.599,1.714,3.843
Kepler-1303,5771.0,1.0,1.01,4.44
Kepler-110,5960.0,1.149,0.989,4.327
Kepler-273,5626.0,0.815,0.756,4.514
Kepler-1016,5821.0,1.0,0.99,4.44
GJ 273,3382.0,0.293,0.29,4.90868
HIP 54373,4021.0,0.564998,0.57,4.68103
Kepler-34,5913.0,1.1618,1.0479,4.3284
HD 108236,5660.0,0.877,0.869,4.49
Kepler-1232,5471.0,0.89,0.92,4.51
L 363-38,3129.0,0.274,0.21,4.97
TOI-375,5259.9,2.9,1.441,3.672
WASP-64,5400.0,1.058,1.004,4.392
Kepler-417,5177.0,0.806,0.9,4.57
WASP-190,6400.0,1.6,1.35,4.17
HIP 55507,4171.0,0.723643,0.65,4.53193
Kepler-940,5769.0,0.96,0.97,4.47
Kepler-398,4493.0,0.613,0.649,4.689
WASP-74,5990.0,1.42,0.98,4.39
HD 96063,5020.0,4.75,1.37,3.33
Kepler-524,6014.0,1.1,1.09,4.39
Kepler-1916,6246.0,1.092,1.18,4.433
TOI-1648,4850.0,0.81,0.83,4.5
Kepler-399,5502.0,0.68,0.902,4.62
Kepler-534,5936.0,0.965,1.075,4.501
TOI-5817,5770.0,1.427,0.97,4.12
Kepler-1063,5945.0,1.14,1.09,4.37
Kepler-391,5038.0,2.879,1.27,3.62
Kepler-136,6165.0,1.355,1.204,4.244
EPIC 249893012,5430.0,1.71,1.05,3.99
Kepler-283,4351.0,0.566,0.596,4.721
Kepler-1705,6312.0,1.259,1.139,4.298
HD 3651,5221.0,0.871954,0.799,4.45
HAT-P-52,5131.0,0.893,0.887,4.483
HD 154391,4909.0,8.56,2.07,2.89
K2-38,5731.0,1.06,1.03,4.38
Kepler-1982,6202.0,1.122,1.213,4.422
Kepler-292,5299.0,0.826,0.865,4.536
Kepler-184,5788.0,0.873,0.872,4.51
XO-6,6720.0,1.93,1.47,4.04
Kepler-1859,5887.0,1.235,1.09,4.292
TOI-3912,5725.0,1.392,1.088,4.188
Kepler-650,5849.0,1.35,1.08,4.21
K2-261,5490.0,1.663,1.107,4.04
Kepler-128,6072.0,1.659,1.184,4.07
Lupus-TR-3,5000.0,0.82,0.87,4.5
Kepler-1281,5353.0,0.83,0.87,4.55
HATS-34,5380.0,0.98,0.955,4.435
Kepler-1693,5432.34,0.878295,0.95,4.52851
Kepler-1087,5589.0,0.94,0.96,4.48
Kepler-104,5711.0,1.349,0.818,4.105
HD 164922,5393.43,1.001813,0.921146,4.398073
HAT-P-51,5453.0,0.995,0.961,4.4256
Kepler-491,5582.0,1.03,1.04,4.42
Kepler-1849,4806.0,0.729,0.709,4.564
Kepler-316,4204.0,0.52,0.587,4.743
DMPP-1,6196.0,1.26,1.21,4.41
HD 164922,5390.0,0.946,0.926,4.46
Kepler-533,4758.0,0.72,0.78,4.61
TOI-3894,6000.0,1.502,1.138,4.143
Kepler-392,5938.0,1.129,0.874,4.323
K2-123,4035.0,0.59,0.62,4.69
Kepler-1543,6561.0,1.65,1.39,4.14
CoRoT-10,5075.0,0.79,0.89,4.65
HD 45184,5869.0,1.075139,1.03,4.47
Kepler-1470,4961.0,0.76,0.8,4.59
GJ 1061,2953.0,0.156,0.12,5.15856
TOI-1249,5497.0,0.9785,1.0062,4.457
Kepler-715,5871.0,1.04,1.04,4.42
TOI-969,4435.0,0.671,0.734,4.55
K2-224,5620.0,0.84,0.91,4.55
Kepler-700,5692.0,0.96,0.98,4.47
Kepler-472,4996.0,0.78,0.85,4.59
Kepler-1444,5810.0,1.05,1.03,4.4
TYC 2187-512-1,3734.0,0.495,0.498,4.68
HD 142,6245.0,1.47,1.21,4.62
Kepler-1129,5831.0,1.0,1.0,4.44
Kepler-824,6035.0,1.22,1.15,4.32
HIP 99770,8000.0,1.93986,1.9,4.14128
HD 5319,4871.0,4.06,1.27,3.26
Kepler-1236,5337.0,0.82,0.86,4.55
Kepler-1275,6296.0,1.36,1.23,4.26
Kepler-720,5618.0,0.92,0.95,4.49
Kepler-1690,5404.0,0.862346,0.94,4.53983
Kepler-150,5560.0,0.939,0.956,4.466
Kepler-1428,6184.0,1.36,1.28,4.28
Kepler-1133,5569.0,0.9,0.93,4.5
GJ 328,3897.0,0.63,0.65,4.64
HD 16175,5981.0,1.72,1.63,4.18
HR 5183,5794.0,1.53,1.07,4.02
Kepler-1307,5884.0,1.08,1.06,4.39
Kepler-1195,4965.0,0.71,0.74,4.61
Kepler-325,5752.0,1.003,0.914,4.411
K2-244,5677.0,0.92,0.86,4.44
EPIC 212737443,4684.0,0.673,0.69,4.622
Kepler-1816,5051.0,0.706,0.786,4.628
WASP-36,5959.0,0.985,1.081,4.486
Kepler-1176,5844.0,1.02,1.01,4.42
Kepler-1783,5129.0,1.781,0.887,3.884
TOI-1634,3472.0,0.45,0.451,4.787
Kepler-106,5858.0,1.04,1.0,4.407
Kepler-189,5235.0,0.75,0.803,4.619
Kepler-1143,5053.0,0.77,0.81,4.58
TOI-261,5890.3,1.31383,1.069,3.92
HATS-30,5943.0,1.061,1.093,4.425
K2-136,4500.0,0.677,0.742,4.68
HD 177830,4949.0,2.62,1.47,3.65
TOI-1693,3499.0,0.46,0.49,4.8
TOI-2587 A,5760.0,1.726,1.15,4.024
Kepler-837,5403.0,0.81,0.85,4.56
Kepler-1031,6011.0,1.12,1.09,4.38
Kepler-1154,6327.0,1.43,1.26,4.23
Kepler-919,6113.0,1.21,1.15,4.33
Kepler-60,5905.0,1.257,1.041,4.26
HD 115954,5957.0,1.213,1.18,4.15
Kepler-1490,5515.0,0.87,0.9,4.52
HD 42012,5405.0,0.82,0.83,4.45
Kepler-556,5740.0,0.98,1.0,4.46
Kepler-109,5950.0,1.387,1.094,4.21
Kepler-48,5194.0,0.89,0.88,4.487
HD 49674,5602.0,1.02,1.03,4.44
Kepler-101,5667.0,1.56,1.17,4.12
K2-59,5055.0,0.731,0.774,4.592
KELT-24,6426.0,1.338,1.268,4.287
Kepler-1200,4612.0,0.7,0.74,4.63
Kepler-26,4486.0,0.571,0.593,4.733
2MASS J19383260+4603591,29564.0,0.203,0.48,5.508
Kepler-363,5593.0,1.485,1.226,4.152
LHS 1678,3490.0,0.329,0.345,4.89044
HATS-12,6357.0,1.17,1.16,4.36
Kepler-858,5653.0,0.91,0.96,4.5
Kepler-450,6197.21,1.64162,1.19,4.08307
K2-316,3436.0,0.379,0.408,4.891
Kepler-1892,5383.0,0.759,0.851,4.603
Kepler-432,4995.0,4.06,1.32,3.345
Kepler-1108,5406.0,0.84,0.88,4.54
Kepler-203,5821.0,1.114,1.06,4.358
Kepler-1656,5569.0,1.1,1.03,4.40025
HD 143105,6380.0,1.647304,1.51,4.37
Kepler-1992,5383.0,0.842,0.874,4.528
HD 159868,5534.0,2.13,1.19,3.92
Kepler-140,6077.0,1.288,1.044,4.272
HATS-69,5137.0,0.8785,0.892,4.501
Kepler-139,5594.0,1.3,1.078,4.247
bet UMi,4126.0,38.3,1.4,1.5
Kepler-134,5983.0,1.176,0.956,4.31
Kepler-1665,5049.84,0.777785,0.842,4.58166
HD 108236,5660.0,0.877,0.869,4.49
HD 73344,6252.6,1.22,1.2,4.372
Kepler-1617,6167.0,1.22,1.15,4.32
Kepler-2001,5081.0,0.77,0.864,4.596
Kepler-1443,6289.0,1.27,1.19,4.3
XO-1,5750.0,0.88,0.88,4.51
HD 206893,6500.0,1.31116,1.31,4.45
HD 233832,4981.0,0.68,0.71,4.49
TOI-2364,5306.0,0.886,0.954,4.524
Kepler-30,5498.0,0.95,0.99,4.77
Kepler-1125,5683.0,0.94,0.95,4.47
TOI-4527,3702.0,0.485948,0.483901,4.75
Kepler-1321,4094.0,0.53,0.54,4.73
HD 73344,6148.0,1.22,1.19,4.36
TOI-6692,5890.0,1.385,1.047,4.176
Kepler-792,5971.0,1.12,1.09,4.38
K2-80,5441.0,0.87,0.9,4.519
HD 28109,6189.0,1.425,1.227,4.25
Kepler-891,5887.0,1.07,1.06,4.41
TOI-5624,5327.0,0.82,0.858,4.49
Kepler-765,5901.0,1.06,1.05,4.41
Kepler-1516,5904.0,1.07,1.04,4.4
Kepler-1159,6217.0,1.28,1.19,4.3
HATS-18,5600.0,1.02,1.037,4.436
Kepler-113,4725.0,0.69,0.75,4.636
CoRoT-25,6040.0,1.19,1.09,4.31
HD 216536,4639.0,9.83,0.81,2.36
TOI-2407,3530.0,0.567,0.548,4.71597
Kepler-1060,5797.0,0.99,0.99,4.44
Kepler-154,5769.0,0.98,0.98,4.45
Kepler-1844,5776.0,0.849,0.939,4.554
Kepler-1036,5533.0,0.89,0.95,4.52
Kepler-561,5646.0,0.94,0.96,4.48
Kepler-37,5357.0,0.789,0.79,4.5667
Kepler-585,5593.0,0.93,0.96,4.49
K2-203,5026.0,0.765,0.793,4.57
Kepler-233,5360.0,0.758,0.855,4.614
Kepler-1863,5871.0,0.983,1.097,4.493
Kepler-356,6133.0,1.335,1.163,4.256
Kepler-1865,5420.0,0.871,0.849,4.487
TOI-5126,6150.0,1.241,1.24,4.224
Kepler-505,3931.0,0.53,0.55,4.73
WASP-147,5702.0,1.429,1.044,4.21
HD 23079,5994.0,1.08,1.16,4.37
Kepler-166,5350.0,0.83,0.88,4.55
Kepler-1480,5156.0,0.81,0.85,4.56
Kepler-1987,4769.0,0.714,0.799,4.622
HD 125612,5900.0,1.07,1.05,4.45
Kepler-245,5100.0,0.795,0.856,4.56
TOI-2141,5635.0,0.95,0.896,4.4
WASP-4,5436.0,0.912,0.899,4.472
Kepler-1556,5608.0,0.95,0.97,4.47
Kepler-209,5513.0,0.935,0.971,4.472
Kepler-131,5685.0,1.03,1.02,4.417
Kepler-24,5897.0,1.289,1.046,4.2
HD 28254,5664.0,1.48,1.1,4.12
HATS-40,6460.0,2.26,1.561,3.921
K2-266,4285.0,0.703,0.686,4.581
HD 33283,5935.0,1.97,1.38,4.12
Kepler-237,4861.0,0.725,0.696,4.583
K2-126,4339.0,0.65,0.69,4.66
HD 224018,5784.0,1.147,1.013,4.32
HD 125612,5900.0,1.07,1.05,4.45
K2-183,5482.0,0.87,0.942219,4.6
HD 109988,5185.97,0.869694,0.88,4.50382
Kepler-100,5884.0,1.5,1.097,4.12
Kepler-219,5786.0,1.491,1.164,4.157
Kepler-1790,5866.0,1.367,1.02,4.175
Kepler-1641,6152.0,1.19,1.12,4.34
HD 75898,6122.0,1.55,1.295,4.34
WASP-155,5660.0,1.24,1.09,4.3
HATS-35,6300.0,1.433,1.317,4.244
Kepler-918,6028.0,1.14,1.11,4.37
Kepler-141,4910.0,0.787,0.878,4.566
Kepler-582,5564.0,0.91,0.93,4.49
TOI-912,3572.0,0.419,0.418,4.98
Kepler-335,5877.0,1.854,1.367,4.017
XO-2 S,5325.0,1.02,0.98,4.42
Kepler-31,6340.0,1.22,1.21,4.696
TOI-4427,5347.0,0.89,0.9,4.45
TOI-2583 A,5936.0,1.477,1.215,4.184
Kepler-966,5840.0,1.02,1.02,4.43
HD 50499,6099.0,1.42,1.31,4.42
WASP-140,5300.0,0.87,0.9,4.51
Kepler-630,5829.0,1.04,1.02,4.42
Kepler-874,6020.0,1.13,1.09,4.37
Kepler-235,4255.0,0.554,0.581,4.73
WASP-126,5800.0,1.27,1.12,4.28
Kepler-85,5505.2,0.875,0.928,4.51
Kepler-1345,6449.0,1.55,1.32,4.18
Kepler-866,4751.0,0.71,0.75,4.62
Kepler-223,5803.0,1.72,1.125,4.46
HD 4732,4898.0,5.03,1.39,3.17
Kepler-922,5671.0,0.93,0.95,4.48
Gaia-2,5720.0,1.064,1.0,4.37355
HATS-67,6594.0,1.441,1.435,4.278
Kepler-549,5360.0,0.84,0.88,4.54
GJ 1148,3287.0,0.358519,0.344045,4.86566
Kepler-1780,5403.0,0.868,0.868,4.5
HD 28471,5766.0,1.08,0.98,4.38
NY Vir,32780.0,0.151,0.459,5.74193
TOI-2447,5730.0,1.006,1.034,4.3
K2-58,5413.0,0.86,0.89,4.522
TOI-4137,6202.0,1.438,1.313,4.24
GJ 625,3499.0,0.31,0.3,4.94
Kepler-267,4258.0,0.555,0.541571,4.729
Kepler-775,5468.0,0.84,0.92,4.56
WASP-177,5017.0,0.885,0.876,4.486
NGC 2682 Sand 1429,6000.0,2.13,1.26,4.01
TOI-6034,3635.0,0.489,0.514,4.77
Kepler-791,6383.0,1.47,1.3,4.21
TOI-1260,4227.0,0.672,0.679,4.57
TOI-1062,5328.0,0.84,0.94,4.55
WASP-79,6600.0,1.51,1.39,4.2
Kepler-1630,4736.0,0.63,0.66,4.66
Kepler-1365,5770.0,1.05,1.0,4.39
Kepler-133,5736.0,1.425,1.02,4.186
Kepler-346,6033.0,1.021,0.943,4.464
Kepler-160,5471.0,1.118,1.003,4.47
Kepler-341,6012.0,1.024,0.976,4.437
K2-125,3654.47,0.402049,0.494727,4.83016
HD 27442,4846.0,3.18,1.23,3.783
Kepler-1489,5655.0,0.9,0.93,4.51
Kepler-1623,5772.0,1.0,1.0,4.44
HD 156411,5900.0,2.16,1.25,4.07
Kepler-496,5293.0,0.82,0.86,4.55
TOI-4463 A,5640.0,1.062,1.056,4.41
Kepler-1246,4611.0,0.69,0.73,4.63
Kepler-1126,5798.0,0.93,0.92,4.46
Kepler-926,5806.0,1.01,1.01,4.43
GJ 676 A,3734.0,0.69,0.626,4.62
Kepler-287,5806.0,1.032,0.963,4.402
HAT-P-21,5588.0,1.21,1.24,4.33
TOI-2145,6206.0,2.75,1.71,3.79
Kepler-48,5194.0,0.89,0.88,4.487
TOI-2096,3300.0,0.235,0.231,5.05
HD 213472,5729.54,1.433902,1.048132,4.144921
Kepler-1356,5106.0,0.78,0.82,4.58
HD 13908,6255.0,1.67,1.29,4.11
Kepler-605,5462.0,0.88,0.91,4.52
Kepler-292,5299.0,0.826,0.865,4.536
Kepler-889,5961.0,1.25,1.14,4.3
Kepler-1254,4985.0,0.75,0.78,4.59
Kepler-244,5554.0,0.803,0.933,4.585
Kepler-1332,5581.0,0.9,0.95,4.51
HIP 35965,4836.0,0.697551,0.78,4.64301
HD 80913,6013.24,1.6542,1.11,4.04621
HD 134060,5966.0,1.164285,1.095,4.43
Kepler-1950,5455.0,0.852,0.759,4.457
Kepler-1984,3638.0,0.42,0.45,4.844
TOI-7510,5720.0,1.035,1.063,4.439
K2-60,5500.0,1.12,0.97,4.07
Kepler-1397,6026.0,1.12,1.09,4.37
Kepler-358,5908.0,0.954,0.94,4.504
Kepler-354,4648.0,0.674,0.652,4.627
TOI-3135,5890.0,0.985,1.044,4.469
Kepler-1179,5212.0,0.81,0.84,4.56
Kepler-381,6152.0,1.568,1.144,4.12
Kepler-1342,5527.0,0.9,0.93,4.51
Kepler-1544,4886.0,0.74,0.81,4.61
WASP-174,6399.0,1.347,1.24,4.273
Kepler-475,5009.0,0.79,0.86,4.58
Kepler-1978,5251.0,0.778,0.869,4.592
GJ 3222,5257.46,0.931389,0.89,4.43
Kepler-1836,6123.0,0.987,1.053,4.472
Barnard's star,3195.0,0.185,0.162,4.9
Kepler-141,4910.0,0.787,0.878,4.566
Kepler-948,5679.0,0.94,0.96,4.47
HD 181433,4918.0,0.79,0.86,4.45
HD 213885,5978.0,1.1011,1.068,4.3827
HIP 39330,5748.0,1.02786,0.96,4.43951
Kepler-887,6194.0,1.29,1.19,4.29
Kepler-306,4954.0,0.719,0.75,4.611
Kepler-177,5732.0,1.324,0.921,4.1
Kepler-52,4075.0,0.52,0.54,4.74
Kepler-572,5212.0,0.79,0.83,4.57
Kepler-1450,4524.0,0.68,0.71,4.63
HD 10180,5911.0,1.109,1.06,4.39
Kepler-882,5476.0,0.87,0.9,4.52
Kepler-559,5630.0,0.95,0.96,4.47
TOI-1232,5823.0,1.072,1.058,4.403
TOI-4773,6740.0,1.55,1.452,4.22
Kepler-1312,5719.0,0.92,0.99,4.51
WASP-22,6000.0,1.24,1.46,4.5
Kepler-272,5297.0,0.929,0.91,4.426
Kepler-35,5606.0,1.0284,0.8877,4.3623
Kepler-1511,6064.0,1.29,1.17,4.28
HD 102117,5655.0,1.23,1.06,4.29
WASP-34,5700.0,0.91,0.96,4.5
Kepler-1426,5831.0,1.02,1.02,4.43
Kepler-1988,6033.0,1.788,1.127,3.985
HD 48948,4593.0,0.679,0.686,4.61
Kepler-968,4598.0,0.7,0.76,4.63
Kepler-678,5520.0,0.91,0.94,4.5
Kepler-144,6075.0,1.235,1.154,4.289
Kepler-427,5800.0,1.35,0.96,4.14
TOI-1298,5752.0,1.4536,1.2187,4.194
eps Tau,4877.0,12.35,2.57,2.66
Kepler-1874,4701.0,0.775,0.758,4.54
HD 93385,5977.0,1.18484,1.04,4.42
K2-88,3537.0,0.256,0.258,5.022
Teegarden's Star,3034.0,0.12,0.097,5.19
Kepler-164,5888.0,1.148,1.036,4.331
Kepler-431,6004.0,1.092,1.071,4.4
Kepler-140,6077.0,1.288,1.044,4.272
Kepler-247,5100.0,0.768,0.887,4.608
Kepler-32,3900.0,0.53,0.58,4.64
TIC 279401253,5951.0,1.06,1.13,4.438
Kepler-1818,6047.0,1.129,1.021,4.343
K2-193,5817.0,0.98,1.01,4.46
HD 15906,4757.0,0.762,0.79,4.49
HD 17156,6046.0,1.517,1.285,4.184
TOI-871,4929.0,0.719,0.758,4.604
WASP-124,6050.0,1.02,1.07,4.44
GJ 251,3342.0,0.36,0.35,4.87
Kepler-1649,3240.0,0.2317,0.1977,5.004
Kepler-1518,6432.0,1.345,1.06,4.207
TOI-4311,5063.0,0.8441,0.816,4.442
Kepler-767,5694.0,0.94,0.96,4.48
TOI-2986,5906.0,1.458,1.122,4.165
K2-83,3910.0,0.424,0.484,4.863
HAT-P-63,5400.0,0.9661,0.925,4.435
Kepler-1182,5924.0,1.05,1.04,4.41
Kepler-1990,5751.0,1.071,1.028,4.391
Kepler-1688,4632.11,0.746,0.814,4.6
Kepler-1191,5308.0,0.81,0.85,4.56
Kepler-328,6064.0,1.06,1.15,4.44
TOI-4638,5700.0,0.895,1.02,4.54131
Kepler-511,5866.0,1.417,0.958,4.117
Kepler-1337,4523.0,0.67,0.7,4.64
Kepler-1997,6215.0,1.052,1.111,4.44
TOI-1062,5328.0,0.84,0.94,4.55
Kepler-296,3740.0,0.48,0.498,4.774
TOI-5678,5485.0,0.938,0.905,4.34
Kepler-1593,4995.0,0.77,0.81,4.59
HD 217107,5622.0,1.2245,1.045,4.34
Kepler-625,5789.0,0.96,1.04,4.49
Kepler-1302,5236.0,0.82,0.86,4.55
HD 98219,4925.0,4.6,1.41,3.36
K2-129,3459.09,0.36001,0.360031,4.86815
Kepler-977,5315.0,0.83,0.87,4.55
GJ 393,3579.0,0.426,0.426,4.88
Kepler-1178,4990.0,0.75,0.8,4.59
EPIC 201170410,3648.0,0.282,0.287,4.999
K2-155,4258.0,0.58,0.65,4.6
HD 158038,4860.0,4.5,1.3,3.24
K2-255,4676.0,0.69,0.71,4.62
Kepler-1678,5754.0,0.834976,1.03,4.60756
TIC 434398831,5638.0,0.909,0.992,4.42
Kepler-432,4995.0,4.06,1.32,3.345
HD 224018,5784.0,1.147,1.013,4.32
HD 102843,5436.0,0.961488,0.95,4.45935
Kepler-1334,5614.0,0.91,0.94,4.5
Gl 378,3879.0,0.56,0.56,4.68513
Kepler-480,6322.0,1.34,1.25,4.28
HD 28185,5602.0,1.048,0.974,4.386
tau Boo,6466.27,1.42588,1.32,4.25047
Kepler-1644,5499.0,0.86,0.89,4.53
Kepler-1209,6210.0,1.38,1.23,4.24
Kepler-1953,4858.0,0.707,0.786,4.622
Kepler-384,5577.0,0.882,0.882,4.475
Kepler-1249,6202.0,1.28,1.19,4.29
TOI-2641,6100.0,1.336,1.16,4.2
Kepler-303,3944.0,0.485,0.575,4.768
HATS-65,6277.0,1.31,1.257,4.303
Kepler-255,5573.0,0.933,0.867,4.516
Kepler-357,5036.0,0.834,0.794,4.503
Kepler-1674,5473.91,0.877273,0.96,4.53407
Kepler-1238,6386.0,1.48,1.3,4.21
HD 192263,4976.0,0.74,0.66,4.51
K2-35,4402.71,0.619575,0.701968,4.697
HD 190360,5560.0,1.14,0.996,4.1
Kepler-1940,5431.0,0.717,0.802,4.623
HD 51608,5358.0,0.916136,0.8,4.36
Kepler-1786,5808.0,1.397,1.058,4.172
TOI-2267 B,3022.0,0.13,0.0989,4.99625
K2-121,4526.0,0.675,0.71,4.63
K2-252,5152.0,0.82,0.79,4.5
Kepler-850,5932.0,1.09,1.06,4.39
K2-119,4740.0,0.71,0.76,4.62
Kepler-265,5835.0,1.103,0.97,4.326
GJ 876,3293.74,0.3,0.32,4.87177
Kepler-1962,5700.0,1.006,1.003,4.434
MASCARA-1,7490.0,2.082,1.9,4.105
Kepler-266,5885.0,1.028,0.947,4.453
Kepler-856,5535.0,0.93,0.96,4.49
TOI-1266,3563.0,0.4232,0.437,4.826
Kepler-691,3715.0,0.5,0.53,4.76
HD 113996,4181.0,25.11,1.49,1.86
HD 147379,4090.0,0.628304,0.58,4.609
HAT-P-2,6380.0,1.39,1.33,4.16
TOI-4127,6096.0,1.293,1.23,4.26
HD 136352,5664.0,1.058,0.87,4.39
HD 142415,5940.0,1.04,1.07,4.44
Kepler-1279,6221.0,1.33,1.21,4.26
Kepler-1083,5049.0,0.77,0.81,4.58
Kepler-79,6389.0,1.316,1.244,4.274
Kepler-724,5437.0,0.86,0.9,4.53
Kepler-190,5106.0,0.795,0.834,4.561
WASP-10,4675.0,0.698,0.75,4.627
Kepler-1661,5100.0,0.762,0.841,4.66
HD 213885,5978.0,1.1011,1.068,4.3827
TOI-1438,5230.0,0.82,0.876,4.5
HD 192699,5041.0,4.41,1.38,3.25
Kepler-112,5544.0,0.841,0.782,4.506
NGTS-17,5650.0,1.337,1.025,4.0
K2-15,5131.0,0.68,0.72,4.571
Kepler-377,5949.0,1.224,1.043,4.303
Kepler-54,4252.0,0.554,0.518,4.73
HD 111998,6557.0,1.45,1.4,4.19
HD 103891,6072.0,2.22,1.28,3.79
TOI-1694,5005.0,0.812,0.828,4.536
NGTS-5,4987.0,0.739,0.661,4.52
HD 115404 A,5019.17,0.727007,0.83,4.63407
K2-87,5747.0,1.401,1.164,4.208
Qatar-1,5013.0,0.803,0.838,4.552
WASP-8,5690.0,0.96,1.04,4.5
K2-136,4500.0,0.677,0.742,4.68
Kepler-983,6052.0,1.08,1.13,4.42
Kepler-887,6194.0,1.29,1.19,4.29
Kepler-1948,3872.0,0.557,0.585,4.714
Kepler-39,6350.0,1.4,1.29,4.4
HD 101930,5108.0,0.86,0.57,4.33
K2-50,4326.0,0.546,0.611,4.742
Kepler-196,5128.0,0.782,0.839,4.566
Kepler-444,5046.0,0.752,0.758,4.5625
Kepler-321,5740.0,1.194,1.024,4.302
Kepler-1828,5806.0,0.899,0.996,4.528
Kepler-76,6409.0,1.32,1.2,4.2
TIC 434398831,5638.0,0.909,0.992,4.42
Kepler-535,6123.0,1.27,1.18,4.3
HD 105618,5671.0,1.27399,1.01,4.23206
Kepler-1037,5105.0,0.78,0.82,4.57
Kepler-107,5854.0,1.447,1.238,4.21
Kepler-378,4661.0,0.671,0.78,4.647
Kepler-347,5592.0,1.451,1.0,4.115
Kepler-1645,5812.0,1.02,1.02,4.43
K2-157,5334.0,0.86,0.89,4.45
HD 88072,5785.33,1.032,1.04,4.42774
Kepler-965,5886.0,1.15,1.05,4.33
Kepler-404,5654.0,0.884,0.86,4.543
BD+20 2457,4137.0,49.0,2.8,1.51
HD 164922,5390.0,0.946,0.926,4.46
TOI-6303,3977.0,0.609,0.644,4.67
Kepler-1530,5477.0,0.88,0.92,4.52
HD 330075,5000.0,0.84,0.47,4.26
HD 35759,6060.0,1.759974,1.15,4.24
Kepler-360,6053.0,1.058,0.994,4.423
K2-412,5590.0,0.977,0.893,4.412
Kepler-1996,4580.0,0.675,0.748,4.641
Kepler-1441,5802.0,1.0,1.0,4.45
Kepler-498,5744.0,0.96,0.98,4.47
K2-166,5960.0,1.61,1.073,4.09
CoRoT-28,5150.0,1.78,1.01,3.6
OGLE-TR-211,6325.0,1.64,1.33,4.22
K2-247,4667.0,0.69,0.74,4.63
Kepler-1324,4776.0,0.73,0.78,4.61
TOI-3919,6100.0,1.319,1.208,4.279
HIP 67851,4840.0,5.45,1.28,3.11
Kepler-354,4648.0,0.674,0.652,4.627
TOI-5789,5185.0,0.833,0.821,4.511
HD 104985,4738.0,11.12,1.22,2.42
CoRoT-22,5939.0,1.136,1.099,4.361
K2-325,3287.0,0.298,0.274,4.84
Kepler-320,6435.0,1.108,1.072,4.419
Kepler-879,5792.0,1.02,1.02,4.42
Kepler-1933,5661.0,1.008,0.964,4.415
TOI-2537,4870.0,0.771,0.771,4.551
Kepler-1641,6152.0,1.19,1.12,4.34
GJ 687,3413.0,0.4183,0.4,4.85936
Kepler-23,5828.0,1.548,1.078,4.09
Kepler-1173,5252.0,0.82,0.86,4.55
Kepler-367,4710.0,0.695,0.768,4.631
Kepler-1166,5446.0,0.86,0.9,4.53
LHS 1815,3643.0,0.501,0.502,4.77
HD 219077,5362.0,1.91,0.92,4.0
Kepler-603,5808.0,1.01,1.01,4.43
KIC 9663113,6117.21,2.21562,1.15,3.80778
Kepler-1922,5931.0,0.863,0.953,4.545
Kepler-969,5214.0,0.82,0.92,4.57
HD 96127,3943.0,35.0,0.91,2.06
TOI-6223,3895.0,0.576,0.582,4.682
Kepler-178,5676.0,1.066,0.852,4.334
HD 88133,5392.0,2.2,1.26,3.88
TOI-7384,3185.0,0.319,0.318,4.93
K2-281,4812.0,0.76,0.82,4.59
HD 80869,5837.0,1.062,1.06,4.18
TOI-2141,5635.0,0.95,0.896,4.4
Kepler-862,5333.0,0.84,0.88,4.54
TOI-5350,6220.0,1.263,1.167,4.304
Kepler-138,3841.0,0.535,0.535,4.71
Kepler-1001,5491.0,0.88,0.9,4.52
Kepler-1059,4906.0,0.72,0.75,4.61
HD 86728,5610.0,1.237,0.967,4.25
Kepler-518,5842.0,0.88,0.96,4.53
Kepler-28,4499.3,0.664,0.684,4.62
HD 63433,5553.0,0.934,0.956,4.56
TOI-128,6086.0,1.13,0.851969,4.26269
Kepler-49,4252.0,0.559,0.549,4.727
HD 114729,5844.0,1.473,0.936,4.046
Kepler-107,5854.0,1.447,1.238,4.21
KOI-142,5466.0,0.897,0.99,4.528
WASP-67,5200.0,0.88,0.91,4.35
Kepler-1755,6086.0,0.921,1.003,4.511
Teegarden's Star,3034.0,0.12,0.097,5.19
TOI-2000,5611.0,1.134,1.082,4.363
HD 144899,6126.0,1.64802,1.16,4.0686
Kepler-9,5774.0,0.958,1.022,4.49
HD 219828,5891.0,1.56,1.04,4.17
OGLE-TR-113,4790.0,0.774,0.779,4.552
HD 156279,5453.0,0.95,0.94,4.46
Kepler-1041,5957.0,1.08,1.06,4.4
Kepler-877,5261.0,0.81,0.85,4.56
HD 135694,5712.0,1.08,1.02,4.335
K2-70,5622.0,0.93,0.94,4.478
TIC 237913194,5788.0,1.088,1.026,4.376
Kepler-1578,5545.0,0.86,0.9,4.53
Kepler-212,5852.0,1.455,1.166,4.182
Kepler-1577,4862.0,0.74,0.78,4.6
Kepler-257,5180.0,1.037,0.916,4.36
WASP-61,6250.0,1.55,1.82,4.26
Kepler-165,5211.0,0.77,0.746,4.542
Kepler-55,4503.0,0.619,0.631,4.684
HD 27894,4875.0,0.891767,0.81,4.22
Kepler-1700,6031.0,1.0937,1.12,4.40949
TOI-2093,4426.0,0.729,0.745,4.87
HD 45364,5466.0,0.89,0.82,4.38
Kepler-1608,4992.0,0.72,0.75,4.61
HATS-11,6563.0,1.54,1.33,4.19
TOI-1789,5991.0,2.168,1.507,3.943
EPIC 201757695,4520.0,0.655,0.727,4.659
Kepler-152,5088.0,0.724,0.779,4.605
Kepler-253,5208.0,0.786,0.86,4.595
Kepler-759,5860.0,1.04,1.04,4.42
HIP 8152,5618.0,0.9603,0.9373,4.443
DE CVn,3579.0,0.424754,0.51,4.80413
HATS-29,5670.0,1.073,1.032,4.389
Kepler-365,6012.0,1.048,1.02,4.434
Kepler-899,5595.0,0.91,0.93,4.49
K2-272,5397.0,0.83,0.86,4.53
TOI-3474,6020.0,1.256,1.121,4.292
Kepler-1328,5780.0,0.99,1.0,4.44
K2-61,5748.0,0.995,0.97,4.38
Kepler-1329,4500.0,0.69,0.72,4.62
Kepler-825,5976.0,1.08,1.03,4.39
Kepler-281,5723.0,0.899,0.95,4.531
Kepler-382,5600.0,0.945,1.002,4.401
Kepler-1106,6104.0,1.17,1.11,4.35
WASP-129,5900.0,0.9,1.0,4.53
Kepler-171,5642.0,0.839,0.978,4.566
HD 86264,6210.0,1.88,1.26,4.02
WASP-33,7430.0,1.444,1.495,4.25
eps Eri,5020.38,0.759106,0.82,4.5901
HD 66141,4323.0,21.4,1.1,1.78
Kepler-835,5954.0,1.11,1.08,4.38
Kepler-1666,6293.0,1.14586,1.23,4.40971
Kepler-1341,4662.0,0.72,0.79,4.62
HAT-P-23,5905.0,1.203,1.13,4.33
Kepler-396,5656.0,1.06,0.85,4.32
gam Cep,4775.0,4.74,1.27,3.189
Kepler-1143,5053.0,0.77,0.81,4.58
Kepler-1801,5738.0,0.981,0.936,4.426
Kepler-136,6165.0,1.355,1.204,4.244
WASP-120,6450.0,1.68443,1.393,4.035
WASP-72,6250.0,2.18,2.78,4.09
Kepler-244,5554.0,0.803,0.933,4.585
TOI-1680,3225.0,0.2106,0.1798,5.046
HD 118203,5742.0,2.04,1.27,3.92
Kepler-146,5948.0,1.208,1.079,4.312
NY Vir,32780.0,0.151,0.459,5.74193
Kepler-166,5413.0,0.742,0.811,4.619
HATS-4,5403.0,0.925,1.001,4.51
Kepler-507,6113.0,1.32,1.16,4.26
Kepler-121,5311.0,0.701,0.859,4.646
HD 63433,5688.0,0.912,0.99,4.52
Kepler-172,5526.0,1.085,1.081,4.375
Kepler-1204,5825.0,1.03,1.03,4.42
Kepler-705,3722.0,0.51,0.53,4.75
TOI-238,5059.0,0.733,0.79,4.577
Kepler-716,5012.0,0.742183,0.83,4.61612
HD 166724,5127.0,0.797485,0.81,4.43
HD 131496,4846.0,4.44,1.34,3.18
HD 163607,5522.0,1.76,1.12,3.97
Kepler-1858,4939.0,0.819,0.785,4.506
Kepler-160,5471.0,1.118,1.003,4.47
KOI-13,7650.0,1.74,1.72,4.2
Kepler-728,5660.0,0.93,0.95,4.49
Kepler-563,5066.0,0.77,0.8,4.58
Kepler-221,5243.0,0.821,0.854,4.543
Kepler-595,5138.5,0.821,0.93,4.54
Kepler-296,3740.0,0.48,0.498,4.774
HD 173416,4683.0,13.5,2.0,2.48
Kepler-534,5884.0,0.98,1.05,4.48
TOI-1736,5636.0,1.4286,1.0373,4.142
TOI-5789,5185.0,0.833,0.821,4.511
Kepler-1270,5047.0,3.38,1.28,3.49
Kepler-1370,6202.0,1.29,1.19,4.29
Kepler-172,5526.0,1.085,1.081,4.375
Kepler-1429,5902.0,1.07,1.05,4.4
Kepler-419,6430.0,1.74,1.39,4.1
K2-266,4285.0,0.703,0.686,4.581
HD 75784,4867.0,3.4,1.26,3.46
Kepler-1022,4445.0,0.68,0.71,4.64
Kepler-1321,3640.0,0.503,0.513,4.744
Kepler-433,6360.0,2.26,1.46,3.892
Kepler-886,6098.0,1.16,1.1,4.35
Kepler-1340,6331.0,1.42,1.27,4.24
HD 110113,5732.0,0.968,0.997,4.46
Kepler-220,4632.0,0.666,0.729,4.652
HD 99706,4862.0,5.52,1.46,3.09
Kepler-1472,6159.0,1.25,1.16,4.31
Kepler-133,5736.0,1.425,1.02,4.186
GJ 3138,3717.0,0.5,0.681,4.62872
Kepler-283,4351.0,0.566,0.596,4.721
Kepler-444,5046.0,0.752,0.758,4.5625
Kepler-631,6185.0,1.33,1.24,4.28
Kepler-1086,4350.0,0.66,0.7,4.65
Kepler-998,6058.0,1.18,1.12,4.34
HD 20781,5256.0,0.833609,0.7,4.37
Kepler-1023,5494.0,0.89,0.93,4.51
Kepler-104,5711.0,1.349,0.818,4.105
Kepler-576,5672.0,0.97,0.99,4.46
Kepler-1115,8480.0,1.73,1.6,4.17
KIC 5437945,6340.0,1.24,1.07,4.16
Gl 410,3842.0,0.543,0.55,4.87
Kepler-1859,5887.0,1.235,1.09,4.292
K2-323,3710.0,0.549,0.478,4.63
HD 95544,5722.0,1.088,1.01,4.07
HD 132406,5766.0,1.34,0.973,4.19
TOI-5688 A,3713.0,0.57,0.6,4.69
Kepler-1201,6177.0,1.24,1.15,4.32
Kepler-370,5852.0,0.9,0.982,4.531
Kepler-1570,5550.0,0.89,0.92,4.5
HD 159243,6123.0,1.12,1.125,4.55
Kepler-33,5904.0,1.82,1.291,4.027
Kepler-232,5847.0,0.968,0.97,4.495
HD 80883,5177.91,0.814842,0.88,4.5604
Kepler-1505,5686.0,0.86,0.93,4.54
WASP-92,6280.0,1.341,1.19,4.259
Kepler-949,5211.0,0.895,0.817,4.447
tau Cet,5310.0,0.83,0.783,4.52
Kepler-151,5460.0,0.83,0.87,4.555
Kepler-1290,5660.0,0.93,0.95,4.49
TOI-201,6423.0,1.31,1.32,4.318
Kepler-1025,6089.0,1.13,1.09,4.37
WASP-16,5700.0,1.14,1.78,4.49
Kepler-366,6209.0,1.048,1.088,4.452
Kepler-207,5920.0,1.588,1.313,4.129
Kepler-1924,5726.0,1.285,1.018,4.228
Kepler-1767,5243.0,0.831,0.887,4.547
GJ 887,3688.0,0.468,0.495,4.156
Kepler-1654,5597.0,1.179,1.011,4.3001
GJ 740,3913.0,0.56,0.58,4.68
Kepler-1524,6179.0,1.25,1.17,4.31
Kepler-68,5847.0,1.2564,1.057,4.281
Kepler-359,6248.0,1.086,0.827,4.429
TOI-1181,6054.0,1.961,1.467,4.02
Kepler-324,5191.0,0.826,0.844,4.53
HD 177830,4901.0,3.26,1.7,3.64
Kepler-279,6363.0,1.746,1.2,4.051
Kepler-147,6012.0,1.468,1.145,4.182
TOI-1853,4985.0,0.808,0.837,4.49
K2-356,5568.0,0.86,0.9,4.52
Kepler-1521,5042.0,0.76,0.81,4.59
K2-288 B,3341.0,0.32,0.33,4.96
HD 60532,6245.0,2.57,1.5,3.8
Kepler-238,5751.0,1.43,1.229,4.194
Kepler-1901,5696.0,0.921,1.022,4.519
Kepler-55,4362.0,0.58,0.62,4.7
Kepler-673,5355.0,0.84,0.88,4.54
GJ 676 A,3734.0,0.69,0.626,4.62
Kepler-218,5502.0,1.063,1.019,4.391
WASP-78,6100.0,2.46,1.87,4.1
Kepler-620,6155.0,1.22,1.15,4.33
Kepler-1330,5608.0,0.94,0.97,4.48
TOI-2989,4672.0,0.76,0.77,4.58
Kepler-424,5460.0,0.94,1.01,4.5
Kepler-349,5956.0,0.927,1.083,4.518
Kepler-1231,5778.0,1.0,1.01,4.44
Kepler-274,6023.0,1.007,0.883,4.44
Kepler-280,5744.0,0.886,0.962,4.537
TOI-163,6495.0,1.648,1.4352,4.187
Kepler-969,5214.0,0.82,0.92,4.57
Kepler-359,6248.0,1.086,0.827,4.429
Kepler-1385,5732.0,1.29,1.15,4.27
Kepler-369,3591.0,0.471,0.5,4.785
WASP-102,5990.0,1.375,1.08,4.2
Kepler-645,6170.0,1.21,1.13,4.33
GJ 480,3509.0,0.449,0.45,4.88
gam Psc,4742.0,11.2,0.99,2.33
Kepler-1253,5850.0,1.1,0.97,4.33
Kepler-65,6211.0,1.41,1.25,4.232
TOI-1467,3834.0,0.491,0.489,4.773
RR Cae,3904.0,0.193119,0.44,5.07662
WASP-186,6361.0,1.47,1.22,4.193
Kepler-832,5596.0,0.9,0.92,4.5
Kepler-281,5717.0,0.884,0.984,4.538
DMPP-3 A,5138.0,0.91,0.9,4.46049
Kepler-1889,5646.0,0.817,0.864,4.55
TOI-5340,5990.0,1.842,1.35,4.036
Kepler-988,4005.0,0.53,0.55,4.73
K2-117,3778.0,0.51,0.54,4.75
Kepler-400,5886.0,1.145,1.08,4.35
WASP-118,6410.0,1.696,1.32,4.1
TOI-880,5050.0,0.83,0.87,4.53
TOI-1278,3799.0,0.573,0.54,4.68
HD 12235,5986.0,1.80185,1.1,3.96802
Kepler-364,6108.0,1.284,1.076,4.273
Kepler-732,3631.0,0.46,0.49,4.79
HD 220689,5921.0,1.068,1.016,4.36
Kepler-444,5046.0,0.752,0.758,4.5625
Kepler-222,5433.0,0.869,0.933,4.551
K2-107,6061.0,1.81,1.3,4.04
Kepler-999,6237.0,1.65,1.29,4.11
GJ 887,3688.0,0.468,0.495,4.156
Kepler-524,6014.0,1.1,1.09,4.39
Kepler-291,6002.0,1.016,1.023,4.472
WASP-132,4686.0,0.758,0.789,4.56
K2-273,5161.0,0.85,0.89,4.53
Kepler-1491,5728.0,0.99,1.0,4.45
Kepler-177,5732.0,1.324,0.921,4.1
Kepler-1528,5857.0,1.03,1.03,4.43
Kepler-376,5900.0,1.175,0.968,4.303
Kepler-1075,3959.0,0.54,0.56,4.72
Kepler-160,5471.0,1.118,1.003,4.47
HAT-P-36,5620.0,1.041,1.03,4.416
Kepler-368,5502.0,2.019,1.165,3.903
Kepler-192,5479.0,1.007,1.028,4.428
Kepler-115,5979.0,1.205,1.042,4.306
Kepler-527,6388.0,1.45,1.28,4.22
HD 190647,5656.0,1.376,1.069,4.162
Kepler-183,5888.0,0.958,0.99,4.502
TOI-216,5026.0,0.748,0.77,4.66
HD 37605,5329.0,0.91,0.94,4.511
Kepler-1735,3975.0,0.509,0.535,4.753
Kepler-1618,6620.0,1.65,1.41,4.15
Kepler-1455,4075.0,0.6,0.62,4.68
Kepler-296,3740.0,0.48,0.498,4.774
TOI-4311,5063.0,0.8441,0.816,4.442
Kepler-325,5752.0,1.003,0.914,4.411
Kepler-1376,5659.0,0.97,0.98,4.46
EPIC 220674823,5578.0,0.99,0.913,4.408
Kepler-1190,4730.0,0.72,0.76,4.62
WASP-81,5870.0,1.283,1.08,4.258
Kepler-154,5690.0,1.001,0.933,4.415
Kepler-1194,5590.0,0.92,0.94,4.49
Kepler-352,5208.0,0.772,0.796,4.563
HIP 97166,5216.0,0.8418,0.9342,4.557
HD 5388,6297.0,1.91,1.21,4.28
TOI-558,6466.0,1.496,1.349,4.218
Kepler-176,5232.0,0.891,0.86,4.474
Kepler-833,4339.0,0.62,0.64,4.67
HD 23472,4684.0,0.71,0.67,4.53
K2-108,5599.0,1.76,1.17,4.02
TOI-1859,6341.0,1.36,1.287,4.285
Kepler-914,5877.0,1.15,1.1,4.36
Kepler-973,5213.0,0.78,0.86,4.58
CoRoT-27,5900.0,1.08,1.05,4.4
Kepler-440,4134.0,0.559,0.575,4.706
Kepler-903,5682.0,0.97,0.98,4.46
HIP 54515,8100.0,1.64915,1.9,4.29801
HD 5278,6203.0,1.194,1.126,4.5
K2-237,6180.0,1.236,1.256,4.353
Kepler-331,4347.0,0.492,0.653,4.768
WASP-156,5036.0,0.8268,0.8712,4.46
TOI-5322,5692.0,1.462,0.998,4.11
HD 290327,5505.0,0.95,0.84,4.41
Kepler-1810,5492.0,1.016,0.921,4.389
K2-84,5652.0,0.93,0.95,4.481
Kepler-299,5617.0,1.032,1.004,4.394
Kepler-997,6150.0,1.56,1.22,4.14
Kepler-1160,5519.0,0.89,0.92,4.51
Kepler-162,5816.0,0.958,1.053,4.436
PDS 70,4109.0,1.26,0.982,4.23
Kepler-975,4883.0,1.667,0.951,3.972
Kepler-247,5100.0,0.768,0.887,4.608
HD 2039,5945.0,1.19,1.23,4.38
Kepler-1336,5512.0,1.3,0.94,4.18
TOI-216,5026.0,0.748,0.77,4.66
Kepler-978,6002.0,1.09,1.07,4.38
HD 89307,5955.0,1.1,1.27,4.46
Kepler-763,4999.0,0.843,0.8,4.49
Kepler-236,3750.0,0.51,0.596005,4.753
Kepler-851,5455.0,0.85,0.89,4.53
TOI-2328,5525.0,0.9,0.95,4.505
Kepler-206,5764.0,1.185,0.957,4.311
Kepler-605,5462.0,0.88,0.91,4.52
HD 5319,4871.0,4.06,1.27,3.26
TOI-2152,6630.0,1.612,1.516,4.205
HD 196067,6072.0,1.71,1.16,4.09
Kepler-1569,6319.0,1.4,1.25,4.24
Kepler-234,6224.0,1.113,1.129,4.421
Kepler-1100,6247.0,1.34,1.21,4.26
Kepler-929,5869.0,1.02,1.01,4.42
HD 114386,4836.0,0.76,0.6,4.45
Kepler-860,5836.0,1.06,1.04,4.4
TOI-2524,5831.0,1.119,1.007,4.344
HATS-2,5227.0,0.876,0.904,4.51
K2-17,4320.0,0.66,0.71,4.798
HIP 67537,4985.0,8.69,2.316,2.85
TOI-1451,5801.0,1.0162,1.0022,4.424
HD 14787,4946.0,5.01,1.43,3.23
HD 4313,4943.0,5.14,1.63,3.24
HD 83443,5442.0,0.94,1.0,4.39
WASP-106,6002.0,1.47,1.175,4.49
HD 93083,5033.8,0.837,0.836,4.23
TOI-1259 A,4775.0,0.715,0.746,4.605
HD 133131 A,5799.0,0.955014,0.95,4.39
HD 214823,6215.0,2.04,1.115,4.05
K2-181,5528.0,1.06,0.96,4.35
Kepler-1039,4870.0,0.74,0.79,4.6
Kepler-206,5764.0,1.185,0.957,4.311
Kepler-1090,5330.0,1.013,0.869,4.366
HAT-P-60,6212.0,2.197,1.435,3.9114
K2-239,3420.0,0.36,0.4,4.9
HD 88986,5861.0,1.543,1.25,4.16
Kepler-976,5232.0,0.83,0.87,4.55
Kepler-1694,4954.0,0.756284,0.82,4.59451
Kepler-1776,5872.0,1.153,1.041,4.332
HD 18143,5078.0,0.87,0.85,4.51
HD 219134,4699.0,0.778,0.81,4.567
KOI-7892,6474.0,1.26,1.04,4.31
WASP-123,5740.0,1.285,1.166,4.286
Kepler-221,5243.0,0.821,0.854,4.543
Kepler-280,5744.0,0.886,0.962,4.537
TOI-2202,5144.0,0.794,0.823,4.55
Kepler-411,4974.0,0.82,0.87,4.6
Kepler-1358,5181.0,0.79,0.82,4.57
TOI-791,6294.0,1.474,1.28,3.71
HD 87816,4989.0,9.0,2.41,2.86
K2-316,3436.0,0.379,0.408,4.891
HD 360,4770.0,10.86,1.69,2.59
GJ 273,3382.0,0.293,0.29,4.90868
Kepler-1436,5972.0,1.09,1.06,4.39
TOI-813,5907.0,1.94,1.32,3.86
Kepler-1571,6297.0,1.39,1.23,4.24
HAT-P-41,6390.0,2.05,2.56,4.14
TOI-1227,3072.0,0.56,0.17,4.438
HD 185283,4848.0,0.743303,0.8,4.59336
HIP 54373,4021.0,0.564998,0.57,4.68103
Kepler-598,5307.0,0.86,0.87,4.51
Kepler-1028,5522.0,0.87,0.9,4.52
CoRoT-14,6035.0,1.21,1.13,4.35
HD 9446,5793.0,1.0,1.0,4.53
Kepler-1627,5445.0,0.84,0.87,4.54
Kepler-1920,6277.0,1.161,1.239,4.402
Kepler-1155,5842.0,1.03,1.03,4.43
Kepler-1171,7044.0,1.95,1.58,4.05
HD 65216,5612.0,0.88,0.874,4.44
HIP 90988,4883.0,3.94,1.613,3.32
47 UMa,5872.0,1.21334,1.06,4.29541
Kepler-436,4685.0,0.71,0.75,4.62
HD 175167,5635.0,1.75,1.09,4.09
Kepler-1743,5855.0,1.613,1.266,4.125
Kepler-721,5075.0,0.78,0.82,4.58
Kepler-314,5378.0,0.95,0.99,4.465
HAT-P-31,6065.0,1.39,1.31,4.26
HD 11964,5303.0,2.00971,0.91,3.79084
K2-211,5117.0,0.818,0.851,4.543
Kepler-2001,5081.0,0.77,0.864,4.596
TOI-238,5059.0,0.756,0.781,4.58
HD 215497,5110.0,0.85,0.67,4.4
Kepler-1817,5316.0,0.915,0.878,4.459
HD 220197,5683.0,0.98,0.91,4.42
Kepler-1247,5303.0,0.82,0.86,4.55
HD 154345,5468.0,0.85,0.89,4.505283
Kepler-243,5228.0,0.842,0.904,4.565
Kepler-308,5895.0,0.941,0.92,4.508
Teegarden's Star,3034.0,0.12,0.097,5.19
Kepler-254,5957.0,0.91,0.849,4.524
K2-19,5322.0,0.82,0.88,4.51
HD 30177,5680.0,1.019,0.98,4.417
Kepler-1475,6214.0,1.28,1.18,4.29
K2-111,5775.0,1.25,0.84,4.25
HAT-P-67,6640.0,2.62,1.73,3.84
TOI-2373,5651.0,1.102,1.041,4.371
Kepler-1530,5678.0,1.303,1.015,4.215
TOI-1288,5388.0,0.9583,0.9552,4.453
Kepler-660,4779.0,0.71,0.75,4.61
Kepler-760,5322.0,0.85,0.89,4.54
Kepler-1712,3732.0,0.509,0.515,4.736
Kepler-784,5674.0,1.32,1.0,4.19
Kepler-1612,5643.0,0.94,0.96,4.48
TOI-1246,5213.0,0.8649,0.8889,4.51
K2-157,5334.0,0.86,0.89,4.45
Kepler-1335,4903.0,0.74,0.77,4.6
Kepler-612,5693.0,0.96,0.98,4.46
Kepler-20,5495.0,0.9164,0.929,4.446
CoRoT-32,5970.0,0.79,1.08,4.67
Kepler-289,5990.0,1.0,1.08,4.47
Kepler-383,4710.0,0.672,0.669,4.624
Kepler-228,6043.0,1.014,1.006,4.467
K2-32,5271.0,0.86,0.83,4.49
GJ 2030,5485.0,2.24104,0.96,3.71944
Kepler-1882,5691.0,1.458,1.068,4.139
Kepler-664,5754.0,1.02,1.01,4.43
K2-25,3207.0,0.2932,0.2634,4.944
Kepler-450,6197.21,1.64162,1.19,4.08307
Kepler-1054,6209.0,1.34,1.22,4.26
TOI-5386 A,6094.0,1.245,1.165,4.314
Kepler-387,5774.0,1.046,0.85,4.353
Kepler-157,5774.0,1.044,0.95,4.389
Kepler-680,5890.0,1.11,1.08,4.38
Kepler-697,5513.0,0.88,0.92,4.52
Kepler-616,5753.0,0.97,0.98,4.46
Kepler-202,4668.0,0.667,0.683,4.65
HD 141399,5600.0,1.387236,1.07,4.28
TOI-2449,6021.0,1.065,1.079,4.4
Kepler-338,5999.0,1.735,1.14,4.02
K2-229,5315.0,0.79,0.87,4.59
tau Cet,5310.0,0.83,0.783,4.52
Kepler-1749,3957.0,0.553,0.551,4.693
HIP 63242,4830.0,10.275655,1.54,2.53
Kepler-1793,5191.0,0.764,0.85,4.597
TOI-1203,5737.0,1.179,0.886,4.34
Kepler-1107,5268.0,0.82,0.86,4.55
HD 457,6114.04,1.28194,1.15,4.28303
Kepler-80,4540.0,0.678,0.83,4.639
HD 112640,4155.0,39.0,1.8,1.7
Kepler-166,5413.0,0.742,0.811,4.619
Kepler-1647,6210.0,1.7903,1.2207,4.018
HD 181234,5386.0,1.059423,0.94,4.374546
Kepler-349,5956.0,0.927,1.083,4.518
Kepler-1815,5516.0,0.967,0.856,4.399
TOI-907,6272.0,2.059789,1.069357,3.8399
Kepler-1417,5839.0,1.02,1.02,4.43
Kepler-56,4840.0,4.23,1.32,3.31
Kepler-1197,4708.0,0.72,0.78,4.62
Kepler-1921,6120.0,2.0,1.251,3.934
Kepler-1484,5730.0,0.92,0.94,4.49
HD 47366,4866.0,7.3,1.81,2.97
Kepler-1210,5568.0,0.92,0.94,4.49
K2-245,5793.0,1.25,0.83,4.16
Kepler-159,4625.0,0.663,0.628,4.653
Kepler-91,4550.0,6.3,1.31,2.953
Kepler-354,4648.0,0.674,0.652,4.627
K2-290,6302.0,1.511,1.194,4.23
Kepler-1766,5868.0,1.042,0.915,4.363
Kepler-774,6403.0,2.42,1.57,3.87
Kepler-859,5020.0,0.77,0.81,4.59
Kepler-1972,5818.0,1.384,1.12,4.2
HD 176986,4931.0,0.782,0.789,4.44
Kepler-1833,6164.0,1.446,1.286,4.227
Kepler-401,6184.0,1.29,1.17,4.28
TOI-4458,6151.0,1.96,1.47,3.96
Kepler-1621,6158.0,1.24,1.15,4.31
HD 206893,6500.0,1.31116,1.31,4.45
HD 238090,3933.0,0.57,0.578,4.7
Kepler-1840,4898.0,0.803,0.774,4.518
Kepler-1362,4857.0,0.74,0.8,4.6
KOI-984,5295.0,0.818,0.928,4.54
Kepler-37,5357.0,0.789,0.79,4.5667
Kepler-717,5485.0,0.85,0.88,4.53
K2-188,5977.0,1.19,1.06,4.31
K2-148,4079.0,0.632,0.65,4.653
TOI-4791,6058.0,1.409,1.242,4.234
Kepler-1566,5254.0,0.81,0.84,4.56
Kepler-1751,6052.0,0.967,0.974,4.456
WASP-132,4686.0,0.758,0.789,4.56
Kepler-704,5616.0,0.96,0.97,4.46
TIC 147027702,6410.0,2.136,1.406,3.926
K2-156,4460.0,0.62,0.66,4.7
HATS-56,6536.0,2.201,1.573,3.949
WASP-154,4774.0,0.823,0.8,4.47
Kepler-150,5528.0,0.905339,0.97,4.51122
Kepler-304,4731.0,0.687,0.737,4.635
HAT-P-43,5693.0,1.08,1.03,4.38
Kepler-279,6689.45,1.07,1.1,4.42
NGTS-38,6310.0,1.88,1.46,4.06
Kepler-49,4252.0,0.559,0.549,4.727
Kepler-1432,6031.0,1.13,1.09,4.37
HAT-P-42,5743.0,1.53,1.178,4.14
Kepler-355,6184.0,1.066,0.933,4.441
Kepler-326,5105.0,0.801,0.91,4.556
Kepler-1299,5609.0,0.91,0.94,4.5
TOI-172,5645.0,1.777,1.128,3.993
Kepler-741,6129.0,1.24,1.16,4.31
Kepler-1806,5311.0,0.788,0.884,4.588
Kepler-353,3903.0,0.504,0.553,4.751
HD 2952,4853.0,10.9,1.91,2.65
TOI-375,5259.9,2.9,1.441,3.672
Kepler-1226,5923.0,1.02,1.02,4.43
Kepler-560,3556.0,0.33,0.34,4.94
PZ Tel,5169.0,1.25646,1.36,4.18425
HD 164604,4663.0,0.78,0.77,4.49
Kepler-1048,4651.0,0.7,0.75,4.62
Kepler-1422,6194.0,1.23,1.15,4.32
Kepler-1094,6112.0,1.21,1.14,4.33
HD 69830,5385.0,0.886947,0.86,4.490299
HD 82943,5935.0,1.1826,1.08,4.32582
Kepler-954,4990.0,0.76,0.82,4.59
HATS-38,5732.0,1.105,0.89,4.301
K2-36,4916.0,0.718,0.79,4.621
Kepler-1388,4098.0,0.61,0.63,4.67
Kepler-416,5718.0,1.075,1.0,4.42
Kepler-1567,5655.0,0.93,0.95,4.49
HD 147873,5972.0,2.29,1.38,3.86
Kepler-290,5147.0,0.743,0.756,4.622
Kepler-1212,6051.0,1.15,1.1,4.36
Kepler-857,5773.0,0.99,0.99,4.45
Kepler-1626,6826.0,1.85,1.51,4.08
TOI-1836,6237.0,1.6454,1.2518,4.098
K2-64,5312.0,0.726,0.741,4.576
Kepler-1336,5512.0,1.3,0.94,4.18
Kepler-872,5902.0,1.08,1.05,4.4
Kepler-1656,5569.0,1.1,1.03,4.40025
POTS-1,4400.0,0.588,0.695,4.63
Kepler-68,5847.0,1.2564,1.057,4.281
Kepler-1406,5892.0,1.12,1.05,4.36
Kepler-758,6228.0,1.42,1.16,4.19
Kepler-675,4945.0,0.75,0.79,4.6
Kepler-77,5520.0,0.99,0.95,4.42
Kepler-679,5403.0,0.84,0.87,4.54
K2-265,5420.0,0.92,0.901,4.465
Kepler-1682,5619.12,0.842301,0.99,4.58277
Kepler-1907,5159.0,0.8,0.752,4.508
Kepler-996,6014.0,1.14,1.09,4.36
Kepler-174,4880.0,0.622,0.602,4.679
Kepler-282,5656.0,0.89,0.97,4.53
HD 219828,5891.0,1.56,1.04,4.17
Kepler-758,6228.0,1.42,1.16,4.19
K2-85,4232.0,0.71,0.7,4.44
K2-3,3844.0,0.546,0.549,4.704
Kepler-360,6053.0,1.058,0.994,4.423
TOI-3664,5593.0,1.11,0.98,4.37
Kepler-293,5804.0,0.957,0.934,4.504
HD 135625,6040.64,1.35743,1.28,4.22185
K2-419 A,3711.0,0.541,0.562,4.74
HD 126105,4875.0,4.21,1.2,3.18
TOI-756,3657.0,0.505,0.505,4.735
TOI-4794,6390.0,1.451,1.25,4.215
HD 52265,6136.0,1.32,1.204,4.36
Kepler-974,3687.0,0.5,0.52,4.76
Kepler-1008,5066.0,0.78,0.81,4.56
Kepler-1373,6299.0,1.33,1.22,4.27
Kepler-172,5526.0,1.085,1.081,4.375
TOI-2338,5581.0,1.05,0.99,4.4
Kepler-275,6165.0,1.383,1.189,4.229
Kepler-305,4974.0,0.827279,0.82,4.51658
TOI-2133,4250.0,0.62,0.644,4.6
K2-188,5977.0,1.19,1.06,4.31
Kepler-32,3900.0,0.53,0.58,4.64
Qatar-3,6007.0,1.272,1.145,4.286
Kepler-1787,6060.0,0.925,1.008,4.509
GJ 849,3467.0,0.45,0.45,4.8
Kepler-231,3767.0,0.49,0.58,4.779
HD 153557,4837.0,0.745171,0.79,4.59118
Kepler-1939,4353.0,0.603,0.648,4.681
Kepler-1170,5069.0,0.76,0.8,4.58
Kepler-245,5174.0,0.8,0.86,4.57
HD 128356,4875.0,0.85,0.65,4.52
HD 219134,4699.0,0.778,0.81,4.567
Kepler-487,5444.0,0.88,0.91,4.51
Kepler-157,5774.0,1.044,0.95,4.389
HD 20794,5401.0,0.93,0.813,4.39
Kepler-40,6510.0,2.13,1.48,3.94
Kepler-621,4521.0,0.68,0.72,4.63
Kepler-323,6004.0,1.12,1.015,4.38
TOI-6651,5940.0,1.721,1.323,4.087
TOI-908,5626.0,1.028,0.95,4.45
Kepler-1582,3208.0,0.3,0.28,4.93
HD 177565,5627.0,0.971489,1.0,4.39
WASP-90,6430.0,1.98,1.55,4.033
HD 211810,5652.0,1.13,1.03,4.26335
K2-133,3655.0,0.455,0.461,4.77
GJ 96,3785.0,0.580612,0.6,4.66767
Kepler-512,5997.0,1.3,1.17,4.28
K2-138,5356.3,0.863,0.935,4.54
HD 191939,5348.0,0.94,0.81,4.3
Kepler-298,4465.0,0.582,0.66,4.709
GJ 896 A,3345.0,0.394682,0.43599,4.83156
HD 72490,4934.0,4.96,1.21,3.21
K2-63,6771.0,1.63,1.4,4.15
GJ 433,3461.0,0.5,0.48,4.81
HD 12661,5748.0,1.11,1.02,4.316128
KOI-351,6031.13,1.185,1.242,4.27
Kepler-1931,6167.0,1.221,1.174,4.333
TOI-519,3322.0,0.35,0.335,4.87
Kepler-287,5806.0,1.032,0.963,4.402
TOI-2578,6333.0,1.64,1.27,4.473
Kepler-1067,5592.0,0.93,0.95,4.49
Kepler-1753,5180.0,0.769,0.86,4.597
Kepler-570,5496.0,0.9,0.93,4.5
Kepler-1049,3864.0,0.49,0.51,4.77
Kepler-663,5264.0,0.82,0.86,4.55
TOI-2498,5905.0,1.26,1.12,4.297
CoRoT-30,5650.0,0.91,0.98,4.4
WASP-98,5473.0,0.741,0.809,4.606
Kepler-10,5708.0,1.065,0.91,4.344
Kepler-337,5684.0,1.761,1.081,4.004
Kepler-108,5854.0,2.192,1.247,3.895
Kepler-707,5099.0,0.76,0.8,4.58
Kepler-284,5615.0,0.814,0.766,4.58
Kepler-135,6090.0,1.275,1.047,4.271
GJ 3634,3517.0,0.43,0.45,4.77636
Kepler-950,5857.0,1.02,1.02,4.44
HD 73526,5601.0,1.53,1.14,4.12
Kepler-102,4909.0,0.724,0.803,4.6
Kepler-959,7005.0,2.01,1.6,4.04
K2-243,6570.0,1.39,1.29,4.26
K2-133,3655.0,0.455,0.461,4.77
Kepler-1310,5549.0,0.88,0.91,4.51
HIP 74890,4850.0,5.77,1.74,3.1
GJ 15 A,3607.0,0.38,0.38,4.87
Kepler-1509,5780.0,0.99,1.0,4.45
Kepler-749,5009.0,0.75,0.79,4.59
HD 102329,4745.0,9.82,3.21,2.96
TOI-1194,5394.0,0.9608,0.9835,4.463
Barnard's star,3195.0,0.185,0.162,4.9
Kepler-1951,5468.0,1.306,0.923,4.171
GJ 180,3371.0,0.413049,0.43,4.81473
Kepler-389,5376.0,0.792,0.765,4.57
HD 20794,5368.0,0.93,0.79,4.39
TOI-837,5995.0,1.052,1.142,4.453
Kepler-1877,5615.0,0.936,1.022,4.505
Kepler-543,4671.0,0.67,0.7,4.63
HD 74698,5783.0,1.333,1.039,4.12
HD 160691,5773.0,1.33,1.13,4.2
Kepler-152,5088.0,0.724,0.779,4.605
Gliese 12,3328.0,0.265,0.255,5.25
Kepler-266,5885.0,1.028,0.947,4.453
TOI-6130,6110.0,1.51,1.31,4.19
rho CrB,5817.0,1.3617,1.0,4.121
Kepler-1531,6260.0,1.27,1.16,4.29
K2-12,5672.0,1.117,0.965,4.3
GJ 581,3500.0,0.302,0.295,4.97
Kepler-84,6039.0,1.43,1.0,4.13
TOI-5210,5723.0,1.209,1.105,4.319
NGTS-30,5455.0,0.913,0.94,4.3
K2-413,4116.0,0.7,0.808,4.656
CoRoT-16,5650.0,1.19,1.098,4.36
HD 94890,4867.0,10.71,1.74,2.6
TOI-1533,5146.0,0.849,0.88,4.5
HD 31253,6130.0,1.75,1.7,4.18
HD 208527,4035.0,51.1,1.6,1.4
Kepler-326,5105.0,0.801,0.91,4.556
HD 153557,4837.0,0.745171,0.79,4.59118
Kepler-1573,5808.0,1.0,1.01,4.44
HD 70642,5732.0,0.984,1.078,4.458
Kepler-175,6064.0,1.01,0.969,4.472
Kepler-375,5826.0,0.837,0.891,4.567
GJ 3998,3726.0,0.5,0.52,4.75
HD 39194,5205.0,0.783742,0.86,4.53
Kepler-1044,5985.0,1.11,1.08,4.38
K2-189,5442.0,0.879,0.85,4.51
HD 205158,6133.55,1.87741,1.16,3.95541
Kepler-1489,5565.53,0.957,0.977,4.51
Kepler-1714,6150.0,2.086,1.448,3.96
HD 219134,4913.0,0.77,0.794,4.51
TOI-470,5190.0,0.831,0.87,4.54
Kepler-1241,5261.0,0.8,0.84,4.56
Kepler-164,5888.0,1.148,1.036,4.331
WASP-116,6250.0,1.426,1.25,4.25
TOI-1898,6241.0,1.6131,1.2484,4.116
Kepler-1820,5841.0,0.931,1.047,4.52
HIP 8152,5618.0,0.9603,0.9373,4.443
Kepler-1722,5506.0,0.788,0.876,4.584
TOI-1937 A,5814.0,1.08,1.072,4.401
Kepler-1388,4098.0,0.61,0.63,4.67
Kepler-1130,5450.0,0.842,0.944,4.563
Kepler-114,4605.0,0.667,0.77,4.65
HD 20782,5782.13,1.12681,1.04,4.3514
Kepler-410 A,6273.0,1.352,1.214,4.261
Kepler-254,5957.0,0.91,0.849,4.524
Kepler-1113,5931.0,1.17,1.12,4.35
Kepler-841,5324.0,0.81,0.85,4.56
Kepler-331,4347.0,0.492,0.653,4.768
Kepler-25,6354.0,1.316,1.165,4.285
Kepler-1792,5229.0,1.005,0.878,4.378
HD 136418,4989.0,3.78,1.48,3.45
Kepler-1485,6087.0,1.12,1.11,4.39
HD 16417,5841.0,1.639984,1.2,4.16
Kepler-142,5790.0,1.269,0.978,4.262
K2-16,4761.0,0.544,0.67,4.629
TOI-1288,5388.0,0.9583,0.9552,4.453
Kepler-103,6047.0,1.492,1.212,4.17
Kepler-1415,5267.0,0.84,0.89,4.54
GJ 1002,3024.0,0.137,0.12,5.1
Kepler-662,4897.0,0.74,0.79,4.6
TOI-1235,3997.0,0.619,0.63,4.64
HD 68475,5022.0,0.79099,0.83,4.56
TOI-663,3681.0,0.512,0.514,4.7266
Kepler-754,5935.0,1.08,1.06,4.39
HD 207897,5106.0,0.7827,0.8208,4.562
Kepler-1667,5941.54,1.08751,1.09,4.40263
TOI-905,5570.0,0.918,0.968,4.498
Kepler-1468,5794.0,1.496,1.072,4.118
TOI-2267 A,3030.0,0.2075,0.171,4.99
TOI-2000,5611.0,1.134,1.082,4.363
TOI-1333,6274.0,1.925,1.464,4.034
HD 75898,6122.0,1.55,1.295,4.34
Kepler-275,6165.0,1.383,1.189,4.229
Kepler-1459,4828.0,0.74,0.78,4.61
BD-210397,4051.0,0.747,0.69,4.67
Kepler-671,5624.0,0.95,0.97,4.47
Kepler-519,5260.0,0.8,0.89,4.58
HD 1397,5521.0,2.336,1.324,3.823
Kepler-320,6435.0,1.108,1.072,4.419
Kepler-1769,6071.0,1.295,1.061,4.239
Kepler-1726,5316.0,0.804,0.876,4.57
HD 42618,5727.0,0.999,1.015,4.44
GJ 338 B,4014.0,0.58,0.64,4.68
K2-183,5482.0,0.87,0.942219,4.6
Kepler-1772,5541.0,0.934,0.942,4.472
Kepler-1396,6195.0,1.27,1.18,4.3
Kepler-1165,6249.0,1.076,1.13,4.428
NGTS-21,4660.0,0.86,0.72,4.63
Kepler-1519,5644.0,0.91,0.94,4.5
Kepler-338,5923.0,1.735,1.105,4.017
Kepler-121,5311.0,0.701,0.859,4.646
K2-154,4097.0,0.63,0.65,4.65
Kepler-262,5841.0,0.881,0.816,4.541
WASP-11,4800.0,0.89,1.42,4.45
TOI-2211,5253.0,0.834,0.9,4.54958
Kepler-1821,5475.0,0.884,0.946,4.521
Kepler-124,4984.0,0.636,0.706,4.669
Kepler-380,6045.0,1.224,0.99,4.293
Kepler-1259,5053.0,0.77,0.8,4.58
Kepler-156,5094.0,0.807,0.864,4.552
Kepler-406,5538.0,1.07,1.07,4.409
HD 18143,5078.0,0.87,0.85,4.51
Kepler-286,5580.0,0.863,0.83,4.495
HD 82886,4953.0,5.26,2.53,3.4
CoRoT-11,6440.0,1.37,1.27,4.22
HD 154857,5589.0,2.3,1.96,4.01
Kepler-624,6117.0,1.18,1.1,4.33
Kepler-1530,5477.0,0.88,0.92,4.52
TOI-5349,3751.0,0.58,0.61,4.72
HD 108202,4556.03,0.66355,0.74,4.65165
K2-321,3750.0,0.595,0.578,4.65
Kepler-14,6395.0,2.048,1.512,3.994
KOI-12,6635.0,1.4,1.5,4.308
Kepler-1047,5754.0,1.13,1.08,4.37
TOI-1294,5718.0,1.5566,1.1578,4.119
BD+49 828,4943.0,7.6,1.52,2.85
TOI-1117,5635.0,1.05,0.97,4.41
Kepler-106,5858.0,1.04,1.0,4.407
TOI-4406,6219.0,1.29,1.19,4.29
HD 108147,6255.73,1.20664,1.22,4.36127
Kepler-1430,4796.0,0.72,0.77,4.62
Kepler-1388,4098.0,0.61,0.63,4.67
TOI-2322,4664.0,0.662,0.703,4.57
Kepler-1311,5748.0,1.4,1.05,4.16
CoRoT-6,6090.0,1.025,1.05,4.43
K2-58,5413.0,0.86,0.89,4.522
K2-182,5128.0,0.789,0.823,4.56
Kepler-1991,5478.0,1.053,0.914,4.354
TOI-2345,4687.0,0.729,0.727,4.57
Kepler-126,6239.0,1.358,1.108,4.247
HD 145377,6014.0,1.05,1.2,4.47
HD 40307,4956.0,0.716684,0.77,4.47
Kepler-445,3157.0,0.21,0.18,4.92504
HD 25912,5920.58,0.995896,1.08,4.47506
Kepler-1635,5347.0,0.85,0.89,4.53
Kepler-1709,5918.0,1.043,1.003,4.403
Kepler-611,5761.0,1.01,1.01,4.43
Kepler-1904,3805.0,0.497,0.526,4.767
Kepler-473,5816.0,1.34,1.06,4.21
Kepler-1061,6067.0,1.07,1.09,4.42
Kepler-9,5777.0,1.02,1.07,4.49
DMPP-6,6182.09,1.27,1.079,4.31374
TOI-7510,5720.0,1.035,1.063,4.439
HD 83443,5442.0,0.94,1.0,4.39
Kepler-802,5507.0,0.9,0.93,4.5
Kepler-865,5440.0,0.885,0.782,4.438
Kepler-316,4204.0,0.52,0.587,4.743
Kepler-329,4257.0,0.523,0.602,4.74
Kepler-1085,5816.0,1.0783,1.05,4.39378
Pr0211,5300.0,0.827,0.935,4.51
Kepler-1068,5806.0,1.01,1.01,4.43
Kepler-1856,4948.0,0.816,0.782,4.508
Kepler-7,5933.0,1.966,1.359,3.98
Kepler-1799,5831.0,0.921,1.016,4.517
K2-146,3385.0,0.33,0.331,4.8983
HIP 114933,4823.0,5.27,1.39,2.99
Kepler-1305,5701.0,0.96,0.97,4.47
11 Com,4874.0,13.76,2.09,2.45
Kepler-1144,5753.0,0.96,0.98,4.47
Kepler-1162,5225.0,0.859,0.861,4.505
HD 224693,5894.0,1.93,1.31,4.38
Kepler-1088,5975.0,1.08,1.08,4.4
Kepler-393,6189.0,1.382,1.256,4.233
HD 202772 A,6442.0,2.554,1.721,3.93
Kepler-1597,6377.0,1.39,1.25,4.24
TOI-480,6174.0,1.4877,1.2793,4.194
Kepler-1560,5815.0,1.02,1.02,4.43
Kepler-1440,5698.0,0.96,0.98,4.46
WASP-130,5625.0,0.96,1.04,4.49
HD 162020,4723.0,0.75,0.42,4.31
WASP-157,5772.0,1.1,1.06,4.38
Kepler-188,6021.0,1.141,1.021,4.346
HD 136352,5664.0,1.058,0.87,4.39
Kepler-588,5835.0,1.0,1.01,4.44
HD 156279,5453.0,0.95,0.94,4.46
Kepler-693,4881.0,0.72,0.76,4.61
Kepler-1380,5570.0,0.94,0.96,4.48
Kepler-387,5774.0,1.046,0.85,4.353
K2-54,3990.0,0.643,0.615,4.61
Kepler-1126,5678.0,0.921,0.794,4.409
K2-263,5368.0,0.85,0.88,4.51
Kepler-1469,5507.0,0.89,0.92,4.51
Kepler-462,7500.0,1.57,1.59,4.22
Kepler-1183,5765.0,0.99,1.0,4.45
TOI-1443,5224.0,0.7511,0.7663,4.564
Kepler-1900,6173.0,1.041,1.104,4.447
47 UMa,5872.0,1.21334,1.06,4.29541
TOI-5624,5327.0,0.82,0.858,4.49
Kepler-739,5601.0,0.9,0.93,4.51
GJ 9066,3154.0,0.164,0.15,5.01
gam Lib,4879.0,12.38,1.78,2.5
Kepler-261,5098.0,0.794,0.834,4.561
TrES-5,5171.0,0.868,0.901,4.517
HD 204313,5767.0,1.1,1.03,4.37
Kepler-18,5345.0,1.108,0.972,4.31
Kepler-1400,5044.0,0.78,0.83,4.58
Kepler-84,6031.0,1.169,1.06,4.323
K2-258,6351.0,1.31,1.21,4.29
Kepler-1855,3460.0,0.356,0.385,4.92
Kepler-1987,4769.0,0.714,0.799,4.622
K2-276,5139.0,0.85,0.82,4.49
Kepler-415,4362.0,0.643,0.67,4.62
K2-127,4575.0,0.66,0.72,4.65
WASP-119,5650.0,1.2,1.02,4.26
TOI-1782,4336.0,0.669,0.68,4.62012
WTS-1,6250.0,1.15,1.2,4.4
Kepler-893,5820.0,0.99,1.0,4.45
HD 103949,4792.0,0.753113,0.77,4.59071
Kepler-1487,5745.0,3.955,1.801,3.499
K2-155,4258.0,0.58,0.65,4.6
Kepler-1579,4584.0,0.7,0.75,4.63
K2-264,3660.0,0.473,0.496,4.783
Kepler-1351,4439.0,0.67,0.7,4.64
Kepler-8,6213.0,1.486,1.213,4.174
Kepler-1363,4839.0,0.72,0.76,4.61
HD 221420,5847.0,1.947,1.351,4.03
HD 117207,5732.0,1.074,1.053,4.371
HIP 71135,4146.0,0.681296,0.66,4.54201
HATS-51,5758.0,1.44,1.187,4.198
Kepler-168,6282.0,1.107,1.113,4.422
Kepler-382,5600.0,0.945,1.002,4.401
K2-246,5610.0,0.94,0.87,4.43
HAT-P-15,5568.0,1.07,1.0,4.38
K2-238,5630.0,1.59,1.19,4.11
Kepler-42,3068.0,0.17,0.13,5.11
HD 96700,5845.0,1.16,0.89,4.39
K2-147,3690.0,0.578,0.563,4.665
Kepler-725,5395.0,0.88,0.95,4.54
CoRoT-5,6100.0,1.186,1.0,4.19
Kepler-1819,6090.0,1.071,1.173,4.447
CoRoT-29,5260.0,0.9,0.97,4.3
BD+48 738,4414.0,11.0,0.74,2.24
TOI-757,5278.0,0.78,0.8,4.5
HD 156098,6419.19,2.75716,1.29,3.66773
HD 56957,5743.0,1.77793,1.03,3.95107
Kepler-1014,5388.0,0.84,0.88,4.54
Kepler-437,4551.0,0.68,0.707,4.629
Kepler-395,4262.0,0.556,0.622827,4.729
BD+20 2457,4137.0,49.0,2.8,1.51
Kepler-1609,6132.0,1.27,1.18,4.29
WASP-197,6050.0,2.112,1.36,3.9
Kepler-281,5723.0,0.899,0.95,4.531
Kepler-908,5973.0,1.12,1.11,4.38
K2-318,3851.0,0.552,0.561,4.701
Kepler-1449,5979.0,1.1,1.08,4.39
WASP-181,5839.0,0.965,1.04,4.487
Kepler-1965,5852.0,0.837,0.928,4.559
HIP 38594,4086.3,0.626646,0.61,4.62886
HD 38801,5338.0,2.029,1.207,3.877
Kepler-241,4699.0,0.668,0.671,4.627
Kepler-129,5770.0,1.653,1.178,4.08
HAT-P-69,7394.0,1.926,1.648,4.11
Kepler-389,5376.0,0.792,0.765,4.57
Kepler-286,5580.0,0.863,0.83,4.495
K2-158,5503.0,0.95,0.92,4.45
Kepler-864,6213.0,1.195,1.27,4.387
KIC 5437945,6146.0,1.26,1.17,4.3
EPIC 220674823,5578.0,0.99,0.913,4.408
OGLE-TR-111,5040.0,0.83,0.82,4.536
6 Lyn,4941.0,4.94,1.32,3.16
TOI-1630,5504.0,0.83,0.95,4.58
Kepler-1763,5897.0,1.259,1.026,4.25
Kepler-961,5582.0,0.9,0.96,4.51
TOI-1472,5100.0,0.84,0.87,4.5
TOI-5153,6300.0,1.4,1.24,4.3
Kepler-1239,6564.0,1.57,1.4,4.2
KOI-7913 A,4324.0,0.788,0.76,4.523
Kepler-1312,5721.0,0.905,0.983,4.517
Kepler-1902,3729.0,0.514,0.52,4.733
Kepler-747,5096.0,0.78,0.82,4.58
K2-264,3660.0,0.473,0.496,4.783
Kepler-297,5619.0,0.915,0.927,4.468
Kepler-949,5403.0,0.86,0.89,4.53
HD 12648,4835.0,11.02,0.67,2.18
Kepler-53,5858.0,0.89,0.98,4.53
HD 159243,6123.0,1.12,1.125,4.55
HD 95127,4218.0,41.01,3.7,1.78
Kepler-105,5933.0,1.026,0.991,4.43197
GJ 876,3293.74,0.3,0.32,4.87177
Kepler-1177,5712.0,0.97,0.98,4.46
TOI-1710,5775.0,0.93,1.02,4.51
14 Her,5338.0,0.93,0.97,4.45
BD+15 2940,4796.0,14.7,1.1,2.8
Kepler-1588,5817.0,0.99,0.96,4.43
Kepler-226,5571.0,0.802,0.904,4.586
Kepler-11,5663.0,1.065,0.961,4.366
NGTS-14 A,5187.0,0.842,0.898,4.2
K2-131,5120.0,0.7595,0.803,4.61
Kepler-937,6095.0,1.22,1.15,4.32
Kepler-218,5542.0,1.02,1.01,4.42
Kepler-487,5444.0,0.88,0.91,4.51
TOI-6054,6047.0,1.662,1.107,4.1
HD 97658,5212.0,0.728,0.85,4.64
Kepler-135,6090.0,1.275,1.047,4.271
Kepler-501,5904.0,1.04,1.03,4.42
HD 208487,6134.0,1.16,1.15,4.34
DMPP-8,6009.0,1.24,0.99,4.32111
HAT-P-25,5519.0,0.919,1.012,4.516
Kepler-1416,6019.0,1.15,1.09,4.35
Kepler-100,5825.0,1.49,1.08,4.125
TOI-892,6261.0,1.39,1.28,4.26
Kepler-1466,5884.0,1.02,1.01,4.43
HD 221287,6304.0,1.13864,1.25,4.43
K2-124,3570.0,0.388,0.39,4.858
TOI-1203,5737.0,1.179,0.886,4.34
HD 145934,4823.75,6.930587,2.058,3.011205
Kepler-566,5132.0,0.79,0.83,4.57
Kepler-648,5741.0,0.98,1.05,4.48
TOI-5800,4850.0,0.773,0.778,4.56
Kepler-1224,6155.0,1.22,1.18,4.34
TOI-1739,4814.0,0.781,0.78,4.584
TIC 88785435,3998.0,0.911,0.724,4.19
Kepler-770,5598.0,0.92,0.94,4.49
Kepler-1946,5505.0,0.873,0.887,4.503
TOI-4507,6260.0,1.04,1.11,4.45
TOI-3540 A,5810.0,1.228,1.081,4.293
TOI-2803 A,6280.0,1.245,1.118,4.298
Kepler-274,6023.0,1.007,0.883,4.44
TOI-262,5310.0,0.853,0.913,4.54
Kepler-1884,5984.0,0.906,0.993,4.521
TOI-2420,5707.0,2.369,1.158,3.76
Wolf 1061,3342.0,0.307,0.294,4.90218
Kepler-1964,4803.0,0.698,0.752,4.623
Kepler-1072,6199.0,1.32,1.2,4.27
Kepler-1462,5756.0,1.0,1.0,4.45
HATS-25,5715.0,1.107,0.994,4.347
HAT-P-50,6280.0,1.698,1.273,4.072
K2-233,4796.0,0.71,0.79,4.53
Kepler-351,5225.0,0.78,0.81,4.58
TOI-4465,5545.0,1.014,0.93,4.379
Kepler-1542,5564.0,0.99,0.94,4.41
Kepler-789,5870.0,1.02,1.01,4.42
Kepler-328,6064.0,1.06,1.15,4.44
Kepler-311,5903.0,1.156,0.974,4.3
Kepler-285,5411.0,0.808,0.915,4.584
Kepler-1073,5509.0,1.116,0.924,4.308
Kepler-804,5817.0,1.05,1.01,4.4
Kepler-55,4503.0,0.619,0.631,4.684
WASP-149,5750.0,1.08,1.05,4.4
K2-279,5558.0,0.86,0.79,4.46
TOI-2274,3943.0,0.631,0.612,4.5
Kepler-173,6031.0,0.949,1.067,4.404
Kepler-1937,6457.0,1.196,1.19,4.358
Kepler-335,5877.0,1.854,1.367,4.017
TOI-880,5050.0,0.83,0.87,4.53
Kepler-1393,5697.0,0.92,0.95,4.5
Kepler-1035,5763.0,0.97,0.98,4.45
HD 109286,5694.0,1.089,0.98,4.44
Kepler-1895,5076.0,0.763,0.86,4.598
TOI-2049,6164.0,3.2,1.57,3.669
Kepler-761,5706.0,0.93,0.95,4.48
Kepler-1985,5370.0,0.966,0.877,4.411
Kepler-1607,6116.0,1.21,1.14,4.33
Kepler-1464,5828.0,1.01,1.02,4.44
Kepler-1898,5702.0,1.125,0.837,4.258
Kepler-1801,5738.0,0.981,0.936,4.426
Kepler-1274,6179.0,2.17,1.45,3.93
GJ 674,3600.0,0.36463,0.35,4.85978
K2-73,5867.0,1.058,1.02,4.39
Kepler-428,5150.0,0.8,0.87,4.571
HIP 10090,5661.0,1.38268,0.94,4.1434
Kepler-1729,3837.0,0.517,0.544,4.747
K2-31,5280.0,0.78,0.91,4.6
Kepler-147,6012.0,1.468,1.145,4.182
Kepler-1619,5852.0,1.0,1.0,4.44
GJ 1265,3236.0,0.192,0.178,5.09
K2-133,3655.0,0.455,0.461,4.77
HATS-47,4512.0,0.6564,0.674,4.633
HD 1502,4947.0,4.67,1.46,3.18
G 9-40,3395.0,0.3026,0.2952,4.84
Kepler-604,5890.0,1.03,1.02,4.42
Kepler-220,4632.0,0.666,0.729,4.652
HD 191939,5348.0,0.94,0.81,4.3
Kepler-54,3705.0,0.5,0.51,4.75
TOI-1107,6311.0,1.81,1.35,4.05
TOI-6330,3539.0,0.49,0.531,4.77
Kepler-111,5914.0,1.145,1.118,4.369
GJ 3293,3466.0,0.404,0.42,4.78125
HIP 109384,5180.0,0.831075,0.78,4.43
Kepler-890,5954.0,1.13,1.09,4.37
HD 212771,5003.0,5.27,1.56,3.31
Kepler-591,5677.0,0.94,0.97,4.48
Kepler-65,6220.0,1.437,1.248,4.232
Kepler-1471,5533.0,1.166,0.934,4.275
HD 147018,5441.0,0.937948,0.927,4.42
Kepler-1695,5473.19,0.987155,0.96,4.43157
Kepler-1728,5170.0,0.807,0.891,4.574
Kepler-32,3900.0,0.53,0.58,4.64
nu Oph,4887.0,12.24,2.61,2.64
KELT-2 A,6327.0,1.93,1.54,4.5
TOI-1751,5970.0,1.3137,0.9382,4.171
TOI-1273,5690.0,1.06,1.06,4.37
Kepler-1370,6202.0,1.29,1.19,4.29
KOI-1599,5833.0,0.972,1.02,4.472
Kepler-510,5746.0,1.41,0.91,4.09
HD 81817,4140.0,83.8,4.3,1.3
GJ 433,3461.0,0.5,0.48,4.81
TOI-4487 A,6206.0,1.634,1.378,4.15
TOI-2981,5940.0,1.08,1.03,4.28
Kepler-145,6022.0,1.85,1.32,4.02
HIP 79431,3191.0,0.478625,0.49,4.75617
GJ 3512,3141.0,0.139,0.123,5.1582
HAT-P-56,6566.0,1.47,1.42,3.39
GJ 163,3500.0,0.409738,0.4,4.81775
HD 8574,6064.0,1.38,1.34,4.28
K2-138,5356.3,0.863,0.935,4.54
Kepler-1317,5144.0,0.79,0.83,4.57
HD 50554,5987.0,1.02,1.04,4.333282
CoRoT-20,5880.0,1.02,1.14,4.35
Kepler-1477,5100.0,0.78,0.81,4.58
WASP-168,6000.0,1.12,1.08,4.37
Kepler-1199,5889.0,1.17,0.94,4.27
HATS-71,3405.0,0.4783,0.4861,4.7653
Kepler-935,4830.0,0.73,0.78,4.61
KELT-6,6102.0,1.73,1.42,4.07
K2-72,3360.47,0.330989,0.271365,5.048
Kepler-15,5515.0,0.992,1.018,4.46
HD 134606,5576.0,1.158,1.046,4.33
WASP-114,5940.0,1.43,1.289,4.3
Kepler-1945,4991.0,0.804,0.767,4.513
TOI-6002,3229.0,0.2432,0.2101,4.989
Kepler-192,5479.0,1.007,1.028,4.428
K2-46,6256.0,1.29,0.96,4.198
Kepler-1777,5771.0,1.068,0.984,4.374
Kepler-1360,6778.0,1.83,1.51,4.09
Kepler-746,5418.0,0.93,0.91,4.46
Kepler-270,6067.0,1.461,1.17,4.196
Kepler-1668,5542.0,1.01738,0.98,4.41433
Kepler-319,5526.0,0.903,0.933,4.487
K2-199,4491.0,0.682,0.711,4.64
TOI-1723,5777.0,1.09,1.04,4.38
Kepler-95,5699.0,1.41,1.08,4.171
Kepler-482,4871.0,0.72,0.75,4.6
Kepler-356,6133.0,1.335,1.163,4.256
Kepler-1065,5635.0,0.93,0.94,4.49
Kepler-2000,3757.0,0.576,0.581,4.681
Kepler-511,5770.0,1.2,1.0,4.28
Kepler-23,5828.0,1.548,1.078,4.09
HD 68402,5950.0,1.02,1.12,4.47
TrES-1,5230.0,0.85,1.04,4.57
Gliese 48,3450.0,0.463,0.47,4.76911
TOI-444,5225.0,0.779,0.96,4.64
Kepler-111,5952.0,1.157,1.171,4.377
Kepler-119,5595.0,0.839,0.918,4.567
TOI-2202,5169.0,0.808,0.841,4.548
Wendelstein-2,4591.0,0.66,0.73,4.53128
HD 112300,3657.0,65.8,1.4,0.8
Kepler-753,4346.0,0.65,0.68,4.65
Kepler-399,5502.0,0.68,0.902,4.62
Kepler-466,5927.0,1.05,1.04,4.42
Kepler-593,5967.0,1.1,1.08,4.39
Kepler-793,5745.0,0.97,0.98,4.46
DMPP-7,5996.82,1.53949,1.09,4.17
Kepler-1967,4970.0,1.806,0.996,3.924
Kepler-1006,5328.0,0.74,0.78,4.59
KOI-351,6015.0,1.29,1.12,4.27
HD 194490,5861.32,1.14911,1.06,4.34265
Kepler-625,5789.0,0.96,1.04,4.49
Kepler-130,5879.0,1.17,1.0,4.29
Kepler-307,5367.0,0.814,0.907,4.46
Kepler-393,6189.0,1.382,1.256,4.233
Kepler-613,5723.0,0.96,0.98,4.47
HD 23472,4684.0,0.71,0.67,4.53
Kepler-1903,6347.0,0.996,1.053,4.464
HR 810,6167.0,1.13,1.34,4.46
K2-68,4746.0,0.675,0.73,4.632
Kepler-250,5160.0,0.805,0.806,4.565
Kepler-695,5181.0,0.8,0.84,4.57
K2-84,5652.0,0.93,0.95,4.481
Kepler-1052,5818.0,0.848,0.937,4.554
K2-138,5356.3,0.863,0.935,4.54
HD 62364,6255.0,1.401,1.157,4.14
HD 128311,4965.0,0.76,0.828,4.61
Kepler-20,5495.0,0.9164,0.929,4.446
CoRoT-4,6190.0,1.17,1.16,4.41
Kepler-53,6085.0,0.958,0.966,4.498
NGTS-20,5980.0,1.78,1.47,3.8
Kepler-58,6100.0,1.083,1.017,4.376
Kepler-1622,6436.0,1.5,1.31,4.2
Kepler-1634,5474.0,0.89,0.92,4.51
Kepler-294,5913.0,0.976,0.947,4.491
GJ 581,3500.0,0.302,0.295,4.97
TOI-2427,4072.0,0.65,0.64,4.62
Kepler-1853,4821.0,0.788,0.765,4.529
Kepler-445,3157.0,0.21,0.18,4.92504
Kepler-937,6095.0,1.22,1.15,4.32
Kepler-1701,5146.0,0.840217,0.87,4.5288
Kepler-312,6115.0,1.467,1.314,4.191
Kepler-200,5678.0,0.944,0.972,4.454
TOI-1777,5859.0,0.98,1.06,4.4776
HD 47186,5657.0,1.08,0.96,4.36
Kepler-1024,5143.0,0.78,0.81,4.57
HD 285968,3703.49,0.478214,0.5,4.74889
HD 134606,5576.0,1.158,1.046,4.33
Kepler-1835,5903.0,0.961,0.922,4.437
WASP-162,5300.0,1.11,0.95,4.33
HD 108874,5551.0,1.05,0.95,4.44
TIC 172900988 Aa,6050.0,1.3842,1.2384,4.2485
Kepler-1050,6010.0,1.13,1.09,4.37
HD 93351,5408.0,0.911435,0.94,4.49174
HD 28471,5766.0,1.08,0.98,4.38
Kepler-1545,5201.0,0.8,0.84,4.57
Kepler-1811,5561.0,1.19,0.946,4.263
Kepler-1774,6214.0,1.122,1.101,4.382
Kepler-771,5906.0,1.05,1.03,4.42
KOBE-1,4135.0,0.619,0.629,5.07
Kepler-1196,5756.0,0.97,0.98,4.46
Kepler-1277,5578.0,0.92,0.94,4.49
CoRoT-3,6740.0,1.56,1.37,4.22
Kepler-333,4259.0,0.534,0.601,4.732
Kepler-562,5575.0,0.9,0.93,4.5
Kepler-1671,5135.55,0.929771,0.866,4.43883
HIP 34222,4050.0,0.6186,0.62,4.65459
Kepler-206,5764.0,1.185,0.957,4.311
Kepler-1852,5237.0,0.826,0.927,4.572
BD+37 3172,4500.0,50.24,3.75,1.5
Kepler-881,5961.0,1.09,1.06,4.39
Kepler-185,5208.0,0.806,0.763,4.545
Kepler-422,5972.0,1.24,1.15,4.31
Kepler-1294,5776.0,0.97,0.99,4.46
HD 153557,4837.0,0.745171,0.79,4.59118
Kepler-324,5194.0,0.84,0.901,4.53
Gl 725 A,3433.0,0.351,0.33,4.87
Kepler-1379,5188.0,0.79,0.83,4.57
Kepler-1122,5544.0,0.89,0.92,4.51
Kepler-1826,3821.0,0.486,0.49,4.755
Kepler-913,6068.0,1.797,1.294,4.04
HD 134606,5576.0,1.158,1.046,4.33
Kepler-1847,6122.0,0.964,1.041,4.487
Kepler-770,5598.0,0.92,0.94,4.49
HATS-5,5304.0,0.871,0.936,4.53
Kepler-46,5155.0,0.938,0.902,4.447
HD 10180,5911.0,1.109,1.06,4.39
Kepler-1027,5436.0,0.82,0.91,4.57
Kepler-276,5693.0,1.03,1.1,4.46
HIP 75092,4891.0,4.53,1.28,3.09
Kepler-828,5039.0,0.77,0.81,4.58
Kepler-1145,5064.0,0.75,0.79,4.59
HD 181433,4918.0,0.79,0.86,4.45
HIP 107773,4945.0,11.6,2.42,2.6
WASP-50,5400.0,0.843,0.892,4.54
HD 145457,4757.0,9.9,1.9,2.77
Kepler-1925,5856.0,1.092,1.057,4.386
XO-7,6250.0,1.48,1.405,4.246
K2-101,4927.0,0.76,0.82,4.59
HN Lib,3347.0,0.299,0.291,4.76
ups And,6156.77,1.56,1.3,4.125176
Kepler-1620,6157.0,1.23,1.15,4.31
Kepler-1157,4679.0,0.71,0.76,4.62
Kepler-249,3568.0,0.482,0.510238,4.777
Kepler-1610,5383.0,0.87,0.91,4.52
Kepler-1245,5306.0,0.83,0.86,4.55
Kepler-1746,6018.0,1.286,1.09,4.257
Kepler-297,5618.0,0.897,0.846,4.46
HD 2638,5186.0,0.94,0.77,4.38
BD-13 2130,4545.0,19.17,2.12,2.2
HD 19615,4263.0,32.3,1.1,1.4
Kepler-305,5080.0,0.8,0.76,4.51
HD 77338,5341.0,0.97,1.37,4.6
TOI-4603,6264.0,2.738,1.765,3.81
Kepler-209,5513.0,0.935,0.971,4.472
Kepler-826,6079.0,1.15,1.05,4.34
HD 66428,5716.0,1.13,1.01,4.33
Kepler-17,5781.0,1.01034,1.04,4.44616
HD 163607,5522.0,1.76,1.12,3.97
TOI-132,5397.0,0.9,0.97,4.48
Kepler-1696,5712.0,1.19811,1.02,4.28968
Kepler-1401,5964.0,1.1,1.07,4.39
Kepler-1996,4580.0,0.675,0.748,4.641
Kepler-928,4700.0,0.7,0.73,4.62
HIP 107772,4006.0,0.513922,0.63,4.73476
Kepler-153,5404.0,0.892,0.756,4.446
HD 73256,5570.0,0.944723,1.0,4.47423
HD 149143,5856.0,1.44,1.2,4.25
Kepler-48,5194.0,0.89,0.88,4.487
WASP-48,5920.0,1.58,0.88,4.03
Kepler-18,5345.0,1.108,0.972,4.31
TOI-4443,5834.0,1.01733,1.049133,4.44433
TOI-3856,5622.0,1.055,1.096,4.431
Kepler-106,5858.0,1.04,1.0,4.407
Kepler-957,4963.0,0.75,0.81,4.6
Kepler-309,4713.0,0.721,0.816,4.612
TOI-5734,4750.0,0.639,0.724,4.66
Kepler-1740,5705.0,0.905,0.943,4.499
Kepler-176,5232.0,0.891,0.86,4.474
TOI-1695,3690.0,0.515,0.513,4.725
HATS-24,6125.0,1.12,1.07,4.37
K2-150,3499.0,0.436,0.457,4.822
HD 20868,4802.0,0.76,0.39,4.26
Kepler-1829,5230.0,0.777,0.873,4.594
HD 37124,5698.64,0.949168,0.85,4.391203
HD 67087,6330.0,1.55,1.36,4.19
Kepler-277,5946.0,1.69,1.12,4.03
K2-116,4348.35,0.6694,0.694512,4.64
Kepler-1350,3827.0,0.53,0.55,4.74
Kepler-995,5206.0,0.8,0.83,4.57
CFHTWIR-Oph 98 A,2320.0,0.245,0.0147,3.845
Kepler-1174,5936.0,1.04,1.04,4.42
KOI-3503,6001.0,1.255,0.858,4.547
Kepler-269,5847.0,0.959,0.92,4.5
TOI-6054,6047.0,1.662,1.107,4.1
TOI-5788,5615.0,0.87,0.87,4.42
Kepler-1719,5687.0,1.775,1.08,3.973
Kepler-122,6050.0,1.216,0.982,4.299
Kepler-607,5196.0,0.8,0.84,4.56
Kepler-1981,5874.0,3.006,1.519,3.664
Kepler-430,5884.0,1.485,1.166,4.15
Kepler-1229,3784.0,0.51,0.54,4.75
HD 37605,5329.0,0.91,0.94,4.511
TOI-1431,7690.0,1.92,1.9,4.15
Kepler-1266,4996.0,0.831,0.791,4.497
TOI-7009,4080.0,0.564,0.583,4.63
Kepler-32,3900.0,0.53,0.58,4.64
Kepler-1555,5866.0,1.06,1.04,4.4
Kepler-1725,6020.0,1.085,1.049,4.389
Kepler-155,4508.0,0.62,0.635,4.684
HD 38529,5697.0,2.857838,0.98,3.709333
TOI-6716,3110.0,0.231,0.223,5.06
Kepler-163,5776.0,0.917,0.882,4.524
Kepler-52,4075.0,0.52,0.54,4.74
Kepler-439,5431.0,0.866,0.884,4.514
Kepler-1491,5626.0,1.389,0.991,4.149
WASP-194,6405.0,1.409,1.29,4.27
Kepler-1758,5557.0,1.616,1.035,4.037
Kepler-1158,6203.0,1.95,1.41,4.01
Kepler-311,5905.0,1.188,0.994,4.308
Kepler-1956,4391.0,0.682,0.671,4.598
Kepler-402,6090.0,1.264,1.072,4.278
Kepler-565,5735.0,0.95,0.98,4.47
Kepler-750,6160.0,1.23,1.15,4.32
TOI-1272,4985.0,0.8,0.828,4.551
Kepler-238,5800.0,0.96,1.06,4.49
Kepler-1255,6018.0,1.12,1.08,4.37
Kepler-352,5212.0,0.781,0.798,4.566
Kepler-1742,5776.0,0.849,0.939,4.554
Kepler-127,6106.0,1.359,1.248,4.265
HIP 111909,4891.0,4.53,1.28,3.09
Kepler-568,3768.0,0.53,0.55,4.73
Kepler-1611,5605.0,0.93,0.94,4.49
Kepler-1923,5881.0,1.294,1.109,4.259
HD 63765,5449.0,0.83,0.65,4.41
Kepler-896,5262.0,0.81,0.84,4.56
Kepler-1208,5001.0,0.76,0.8,4.59
Kepler-499,5312.0,0.83,0.87,4.55
HD 62549,5930.46,1.23227,1.08,4.29008
Kepler-155,4508.0,0.62,0.635,4.684
HD 111591,4884.0,8.03,1.94,3.1
Kepler-45,3820.0,0.55,0.59,4.7
Kepler-406,5538.0,1.07,1.07,4.409
ups And,6156.77,1.56,1.3,4.125176
Kepler-93,5669.0,0.919,0.911,4.47
TOI-3464,6370.0,1.56,1.363,4.185
K2-5,3930.0,0.57,0.61,4.71
Kepler-596,6267.0,1.32,1.21,4.27
Kepler-1757,5288.0,0.74,0.828,4.613
K2-174,4455.0,0.676,0.7,4.625
TOI-2267 A,3030.0,0.2075,0.171,4.99
TOI-756,3657.0,0.505,0.505,4.735
K2-274,5044.0,0.7,0.79,4.64
Kepler-415,4362.0,0.643,0.67,4.62
Kepler-1686,5714.96,1.19951,1.02,4.28866
Kepler-85,5505.2,0.875,0.928,4.51
TOI-3593,5550.0,0.918,1.015,4.519
Kepler-263,5265.0,0.785,0.793,4.576
K2-324,3752.0,0.505,0.517,4.743
Kepler-403,6209.0,1.45,1.25,4.21
TOI-954,5710.0,1.892,1.201,3.962
HD 213519,5840.0,1.08287,1.05,4.39011
Kepler-725,5395.0,0.88,0.95,4.54
Kepler-378,4661.0,0.671,0.78,4.647
Kepler-82,5428.0,0.945,0.946,4.466
TOI-1752,3762.0,0.53,0.524,4.71
K2-317,3387.0,0.379,0.403,4.885
Kepler-1375,6704.0,1.78,1.47,4.11
WASP-29,4800.0,0.79,0.77,4.5
Kepler-1476,5663.0,0.96,0.98,4.47
Kepler-883,6116.0,1.09,1.06,4.4
TOI-1820,5734.0,1.51,1.04,4.24
Kepler-1220,5842.0,0.99,1.0,4.45
Kepler-1284,5123.0,0.79,0.84,4.57
HD 4760,4076.0,42.4,1.05,1.62
HD 10180,5911.0,1.109,1.06,4.39
Kepler-1425,5718.0,0.95,0.97,4.47
TOI-2497,7360.0,2.36,1.859,3.962
HD 240210,4297.0,25.456816,0.82,2.31
TOI-3362,6532.0,1.83,1.445,4.072
Kepler-146,5948.0,1.208,1.079,4.312
HIP 113103,4930.0,0.742,0.761,4.6
WASP-32,6140.0,0.95,0.72,4.4
Kepler-192,5487.0,0.94,0.94,4.46
Kepler-1488,5820.0,1.31,1.05,4.22
BD+14 4559,4864.0,0.86,0.49,4.26
TOI-2977,5691.0,1.073,0.936,4.35
Kepler-1873,5151.0,0.792,0.903,4.592
Kepler-52,4263.0,0.556,0.577,4.729
K2-370,5662.0,0.945,0.962,4.48
Kepler-829,5698.0,0.97,0.98,4.46
TOI-469,5289.0,0.98,0.901,4.39
nu Oct A,4910.0,5.04,1.57,3.23
Kepler-196,5128.0,0.782,0.839,4.566
Kepler-131,5685.0,1.03,1.02,4.417
Kepler-179,5302.0,0.759,0.893,4.613
Kepler-1745,5611.0,1.4,0.995,4.144
Kepler-251,5526.0,0.89,0.891,4.486
Kepler-806,5770.0,1.16,0.99,4.3
HD 38529,5697.0,2.857838,0.98,3.709333
Kepler-200,5678.0,0.944,0.972,4.454
Kepler-1854,5026.0,0.759,0.8,4.58
WASP-158,6350.0,1.39,1.38,4.3
Kepler-438,3748.0,0.52,0.544,4.74
TIC 139270665,5844.0,1.016,1.035,4.439
HD 175541,5013.0,4.19,1.39,3.33
Kepler-1266,5044.0,0.76,0.8,4.59
Kepler-255,5573.0,0.933,0.867,4.516
Kepler-1423,4939.0,0.75,0.79,4.59
Kepler-1869,5808.0,0.902,0.987,4.522
Kepler-1831,6063.0,1.012,1.117,4.476
HD 219134,4699.0,0.778,0.81,4.567
TOI-6695,6400.0,1.517,1.338,4.202
Kepler-1797,6244.0,1.009,1.069,4.46
HIP 35173,4881.0,0.773404,0.79,4.51894
Kepler-1894,5772.0,0.901,0.999,4.528
Kepler-1223,4870.0,0.75,0.8,4.6
K2-7,5700.0,1.533,1.056,4.092
Kepler-307,5367.0,0.814,0.907,4.46
Kepler-755,5043.0,0.77,0.82,4.58
HAT-P-22,5302.0,1.11,1.13,4.36
Kepler-268,6081.0,1.274,1.109,4.287
Kepler-1775,5818.0,1.647,1.149,4.065
HAT-P-20,4595.0,0.694,0.756,4.63
Kepler-607,5244.0,0.888,0.808,4.449
Kepler-730,5620.0,1.411,1.047,4.162
Kepler-907,6106.0,1.38,1.08,4.19
Kepler-318,5746.0,1.189,1.073,4.325
Kepler-823,5643.0,0.96,0.98,4.47
HD 75302,5697.46,0.940904,1.06,4.4953
TOI-540,3216.0,0.1895,0.159,4.438
Kepler-225,3682.0,0.48,0.593,4.783
K2-13,5698.0,0.78,0.8,4.33
Kepler-647,5906.74,1.54571,1.07,4.08919
HD 24085,6034.0,1.412551,1.22,4.1967
EPIC 201595106,5679.0,0.98,0.958,4.435
Kepler-1513,5491.0,0.95,0.943,4.46
Kepler-314,5378.0,0.95,0.99,4.465
Kepler-1184,5983.0,1.07,1.05,4.41
TOI-1438,5230.0,0.82,0.876,4.5
HD 155193,6239.0,1.76439,1.221,4.26
Kepler-10,5708.0,1.065,0.91,4.344
TOI-6041,5445.0,0.879,0.885,4.498
HIP 97233,5020.0,5.34,1.81,3.26
HD 107148,5752.92,1.169193,1.105215,4.345025
Kepler-502,6125.0,1.22,1.15,4.33
Kepler-1871,5741.0,0.946,1.02,4.495
Kepler-1235,5541.0,0.9,0.93,4.5
Kepler-1625,5677.0,0.94,0.96,4.48
K2-158,5503.0,0.95,0.92,4.45
Kepler-302,5740.0,1.22,1.021,4.286
TOI-1669,5497.0,1.0561,0.9867,4.382
Kepler-69,5638.0,0.93,0.81,4.4
Kepler-120,4096.0,0.534,0.654,4.732
WASP-153,5914.0,1.73,1.336,4.1
Kepler-341,6012.0,1.024,0.976,4.437
Kepler-627,6424.0,1.49,1.3,4.21
TOI-778,6643.0,1.71,1.4,4.05
Kepler-737,3813.0,0.48,0.51,4.77
NGTS-13,5819.0,1.788,1.3,4.04
Kepler-1175,5453.0,0.86,0.9,4.53
HD 130322,5387.0,0.85,0.92,4.52
Gl 49,3805.0,0.511,0.515,4.69
TOI-2416,5808.0,1.236,1.118,4.303
TOI-3523 A,6450.0,1.448,1.131,4.171
Kepler-843,5830.0,1.03,1.02,4.42
Kepler-249,3568.0,0.482,0.510238,4.777
TYC 1422-614-1,4806.0,6.85,1.15,2.85
GJ 2056,4069.95,0.709495,0.62,4.48062
Kepler-1910,4234.0,0.639,0.636,4.63
Kepler-1655,6148.0,1.03,1.03,4.416
HD 191939,5348.0,0.94,0.81,4.3
K2-358,5650.0,0.91,0.93,4.49
Kepler-1237,5472.0,0.9,0.94,4.5
HAT-P-38,5330.0,0.923,0.886,4.45
K2-55,4300.0,0.715,0.688,4.566
HD 21693,5430.0,0.914378,0.8,4.37
TOI-7149,3363.0,0.351,0.344,4.88
Kepler-852,6100.0,1.16,1.19,4.38
K2-357,5794.0,1.0,0.98,4.43
TOI-3976 A,5975.0,1.501,1.254,4.183
Kepler-1357,5597.0,0.9,0.93,4.5
Kepler-132,6023.0,1.1,1.03,4.37
TOI-763,5450.0,0.897,0.917,4.45
HATS-14,5346.0,0.933,0.967,4.484
Kepler-1320,4817.0,0.74,0.8,4.6
Kepler-1807,6455.0,1.496,1.087,4.125
rho CrB,5817.0,1.3617,1.0,4.121
Kepler-1613,6005.0,1.12,1.08,4.37
HD 20794,5368.0,0.93,0.79,4.39
K2-277,5680.0,0.973,0.974,4.452
Kepler-1032,4647.0,0.71,0.77,4.62
TOI-5726,5874.0,1.106,1.06,4.37711
Wolf 327,3542.0,0.406,0.405,4.87
GJ 3378,3340.0,0.275,0.262,4.97
Kepler-294,5913.0,0.976,0.947,4.491
Kepler-21,6305.0,1.902,1.408,4.026
HD 161178,4786.0,10.95,1.06,2.38
Kepler-36,5979.0,1.634,1.034,4.1
ups And,6156.77,1.56,1.3,4.125176
Kepler-42,3068.0,0.17,0.13,5.11
TOI-6478,3230.0,0.234,0.23,5.016
Kepler-125,3810.0,0.512,0.542101,4.744
Kepler-1407,6010.0,1.15,1.1,4.36
TOI-1246,5151.0,0.86,0.87,4.4
HD 16760,5518.0,0.835,0.93,4.47
TOI-3837,5905.0,1.2,0.89,4.229
Kepler-1561,5957.0,1.11,1.07,4.38
Kepler-1338,5909.0,1.05,1.04,4.41
HD 143361,5507.0,0.916,0.968,4.472
WASP-59,4650.0,0.613,0.719,4.72
Kepler-1293,6241.0,1.28,1.18,4.29
Kepler-59,6074.0,0.94,1.04,4.51
Kepler-825,5976.0,1.08,1.03,4.39
KELT-14,5720.0,1.52,1.239,4.166
Kepler-339,5631.0,0.802,0.87,4.586
Kepler-1280,6227.0,1.32,1.2,4.28
Kepler-245,5100.0,0.795,0.856,4.56
Kepler-1481,4908.0,0.75,0.8,4.6
TOI-1266,3563.0,0.4232,0.437,4.826
Kepler-1838,5877.0,1.963,1.187,3.927
K2-75,5995.0,1.56,1.16,4.118
CoRoT-18,5440.0,1.0,0.95,4.4
HD 76920,4664.0,8.33,1.0,2.71
KOI-351,6080.0,1.2,1.2,4.4
Kepler-1414,4951.0,0.75,0.8,4.59
alf Tau,4055.0,45.1,1.13,1.2
Kepler-178,5676.0,1.066,0.852,4.334
Kepler-1731,4859.0,0.72,0.781,4.612
Kepler-710,5611.0,0.91,0.94,4.5
HD 219134,4913.0,0.77,0.794,4.51
K2-5,3930.0,0.57,0.61,4.71
Kepler-708,5692.0,0.96,0.97,4.47
HD 69123,4842.0,7.72,1.68,2.86
WASP-54,6100.0,1.76,1.08,4.0
Kepler-398,4493.0,0.613,0.649,4.689
Kepler-1018,5518.0,0.88,0.91,4.52
TOI-4734,6070.0,1.857,1.391,4.046
K2-250,5003.0,0.797,0.809,4.544
TOI-2842,5910.0,1.265,1.135,4.288
HD 105779,5792.0,0.94,0.89,4.36
Kepler-1181,6688.0,1.347,1.336,4.304
Kepler-31,6340.0,1.22,1.21,4.696
Kepler-633,5877.0,1.265,0.997,4.233
K2-320,3157.0,0.3,0.117,4.55
HD 114386,4895.0,0.76,0.8,4.28
Kepler-1523,5708.0,0.96,0.97,4.46
GJ 463,3563.0,0.483,0.486,4.86
Kepler-1606,5422.0,0.86,0.9,4.53
HD 33564,6250.0,1.4367,1.25,4.0
Kepler-30,5498.0,0.95,0.99,4.77
TOI-2886,6240.0,1.241,1.229,4.34
Kepler-1016,5821.0,1.0,0.99,4.44
HD 125612,5900.0,1.07,1.05,4.45
Kepler-1930,5083.0,0.844,0.844,4.512
Wolf 1061,3342.0,0.307,0.294,4.90218
Kepler-270,6067.0,1.461,1.17,4.196
Kepler-589,5296.0,0.83,0.88,4.55
Kepler-1082,5923.0,1.14,1.03,4.33
Kepler-431,6004.0,1.092,1.071,4.4
Kepler-11,5663.0,1.065,0.961,4.366
Kepler-1824,6002.0,1.081,1.135,4.424
WASP-170,5600.0,0.938,0.93,4.466
K2-74,6060.0,0.98,0.96,4.444
K2-239,3420.0,0.36,0.4,4.9
Kepler-544,6206.0,1.22,1.16,4.33
TOI-1246,5213.0,0.8649,0.8889,4.51
HD 39194,5205.0,0.783742,0.86,4.53
Kepler-1326,6725.0,1.74,1.45,4.12
HATS-9,5599.0,1.56,1.1,4.1
Kepler-1563,5765.0,0.99,1.0,4.45
Kepler-1721,5351.0,0.796,0.89,4.582
Kepler-256,5551.0,1.301,1.037,4.223
TOI-1184,4534.0,0.69,0.71,4.612
G 192-15,2999.0,0.170718,0.132,5.12283
HD 168746,5570.0,1.09,1.07,4.39
HD 20781,5256.0,0.833609,0.7,4.37
HATS-61,5542.0,1.664,1.076,4.028
Kepler-848,5695.0,1.2,1.01,4.28
HD 184010,4971.0,4.86,1.35,3.18
WASP-132,4686.0,0.758,0.789,4.56
HD 23472,4684.0,0.71,0.67,4.53
Kepler-1227,5747.0,0.95,0.97,4.47
Kepler-388,4498.0,0.586,0.635,4.69
HD 129445,5646.0,1.175816,0.99,4.28
WASP-141,5900.0,1.37,1.25,4.26
TrES-2,5850.0,1.12,1.36,4.43
HD 108863,4878.0,5.74,1.59,3.07
Kepler-1586,6681.0,1.75,1.45,4.12
HD 109749,5824.0,1.22,1.13,4.31
Kepler-1355,5352.0,0.83,0.88,4.55
TOI-2015,3297.0,0.3273,0.3041,5.04
Kepler-1747,5477.0,0.865,0.983,4.557
Kepler-411,4974.0,0.82,0.87,4.6
Kepler-909,6154.0,1.23,1.17,4.33
Kepler-169,4997.0,0.763,0.825,4.582
Kepler-1557,6099.0,1.17,1.11,4.34
Kepler-30,5498.0,0.95,0.99,4.77
HD 87816,4989.0,9.0,2.41,2.86
Kepler-1710,5650.0,0.899,0.932,4.5
Kepler-842,4848.0,0.73,0.78,4.6
Kepler-185,5208.0,0.806,0.763,4.545
HD 168009,5778.33,1.209505,0.986073,4.265027
Kepler-245,5100.0,0.795,0.856,4.56
Kepler-81,4385.0,0.59,0.64,4.7
HIP 105854,4780.0,10.305119,2.1,2.94
Kepler-1001,5376.0,0.836475,0.93,4.56164
Kepler-763,5166.0,0.8,0.84,4.57
Kepler-738,5327.0,0.82,0.86,4.55
EPIC 211945201,6069.0,1.39,1.17,4.22
TOI-2796,5764.0,1.069,1.063,4.4
HD 6860,3802.0,86.4,2.49,0.541
HD 86081,5939.0,1.46,1.21,4.18
Kepler-317,5497.0,0.941,0.865,4.493
HD 34445,5879.0,1.38,1.14,4.21
K2-37,5352.0,0.809,0.84,4.53
NGTS-31,5710.0,1.7,0.96,4.43
Kepler-1498,5256.0,0.81,0.86,4.56
HIP 18606,4860.0,4.83,1.21,3.1
Kepler-256,5551.0,1.301,1.037,4.223
Kepler-801,4435.0,0.63,0.67,4.66
TOI-2525,5096.0,0.785,0.849,4.58
KIC 3526061,4829.0,5.86,1.42,3.09
TOI-1248,5205.0,0.8686,0.9042,4.515
HD 23079,5994.0,1.08,1.16,4.37
HD 11964,5303.0,2.00971,0.91,3.79084
Kepler-219,5786.0,1.491,1.164,4.157
Kepler-962,5478.0,0.86,0.93,4.54
Kepler-1663,3844.0,0.62859,0.610816,4.62724
TIC 52059926,4505.0,0.72,0.73,4.62
Kepler-1998,5640.0,0.921,0.962,4.492
Kepler-921,5663.0,0.91,0.93,4.5
Kepler-1137,6807.0,1.84,1.5,4.08
HD 224538,6097.0,1.54,1.23,4.19
K2-63,6771.0,1.63,1.4,4.15
TOI-3364,5706.0,1.419,1.186,4.209
Kepler-569,5616.0,0.93,0.95,4.48
Kepler-1539,5176.0,0.8,0.84,4.57
HIP 4845,4010.0,0.603999,0.62,4.61513
Kepler-1482,5381.0,0.84,0.88,4.54
HATS-53,5644.0,1.101,0.964,4.34
TOI-5422,5820.0,1.474,1.066,4.135
Kepler-117,6150.0,1.606,1.129,4.102
Kepler-1676,5878.3,1.06066,1.07,4.471
LHS 1678,3490.0,0.329,0.345,4.89044
Kepler-289,5990.0,1.0,1.08,4.47
WASP-161,6400.0,1.712,1.39,4.111
Kepler-449,5649.18,1.467,1.02,4.091
Kepler-169,4997.0,0.763,0.825,4.582
HD 86950,4805.0,8.8,1.66,2.66
HD 127506,4595.32,0.735766,0.73,4.56791
TOI-1347,5464.0,0.83,0.913,4.64
Kepler-54,3705.0,0.5,0.51,4.75
Kepler-1150,4754.0,0.72,0.76,4.61
Kepler-390,5166.0,0.776,0.787,4.569
Kepler-1092,5862.0,1.0,0.99,4.44
Kepler-259,5938.0,0.898,0.867,4.532
Kepler-1765,5692.0,1.064,0.946,4.36
Kepler-138,3841.0,0.535,0.535,4.71
HD 219415,4820.0,2.9,1.0,3.51
K2-285,4975.0,0.787,0.83,4.4
HD 140901,5610.0,0.95,1.06,4.46
Kepler-1536,4434.0,0.67,0.71,4.64
TOI-1824,5165.0,0.8123,0.8801,4.562
Kepler-509,6060.0,1.2,1.1,4.32
Kepler-431,6004.0,1.092,1.071,4.4
GJ 649,3734.0,0.5,0.51,4.76
DMPP-4,6400.0,1.38,1.25,4.24
Kepler-184,5788.0,0.873,0.872,4.51
Kepler-813,5743.0,0.93,0.95,4.48
Kepler-1140,4850.0,0.73,0.76,4.61
TOI-1799,5690.0,0.957,1.01,4.45
K2-65,5213.0,0.84,0.87,4.533
Kepler-104,5711.0,1.349,0.818,4.105
K2-72,3360.47,0.330989,0.271365,5.048
Kepler-11,5663.0,1.065,0.961,4.366
HD 148164,6032.0,1.34,1.21,4.1581
TOI-1269,5554.02,0.848906,0.9027,4.5315
Kepler-402,6090.0,1.264,1.072,4.278
K2-184,5245.0,0.75,0.84,4.62
Kepler-372,6509.0,1.137,1.202,4.405
HD 25723,4766.0,13.76,2.12,2.5
Kepler-1499,5097.0,0.78,0.82,4.58
HD 187123,5790.0,1.15043,1.04,4.33338
Kepler-1073,5792.0,1.0,1.0,4.44
HD 1666,6317.0,1.93,1.5,4.06
OGLE-TR-10,5950.0,1.17,1.14,4.358
Kepler-436,4651.0,0.697,0.729,4.619
Kepler-84,6039.0,1.43,1.0,4.13
8 UMi,4847.0,10.73,1.51,2.57
Kepler-1093,6166.0,1.2,1.13,4.33
KOI-351,6080.0,1.2,1.2,4.4
Kepler-778,5102.0,0.77,0.81,4.58
HIP 56998,4675.0,0.63,0.653,4.654
TOI-1883,3554.0,0.506,0.495,4.719
Kepler-1522,5706.0,0.93,0.96,4.49
Kepler-1245,5306.0,0.83,0.86,4.55
HD 159868,5534.0,2.13,1.19,3.92
K2-220,5612.0,1.026,0.91,4.45
Kepler-154,5769.0,0.98,0.98,4.45
Kepler-1938,4522.0,0.655,0.646,4.615
TOI-2322,4664.0,0.662,0.703,4.57
WASP-53,4953.0,0.798,0.839,4.553
WASP-68,5910.0,1.79,1.49,4.17
Kepler-658,4103.0,0.6,0.63,4.68
HD 76700,5644.0,1.37,0.99,4.16
Kepler-227,5854.0,1.091,0.954,4.401
Kepler-260,5250.0,0.862,1.013,4.494
Kepler-1089,3753.0,0.49,0.52,4.76
HD 235088,5075.0,0.772,0.849,4.55
NGTS-34,6134.0,1.367,1.266,4.22
K2-138,5356.3,0.863,0.935,4.54
TOI-1683,4402.0,0.7,0.694661,4.59
Kepler-18,5345.0,1.108,0.972,4.31
Kepler-831,5732.0,0.97,0.99,4.46
Kepler-221,5243.0,0.821,0.854,4.543
K2-257,3725.0,0.5,0.52,4.76
Kepler-27,5251.0,0.817,0.926,4.581
BD+55 362,5012.0,0.896193,0.909,4.09
Kepler-412,5750.0,1.287,1.167,4.3
TOI-2158,5673.0,1.41,1.12,4.19
Kepler-651,5522.0,0.87,0.92,4.53
HD 151450,6091.98,1.17184,1.14,4.35724
HD 134987,5736.0,1.22,1.1,4.31
CoRoT-8,5080.0,0.77,0.88,4.58
K2-411,5711.0,1.375,1.018,4.1693
Kepler-1381,5747.0,0.94,0.96,4.48
Kepler-1325,5550.0,0.91,0.93,4.5
COCONUTS-2 A,3552.0,0.366,0.4,4.91
Kepler-703,6185.0,1.27,1.18,4.29
Kepler-616,5753.0,0.97,0.98,4.46
TOI-1533,5146.0,0.849,0.88,4.5
TOI-1408,6117.0,1.53,1.312,4.1
HIP 91258,5519.0,0.89,0.97,4.53
CD Cet,3130.0,0.175,0.161,4.93
Kepler-1322,5488.0,0.87,0.9,4.52
HAT-P-16,6140.0,1.158,1.218,4.396
Kepler-1999,4406.0,0.628,0.632,4.643
Kepler-1285,6170.0,1.28,1.2,4.3
TOI-3688 A,5950.0,1.302,1.199,4.288
HD 5278,6203.0,1.194,1.126,4.5
Kepler-1592,6213.0,1.28,1.18,4.29
HD 12484,5920.0,1.001848,1.01,4.65
Kepler-1003,6109.0,1.17,1.11,4.35
Kepler-213,5696.0,1.195,1.07,4.31
Kepler-305,5080.0,0.8,0.76,4.51
GJ 536,3641.0,0.529,0.528,4.713
Kepler-361,6169.0,1.343,1.191,4.254
Kepler-1778,6310.0,1.095,1.143,4.417
Kepler-1005,5782.0,1.06,1.0,4.38
Kepler-346,6033.0,1.021,0.943,4.464
Kepler-421,5308.0,0.757,0.794,4.61
Kepler-688,5715.0,0.96,0.98,4.47
Kepler-123,6089.0,1.264,1.079,4.277
Kepler-614,5268.0,0.81,0.85,4.55
Kepler-1079,5758.0,1.36,1.08,4.21
Kepler-211,5123.0,0.816,0.867,4.547
Kepler-870,5857.0,1.02,1.01,4.43
Kepler-257,5180.0,1.037,0.916,4.36
Kepler-1724,6092.0,0.943,1.016,4.496
TOI-5398,6000.0,1.051,1.146,4.44
TOI-640,6460.0,2.082,1.536,3.987
Kepler-187,6105.0,1.287,1.081,4.274
HIP 66074,4300.0,0.69,0.705,4.58
HD 147018,5441.0,0.937948,0.927,4.42
HD 160691,5773.0,1.33,1.13,4.2
HD 216520,5103.0,0.76,0.82,4.54
Kepler-573,5746.0,1.02,0.99,4.41
Kepler-975,4897.0,0.75,0.8,4.59
Kepler-520,6112.0,1.09,1.1,4.41
Kepler-476,5837.0,1.09,1.03,4.38
Kepler-1073,5792.0,1.0,1.0,4.44
Kepler-684,5493.0,0.86,0.89,4.53
Kepler-351,5643.0,0.854,0.81,4.556
Kepler-1295,5486.0,0.89,0.92,4.51
HATS-54,5621.0,1.23,1.05,4.2
WASP-159,6120.0,2.11,1.41,3.94
K2-26,3785.0,0.52,0.56,4.72407
TIC 9344899,5800.0,1.06,0.98,4.39
Kepler-118,5274.0,1.094,0.811,4.321
BD-210397,4051.0,0.747,0.679,4.67
LHS 1903,3664.0,0.539,0.538,4.75
CoRoT-24,4950.0,0.86,0.91,4.55
HIP 948,4497.0,0.688488,0.71,4.61353
Kepler-1062,4597.0,0.7,0.75,4.62
K2-167,6310.0,1.499,1.084,4.122
Kepler-495,5346.0,0.83,0.86,4.55
Kepler-1151,5470.0,0.85,0.88,4.53
Kepler-574,5612.0,0.91,0.95,4.5
TOI-3819,5859.0,1.538,1.242,4.156
Kepler-1162,5390.0,0.84,0.89,4.54
GJ 414 A,4120.0,0.68,0.65,4.65
Kepler-401,6117.0,1.333,1.173,4.254
Kepler-37,5288.0,0.772,0.8,4.5667
HD 28185,5602.0,1.048,0.974,4.386
HD 10180,5911.0,1.109,1.06,4.39
HAT-P-19,4962.0,0.773,0.807,4.5687
TOI-1634,3550.0,0.45,0.502,4.833
HD 19994,6188.0,1.79647,1.365,4.29
Kepler-82,5401.0,0.898,0.91,4.49
Kepler-446,3359.0,0.24,0.22,5.03245
KOI-1257,5520.0,1.13,0.99,4.32
Kepler-138,3841.0,0.535,0.535,4.71
TOI-5789,5185.0,0.833,0.821,4.511
HD 222582,5790.0,1.13,1.12,4.38
Kepler-1650,3410.0,0.334,0.326,4.85873
Kepler-210,4559.0,0.65,0.77,4.663
TOI-1269,5499.0,0.8521,0.9027,4.531
Kepler-1551,6136.0,1.22,1.14,4.32
K2-159,5425.0,0.83,0.9,4.56
Kepler-1352,6118.0,1.16,1.11,4.35
TOI-2236,6248.0,1.573,1.343,4.172
HD 132563,6289.0,1.29577,1.231,4.30327
Kepler-1439,3578.0,0.43,0.46,4.83
Kepler-1202,5834.0,1.04,1.03,4.42
HIP 113103,4930.0,0.742,0.761,4.6
HAT-P-44,5295.0,0.949,0.942,4.46
K2-149,3745.0,0.568,0.595,4.707
Kepler-139,5622.0,1.045,1.078,4.34518
Kepler-1474,5870.0,1.04,1.04,4.42
HD 14067,4815.0,12.4,2.4,2.61
Kepler-128,6072.0,1.659,1.184,4.07
Kepler-1639,6150.0,1.18,1.12,4.34
TOI-2580,6120.0,1.81,1.33,4.15
Kepler-1000,6453.0,1.51,1.4,4.23
HAT-P-7,6389.0,2.0,1.56,4.07
Kepler-33,5904.0,1.82,1.291,4.027
TOI-2084,3551.0,0.475,0.453,4.75
Kepler-1602,6296.0,1.36,1.22,4.25
K2-222,5942.0,1.072,0.94,4.35
K2-72,3360.47,0.330989,0.271365,5.048
HD 25171,6125.0,1.23,1.076,4.263
K2-195,5713.0,0.99,0.94,4.42
TOI-2458,6005.0,1.31,1.05,4.2
K2-146,3385.0,0.33,0.331,4.8983
Kepler-644,6747.0,1.81,1.49,4.09
Kepler-120,4096.0,0.534,0.654,4.732
TIC 365102760,4900.0,3.13,1.17,3.52
Kepler-1153,5470.0,0.88,0.91,4.52
Kepler-1738,6063.0,1.001,1.079,4.47
WASP-7,6400.0,1.432,1.276,4.232
K2-283,5060.0,0.82,0.89,4.56
Kepler-226,5571.0,0.802,0.904,4.586
Kepler-327,3799.0,0.492,0.591913,4.758
TOI-1347,5464.0,0.83,0.913,4.64
HD 10975,4840.0,11.16,1.41,2.48
Kepler-109,5950.0,1.387,1.094,4.21
K2-28,3214.0,0.288,0.257,4.93
K2-6,5850.0,0.96,0.97,4.398
Kepler-952,5730.0,0.99,1.0,4.45
WASP-26,6034.0,1.22,0.86,4.44
Kepler-334,5828.0,1.068,1.022,4.385
Kepler-194,6089.0,1.025,0.94,4.415
Kepler-272,5297.0,0.929,0.91,4.426
WASP-87,6450.0,1.627,1.204,4.32
Kepler-92,5904.34,1.81719,1.07,3.94865
Kepler-945,5718.0,0.97,0.97,4.46
K2-90,4484.0,0.619,0.629,4.653
GJ 1061,2953.0,0.156,0.12,5.15856
Kepler-102,4909.0,0.724,0.803,4.6
Kepler-1764,6461.0,1.131,1.162,4.396
Kepler-634,6075.0,1.24,1.03,4.26
EPIC 211822797,4057.0,0.58,0.62,4.7
Kepler-681,5021.0,0.76,0.8,4.58
Kepler-68,5847.0,1.2564,1.057,4.281
Kepler-53,5858.0,0.89,0.98,4.53
Kepler-1652,3638.0,0.382,0.404,4.878
Kepler-352,5212.0,0.781,0.798,4.566
HD 18742,4940.0,5.13,1.36,3.09
KOI-7368,5241.0,0.874,0.879,4.499
K2-50,4326.0,0.634,0.611,4.742
TOI-2088,5081.0,0.8481,0.9027,4.533
GJ 238,3485.0,0.4314,0.4193,4.85243
Kepler-1192,5438.0,0.83,0.86,4.55
Kepler-214,6169.0,1.352,1.11,4.249
Kepler-1354,6168.0,1.24,1.16,4.31
Kepler-1897,5165.0,0.761,0.859,4.599
Kepler-452,5757.0,1.11,1.037,4.32
Kepler-259,5938.0,0.898,0.867,4.532
HIP 98599,5978.0,1.39484,1.19,4.23538
WASP-82,6480.0,2.1,1.48,3.96
K2-154,4097.0,0.63,0.65,4.65
Kepler-1869,5808.0,0.902,0.987,4.522
Kepler-240,4985.0,0.739,0.868,4.626
Kepler-601,5160.0,0.79,0.85,4.57
gam Lib,4879.0,12.38,1.78,2.5
HD 136118,6097.0,1.67754,1.18,4.053
Kepler-781,5162.0,0.78,0.81,4.58
Kepler-1550,5991.0,1.11,1.07,4.38
K2-72,3360.47,0.330989,0.271365,5.048
Kepler-743,5486.0,0.85,0.94,4.55
NGTS-32,5680.0,1.85,1.07,4.09
HD 155358,5905.0,1.38,1.15,4.22
TOI-5126,6150.0,1.241,1.24,4.224
TOI-406,3392.0,0.41,0.408,4.69
Kepler-545,5882.0,1.07,1.04,4.39
KPS-1,5165.0,0.907,0.892,4.47
Kepler-916,5248.0,0.81,0.85,4.56
NGTS-25,5321.0,0.86,0.91,4.48
Kepler-20,5495.0,0.9164,0.929,4.446
TOI-277,4031.0,0.362,0.16,4.58
HD 156846,6090.0,1.9,1.38,4.02
TOI-2025,5977.0,1.459,1.199,4.187
Kepler-845,4913.0,0.75,0.79,4.59
Kepler-1919,5513.0,0.818,0.868,4.551
HD 13808,5035.0,0.781,0.771,4.57546
HD 192310,5166.0,0.857922,0.8,4.51
K2-151,3695.0,0.45,0.47,4.8
HIP 56640,4769.0,4.93,1.75,2.91
Kepler-1878,5918.0,0.865,0.956,4.544
TOI-2443,4375.0,0.631,0.642,4.42
HD 219139,4831.0,11.22,1.46,2.48
Kepler-1020,5227.0,0.8,0.87,4.57
Kepler-1447,5722.0,0.95,0.97,4.47
TOI-1470,3709.0,0.469,0.471,4.77
HD 74698,5783.0,1.333,1.039,4.12
Kepler-915,6173.0,1.38,1.21,4.24
HATS-58 A,7175.0,1.433,1.461,4.292
TIC 241249530,6166.0,1.397,1.271,4.23
TOI-3261,5068.0,0.849,0.861,4.19
HAT-P-59,5678.0,1.1038,1.008,4.356
Kepler-910,6230.0,1.5,1.26,4.19
K2-268,5106.0,0.78,0.84,4.58
HD 102195,5301.0,0.82,0.76,4.49
K2-8,4870.0,0.74,0.78,4.52
Kepler-849,5950.0,1.822,1.259,4.016
Kepler-92,5883.0,1.7,1.21,4.05
HD 17674,5904.0,1.18,0.98,4.34
Kepler-405,5818.0,0.893,0.873,4.536
K2-223,5859.0,1.0,1.06,4.5
Kepler-1065,5635.0,0.93,0.94,4.49
TOI-6086,3200.0,0.259,0.254,5.01
Kepler-46,5155.0,0.938,0.902,4.447
HIP 38594,4086.3,0.626646,0.61,4.62886
TOI-3071,6177.0,1.31,1.29,4.37
HD 178911 B,5588.0,1.08,1.24,4.46
Kepler-145,6022.0,1.85,1.32,4.02
GJ 682,3028.0,0.298255,0.27,4.92764
Kepler-144,6075.0,1.235,1.154,4.289
Kepler-251,5526.0,0.89,0.891,4.486
TOI-406,3392.0,0.41,0.408,4.69
HD 216437,5909.0,1.394,1.22,4.188
Kepler-196,5132.0,0.77,0.805,4.571
HIP 65 A,4590.0,0.7242,0.781,4.611
Kepler-549,5312.0,0.986,0.859,4.384
Kepler-235,4255.0,0.554,0.581,4.73
HD 40307,4956.0,0.716684,0.77,4.47
Kepler-1013,4954.0,0.76,0.81,4.59
2MASS J19383260+4603591,29564.0,0.203,0.48,5.508
TOI-5789,5185.0,0.833,0.821,4.511
Kepler-405,5818.0,0.893,0.873,4.536
Kepler-1883,6208.0,1.024,1.086,4.454
Kepler-313,5727.0,1.536,1.114,4.127
HD 210702,4912.0,4.54,1.33,3.23
Kepler-1421,6335.0,1.42,1.25,4.23
Kepler-1660 A,6305.24,1.491,1.1366,4.32
HD 36384,3940.0,38.4,1.14,1.1
TIC 139270665,5844.0,1.016,1.035,4.439
Kepler-1372,5677.0,0.97,0.98,4.46
Kepler-84,6031.0,1.169,1.06,4.323
Kepler-205,4321.0,0.546,0.592,4.735
Kepler-1507,5410.0,0.85,0.89,4.53
Kepler-702,5419.0,0.86,0.9,4.53
Kepler-186,3788.0,0.472,0.478,4.77
TOI-1794,5631.0,1.3162,0.9698,4.184
Kepler-339,5631.0,0.802,0.87,4.586
K2-228,4715.0,0.65,0.71,4.66
Kepler-1805,3867.0,0.552,0.581,4.718
TOI-261,5890.3,1.28018,0.496728,3.92
TOI-1201,3476.0,0.508,0.512,4.8
K2-286,3926.0,0.62,0.64,4.7
Kepler-370,5852.0,0.9,0.982,4.531
TOI-559,5925.0,1.233,1.026,4.268
Kepler-224,5018.0,0.676,0.777,4.639
Kepler-956,6040.0,1.15,1.1,4.36
Kepler-1052,5888.0,1.03,1.03,4.42
Kepler-1405,5925.0,1.07,1.05,4.4
HATS-63,5627.0,1.07,0.931,4.349
K2-414,4343.0,0.732,0.814,4.621
TOI-5795,5715.0,1.082,0.901,4.32
TOI-1052,6146.0,1.264,1.204,4.3
TOI-1174,5030.0,0.76,0.85,4.573
HD 200964,4982.0,4.92,1.39,3.22
Kepler-1315,4861.0,0.75,0.8,4.6
Kepler-93,5669.0,0.92,0.91,4.468
Kepler-425,5170.0,0.86,0.93,4.535
Kepler-197,6004.0,1.12,0.857,4.304
Kepler-1271,6143.0,1.23,1.13,4.31
Kepler-790,5208.0,0.8,0.84,4.56
Kepler-395,4262.0,0.556,0.622827,4.729
TOI-1846,3568.0,0.397,0.418,4.862
Kepler-1957,4904.0,0.772,0.745,4.535
Kepler-515,5293.0,0.83,0.9,4.55
K2-98,6260.0,1.518,1.246,4.169
HS Psc,4203.0,0.65,0.69,4.66
Kepler-113,4725.0,0.69,0.75,4.636
BD+42 2315,4500.0,17.85,1.38,2.0
Kepler-219,5786.0,1.491,1.164,4.157
Kepler-297,5619.0,0.915,0.927,4.468
Kepler-1314,4188.0,0.59,0.6,4.68
HD 10180,5911.0,1.109,1.06,4.39
Kepler-1053,4529.0,0.69,0.74,4.63
HD 93351,5408.0,0.911435,0.94,4.49174
Kepler-1313,5453.0,0.85,0.92,4.54
Kepler-1791,5887.0,1.177,0.985,4.29
Kepler-340,6620.0,1.85,1.65,4.063
WASP-165,5599.0,1.75,1.248,3.93
HD 217107,5622.0,1.2245,1.045,4.34
Kepler-1163,6302.0,1.35,1.22,4.26
HD 106515 A,5362.0,0.91,0.89,4.41
Kepler-1546,5623.0,0.93,0.95,4.48
Kepler-1288,6132.0,1.29,1.2,4.29
HD 10647,6218.0,1.1,1.11,4.62
GJ 1151,3280.0,0.1781,0.1639,5.09
Kepler-581,5772.0,1.0,1.0,4.44
Kepler-1261,5006.0,0.77,0.82,4.58
TOI-815,4869.0,0.77,0.776,4.51
WASP-171,5965.0,1.637,1.171,4.08
Kepler-80,4540.0,0.678,0.73,4.639
HATS-49,4405.0,0.6977,0.7133,4.6036
Kepler-925,4673.0,0.72,0.77,4.62
HD 73267,5387.0,0.909,0.93,4.447
Kepler-1631,5679.0,0.95,0.97,4.47
Kepler-1893,5633.0,1.162,0.973,4.296
KELT-12,6279.0,2.37,1.591,3.889
HD 63433,5553.0,0.934,0.956,4.56
HD 72892,5688.0,1.22,1.01,4.27
Kepler-1139,5550.0,0.91,0.94,4.5
HD 149806,5352.05,0.89,0.93,4.51
Kepler-231,3767.0,0.49,0.58,4.779
HD 110082,6200.0,1.19,1.21,4.2
Kepler-1142,5685.0,0.96,0.97,4.46
Kepler-82,5428.0,0.945,0.946,4.466
HD 167042,4919.0,4.63,1.39,3.23
K2-16,4742.0,0.66,0.68,4.51
HD 169830,6300.0,1.935709,1.17,4.008828
Kepler-853,6350.0,1.55,1.3,4.17
Kepler-449,5649.18,1.467,1.02,4.091
Kepler-906,6035.0,1.02,1.06,4.45
Kepler-1912,5734.0,0.962,0.977,4.462
HIP 57274,4640.0,0.68,0.73,4.71
HATS-1,5870.0,1.038,0.986,4.4
Kepler-735,5107.0,0.8,0.85,4.57
HD 100655,4891.0,10.06,2.28,2.79
GJ 676 A,3734.0,0.69,0.626,4.62
HD 25463,6353.0,1.4182,1.251,4.227
TOI-1260,4227.0,0.672,0.679,4.57
Kepler-1730,5942.0,1.142,1.009,4.327
Kepler-1583,5645.0,0.91,0.94,4.49
Kepler-306,4954.0,0.719,0.75,4.611
HD 217958,5930.64,1.32619,1.08,4.22628
Kepler-1839,5926.0,0.939,1.03,4.506
OGLE2-TR-L9,6933.0,1.53,1.52,4.25
Kepler-694,5700.0,0.95,0.97,4.47
Kepler-150,5560.0,0.939,0.956,4.466
Kepler-1994,5495.0,0.961,0.932,4.442
HD 10442,4912.0,1.97,1.01,3.19
Kepler-148,5272.0,0.851,0.86,4.546
HATS-32,5700.0,1.097,1.099,4.396
Kepler-547,4828.0,0.73,0.78,4.61
WASP-38,6180.0,1.52,1.76,4.25
Kepler-1488,5710.0,1.524,1.003,4.073
Kepler-124,4984.0,0.636,0.706,4.669
Kepler-198,5574.0,0.94,0.995,4.467
Kepler-129,5770.0,1.653,1.178,4.08
LHS 1903,3664.0,0.539,0.538,4.75
HAT-P-57,6330.0,1.85,2.77,4.25
Kepler-446,3359.0,0.24,0.22,5.03245
HD 8326,4914.0,0.783181,0.8,4.54993
K2-216,4503.0,0.72,0.7,4.57
Kepler-1549,5324.0,0.84,0.88,4.54
Kepler-1198,5517.0,0.9,0.93,4.5
HD 143811 A,6791.0,1.68398,1.32,4.34
WASP-104,5475.0,0.963,1.076,4.503
51 Peg,5761.0,1.19,1.07,4.317353
K2-187,5438.0,0.83,0.966999,4.6
Kepler-1086,4350.0,0.66,0.7,4.65
K2-32,5271.0,0.86,0.83,4.49
Kepler-1800,5343.0,2.506,1.33,3.764
Kepler-78,5058.0,0.7475,0.779,4.61
Kepler-1944,5585.0,0.972,1.064,4.49
TOI-1742,5815.0,1.131,1.0861,4.365
K2-105,5373.0,0.905,0.94,4.45
BD+45 564,5004.0,0.813064,0.81,4.22
WASP-60,5900.0,1.17,1.19,4.2
HIP 8541,4672.0,6.84,2.009,2.95
Kepler-1762,6572.0,1.238,1.298,4.365
HD 102329,4830.0,6.3,1.3,3.0
HD 7449,6024.0,0.97,1.196,4.52
HD 197037,6150.0,1.105,1.11,4.4
K2-270,4877.0,0.77,0.85,4.59
Kepler-1529,5048.0,0.77,0.81,4.58
Kepler-98,5539.0,1.11,0.99,4.341
HD 140901,5610.0,0.95,0.99,4.46
Pr0201,6174.0,1.15,1.24,4.41
Kepler-362,5788.0,0.722,0.904,4.639
TOI-2295,5730.0,1.459,1.168,4.176
HD 99283,4886.0,11.21,1.76,2.57
HD 39194,5205.0,0.783742,0.86,4.53
Kepler-656,5550.0,0.954,1.05,4.5
TOI-1295,6280.0,1.7,1.38,4.1
NGTS-15,5600.0,0.954,0.995,4.4
HD 62509,4892.63,8.9,2.0,2.78
HD 81817,4140.0,83.8,4.3,1.3
Kepler-1941,6404.0,1.142,1.175,4.393
Kepler-1691,6000.0,1.13152,1.11,4.37607
K2-254,4629.0,0.67,0.71,4.64
Kepler-180,5731.0,1.063,0.95,4.343
Kepler-1316,5884.0,1.12,1.04,4.36
Kepler-1542,5564.0,0.99,0.94,4.41
Kepler-1311,5616.0,1.674,1.032,4.004
Kepler-1866,5791.0,1.083,1.03,4.381
HD 155918,5771.84,1.01906,1.03,4.43451
DMPP-2,6500.0,1.78,1.41,4.1
Kepler-300,5986.0,0.9,1.07,4.532
Kepler-1392,5479.0,0.85,0.88,4.53
TOI-669,5597.0,0.9882,0.9245,4.412
Kepler-347,6088.0,1.005,0.922,4.472
WASP-184,6000.0,1.65,1.23,4.09
TOI-4559,3558.0,0.374,0.392,4.884
Kepler-105,5933.0,1.026,0.991,4.43197
HD 34445,5836.0,1.38,1.07,4.21
LHS 1903,3664.0,0.539,0.538,4.75
Kepler-504,3519.0,0.33,0.33,4.94
HD 199509,5796.02,0.92,1.04,4.51
Kepler-256,5551.0,1.301,1.037,4.223
Kepler-214,6169.0,1.352,1.11,4.249
Kepler-197,6004.0,1.12,0.857,4.304
HIP 5158,4962.0,0.75,0.78,4.37
HD 33142,5025.4,4.17,1.52,3.375
TOI-2421,5607.0,1.75,1.131,4.005
Kepler-323,6004.0,1.12,1.015,4.38
TOI-7510,5720.0,1.035,1.063,4.439
HATS-17,5846.0,1.091,1.131,4.416
K2-90,4421.98,0.634754,0.704613,4.653
Kepler-867,5541.0,0.91,0.92,4.49
Kepler-315,5796.0,1.037,0.831,4.377
HD 77946,6007.0,1.3174,1.1973,4.276
Kepler-768,5108.0,0.78,0.82,4.58
TOI-2147,5983.0,1.39,0.99,4.2
K2-251,3717.0,0.49,0.52,4.76
KELT-6,6272.0,1.529,1.126,4.12
Kepler-626,5813.0,1.05,1.01,4.4
Kepler-94,4781.0,0.76,0.81,4.59
Kepler-47,5636.0,0.936,0.957,4.492
Kepler-325,5752.0,1.003,0.914,4.411
Kepler-298,4465.0,0.582,0.66,4.709
TOI-2136,3342.0,0.34,0.34,4.91
TIC 279401253,5951.0,1.06,1.13,4.438
HD 11506,6123.0,1.24,1.22,4.39
Kepler-282,5602.0,0.904,0.86,4.459
Kepler-811,5747.0,1.24,1.01,4.25
Kepler-1493,5863.0,1.29,1.06,4.24
HAT-P-6,6570.0,1.62,1.79,4.22
Kepler-1118,5688.0,0.97,0.96,4.46
WASP-185,5900.0,1.5,1.12,4.13
Kepler-982,6139.0,1.29,1.16,4.28
TOI-1752,3762.0,0.53,0.524,4.71
K2-247,4667.0,0.69,0.74,4.63
Kepler-1841,5190.0,0.899,0.823,4.446
TOI-5261,5790.0,1.021,1.037,4.436
K2-322,4141.0,0.602,0.63,4.677
Kepler-1917,5530.0,0.788,0.882,4.586
HD 141004,5885.38,1.389372,1.051904,4.17384
HATS-44,5080.0,0.847,0.86,4.514
Kepler-168,6282.0,1.107,1.113,4.422
HD 160691,5773.0,1.33,1.13,4.2
Kepler-701,5343.0,0.84,0.88,4.54
Kepler-1515,6511.0,1.41,1.3,4.26
Kepler-1723,6072.0,1.01,0.96,4.411
Kepler-990,5948.0,1.08,1.05,4.39
Kepler-386,5178.0,0.767,0.825,4.558
omi UMa,5075.0,13.84,2.72,2.58
Kepler-1993,5159.0,3.062,1.373,3.604
Kepler-795,5631.0,0.96,0.94,4.45
Kepler-207,5920.0,1.588,1.313,4.129
Kepler-163,5776.0,0.917,0.882,4.524
GJ 9689,3836.0,0.57,0.59,4.69
GJ 179,3370.0,0.38,0.357,4.83
Kepler-1987,4769.0,0.714,0.799,4.622
HATS-42,6060.0,1.48,1.273,4.201
Kepler-169,4997.0,0.763,0.825,4.582
Kepler-875,5958.0,1.11,1.06,4.38
Kepler-653,5665.0,1.19,1.02,4.29
Kepler-191,5215.0,0.8,0.84,4.56
Kepler-400,5886.0,1.145,1.08,4.35
K2-59,5055.0,0.731,0.774,4.592
Kepler-1881,5135.0,0.874,0.812,4.464
TOI-329,5614.0,1.5326,1.0678,4.092
Kepler-308,5895.0,0.941,0.92,4.508
TOI-5788,5615.0,0.87,0.87,4.42
TOI-1753,5621.0,0.9715,0.9483,4.438
BD-08 2823,4746.0,0.71,0.74,4.13
BD-14 3065 A,6935.0,2.35,1.41,3.85
HD 154857,5605.0,1.76,1.718,3.82
HD 152079,5907.0,1.128,1.147,4.365
TOI-833,3920.0,0.6,0.61,4.67
Kepler-348,6177.0,1.359,1.189,4.244
Kepler-592,5913.0,1.04,1.04,4.42
Kepler-139,5630.0,1.045,1.078,4.34518
TOI-904,3770.2,0.527,0.557,4.61929
Kepler-1542,5564.0,0.99,0.94,4.41
Kepler-222,5433.0,0.869,0.933,4.551
Qatar-10,6124.0,1.254,1.156,4.303
Kepler-1213,6050.0,1.21,1.14,4.33
Kepler-29,5378.0,0.732,0.761,4.6
Kepler-554,5447.0,0.92,0.93,4.49
Kepler-506,6236.0,1.19,1.19,4.36
Kepler-1823,6000.0,1.126,1.068,4.363
Kepler-237,4861.0,0.725,0.696,4.583
Kepler-208,6092.0,1.314,1.082,4.265
HAT-P-5,5960.0,1.12,1.04,4.37
Kepler-254,5957.0,0.91,0.849,4.524
Kepler-1287,5715.0,0.94,0.96,4.48
WASP-183,5313.0,0.871,0.784,4.452
Kepler-337,5684.0,1.761,1.081,4.004
Kepler-1506,5676.0,0.93,0.95,4.49
Kepler-1830,6160.0,2.046,1.443,3.976
7 CMa,4826.0,4.87,1.34,3.19
Kepler-1390,5753.0,0.98,0.98,4.45
Kepler-913,4687.0,0.61,0.63,4.67
Kepler-350,6492.3,1.25,1.0,4.24
K2-19,5322.0,0.82,0.88,4.51
TOI-3160 A,6190.0,1.346,1.088,4.217
HD 176986,4931.0,0.782,0.789,4.44
HAT-P-45,6330.0,1.319,1.259,4.3
TOI-622,6400.0,1.415,1.313,4.2
KELT-19 A,7500.0,1.83,1.62,4.127
HATS-59,5670.0,1.036,1.038,4.422
Kepler-1333,5628.0,0.92,0.94,4.49
Kepler-1605,5280.0,0.82,0.86,4.55
Kepler-1913,6214.0,1.076,1.169,4.442
Kepler-1465,4726.0,0.71,0.75,4.62
Kepler-16,4450.0,0.6489,0.6897,4.6527
K2-21,4222.06,0.646783,0.676023,4.828
Kepler-1918,5889.0,0.924,0.967,4.492
Kepler-577,4984.0,0.73,0.78,4.61
Kepler-1120,4904.0,0.74,0.78,4.6
Kepler-953,5416.0,0.99,0.95,4.42
Kepler-149,5381.0,0.953,1.013,4.465
HD 124330,5873.0,1.30446,1.15,4.24
KELT-23 A,5899.0,0.996,0.944,4.417
Kepler-871,5993.0,1.14,1.11,4.37
WASP-89,5130.0,0.88,0.92,4.515
Kepler-385,6326.0,1.126,0.992,4.412
Kepler-942,4861.0,0.75,0.81,4.59
WASP-55,6096.0,1.09,1.071,4.393
Kepler-1966,5009.0,0.84,0.797,4.491
Kepler-212,5852.0,1.455,1.166,4.182
K2-285,4975.0,0.787,0.83,4.4
K2-91,3622.0,0.284,0.292,5.0
K2-329,5282.0,0.822,0.901,4.566
Kepler-819,5279.0,0.81,0.86,4.55
TOI-2345,4687.0,0.729,0.727,4.57
DMPP-1,6196.0,1.26,1.21,4.41
HD 11505,5757.15,1.19568,1.03,4.29568
WASP-45,5150.0,0.855,0.85,4.503
75 Cet,4809.0,10.38,1.92,2.69
Kepler-195,5329.0,0.775,0.867,4.603
K2-83,3910.0,0.424,0.484,4.863
Kepler-994,3934.0,0.54,0.56,4.72
KELT-21,7598.0,1.638,1.458,4.173
GJ 9404,3811.0,0.626041,0.62,4.62936
Kepler-376,5900.0,1.175,0.968,4.303
Kepler-1517,7010.0,1.95,1.58,4.06
Kepler-1876,6104.0,1.477,1.187,4.07136
EPIC 246851721,6202.0,1.586,1.317,4.157
K2-226,5288.0,0.889,0.856,4.473
TOI-4860,3260.0,0.358,0.34,4.86
Kepler-199,5644.0,0.967,0.96,4.438
WASP-42,5315.0,0.892,0.951,4.515
HD 6061,5934.0,1.0072,1.0269,4.441
Kepler-248,5190.0,0.831,0.838,4.573
HD 13189,4175.0,38.41,2.24,1.62
HD 1461,5765.0,1.152288,1.02,4.38
TOI-5232,6500.0,1.785,1.389,4.077
HD 133131 A,5799.0,0.955014,0.95,4.39
TOI-333,6241.0,1.1,1.2,4.41
HD 285507,4503.0,0.69,0.82,4.67
Kepler-1319,3655.0,0.54,0.56,4.73
Kepler-1047,5754.0,1.13,1.08,4.37
Kepler-968,4413.0,0.667,0.681,4.63
HD 16905,4866.12,0.77494,0.85,4.55716
Kepler-1711,5706.0,1.034,0.94,4.382
Kepler-734,5326.0,0.78,0.85,4.59
Kepler-521,6406.0,1.46,1.34,4.24
WASP-163,5500.0,1.015,0.97,4.411
HD 104067,4952.0,0.78,0.82,4.56
TOI-150,6255.0,1.526,1.351,4.13
Kepler-514,6106.0,1.44,1.28,4.23
Kepler-358,5908.0,0.954,0.94,4.504
Kepler-1377,5218.0,0.82,0.86,4.55
Kepler-1720,5573.0,0.839,0.939,4.562
Kepler-665,4913.0,0.74,0.79,4.6
TOI-332,5251.0,0.87,0.88,4.46
K2-133,3655.0,0.455,0.461,4.77
K2-43,3840.6,0.542,0.571,4.68275
Kepler-223,5803.0,1.72,1.125,4.46
Kepler-1069,5722.0,0.98,0.99,4.46
WASP-91,4920.0,0.86,0.84,4.3
Kepler-68,5847.0,1.2564,1.057,4.281
TOI-5301,6240.0,2.19,1.483,3.926
Kepler-253,5208.0,0.786,0.86,4.595
Kepler-1651,3713.0,0.503,0.522,4.843
K2-62,4455.0,0.696,0.67,4.57
K2-166,5960.0,1.61,1.16,4.09
TOI-2096,3300.0,0.235,0.231,5.05
Kepler-369,3591.0,0.471,0.5,4.785
HD 183579,5784.0,0.96,0.996,4.45
Kepler-657,5808.0,1.01,1.01,4.44
Kepler-240,4985.0,0.739,0.868,4.626
Kepler-403,6090.0,1.329,1.299,4.266
GJ 887,3688.0,0.468,0.495,4.156
HD 219666,5540.0,1.059,1.02,4.4
HAT-P-34,6442.0,1.53,1.392,4.21
HD 170469,5842.0,1.24,1.1,4.3
Kepler-292,5299.0,0.826,0.865,4.536
Kepler-769,6186.0,1.28,1.19,4.3
BD+15 2375,4649.0,8.95,1.08,2.61
Kepler-1331,4508.0,0.69,0.72,4.63
K2-49,4175.0,0.45,0.51,4.81
KELT-17,7454.0,1.645,1.635,4.22
Kepler-1369,5761.0,0.99,0.99,4.45
HD 142245,4922.0,4.63,3.5,3.65
HD 4203,5582.0,1.49795,0.99,4.08271
Kepler-1136,4512.0,0.68,0.72,4.63
Kepler-289,5990.0,0.985,1.061,4.47
K2-8,4870.0,0.74,0.78,4.52
HATS-33,5659.0,1.022,1.062,4.445
Kepler-539,5820.0,0.952,1.048,4.502
Kepler-80,4540.0,0.678,0.73,4.639
HD 39091,5998.0,1.19,1.07,4.36
K2-254,4629.0,0.67,0.71,4.64
Kepler-1504,5393.0,0.81,0.85,4.55
HD 206255,5635.0,2.221489,1.42,3.7475
HD 38283,5981.0,1.49,1.37,4.23
Kepler-341,6012.0,1.024,0.976,4.437
Kepler-676,3701.0,0.49,0.51,4.77
K2-199,4491.0,0.682,0.711,4.64
Kepler-598,5245.0,0.900316,0.9,4.48352
Kepler-25,6354.0,1.316,1.165,4.285
Kepler-1669,4303.0,0.714145,0.67,4.55657
Kepler-284,5615.0,0.814,0.766,4.58
HD 55696,6012.0,1.52,1.29,4.15
24 Sex,5098.0,4.9,1.54,3.5
Kepler-895,4315.0,0.61,0.65,4.67
Kepler-288,5918.0,1.091,0.842,4.353
Kepler-787,4248.0,0.62,0.65,4.67
Kepler-295,5603.0,0.898,0.89,4.444
HD 8673,6389.05,1.50225,1.28,4.19179
Kepler-646,5634.0,0.91,0.93,4.49
WASP-150,6218.0,1.651,1.394,4.147
Kepler-230,5588.0,0.817,0.784,4.551
HD 11506,6123.0,1.24,1.22,4.39
Kepler-1880,4380.0,0.53,0.524,4.71
HD 9174,5577.0,1.67,1.03,4.03
Kepler-149,5381.0,0.953,1.013,4.465
GJ 4274,3228.0,0.19,0.18,5.26
Kepler-523,5515.0,0.86,0.93,4.54
GJ 724,3799.0,0.52226,0.5271,4.88
TOI-1994,7700.0,2.3,1.86,3.982
TOI-3682,5703.0,1.735,1.32,4.077
Kepler-896,5510.0,0.803,0.877,4.572
HD 34445,5836.0,1.38,1.07,4.21
TOI-1842,6039.0,2.032,1.4643,3.986
Kepler-385,6326.0,1.126,0.992,4.412
TOI-4588,7746.12,1.57458,2.018,4.1006
Kepler-1715,6212.0,1.209,1.082,4.309
HD 151450,6091.98,1.17184,1.14,4.35724
Kepler-1885,5591.0,0.86,0.977,4.559
HD 27631,5737.0,0.923,0.944,4.455
Kepler-635,6174.0,1.51,1.33,4.2
TOI-1803,4687.0,0.715,0.756,4.62
HD 204313,5767.0,1.1,1.03,4.37
HD 141399,5600.0,1.387236,1.07,4.28
Kepler-83,4648.0,0.594,0.58,4.718
Kepler-31,6340.0,1.22,1.21,4.696
Kepler-143,5848.0,1.359,0.982,4.202
HD 108341,5122.0,0.79,0.843,4.45
Kepler-1116,5641.0,0.93,0.95,4.48
ups Leo,4836.0,11.22,1.48,2.46
Kepler-342,6175.0,1.472,1.213,4.187
Kepler-58,5843.0,1.03,0.95,4.39
HD 238914,4769.0,12.73,1.47,2.37
TOI-3693,5321.0,0.791,0.867,4.581
TOI-2537,4870.0,0.771,0.771,4.551
Kepler-622,4201.0,0.61,0.64,4.67
TOI-1408,6117.0,1.53,1.312,4.1
Kepler-227,5854.0,1.091,0.954,4.401
HD 165131,5870.0,1.06419,1.06,4.39
Kepler-1268,5904.0,1.09,1.06,4.38
K2-47,5054.0,0.76,0.75,4.544
Kepler-44,5800.0,1.35,1.12,4.22
Kepler-1535,6021.0,1.11,1.08,4.38
K2-266,4285.0,0.703,0.686,4.581
Kepler-1460,4422.0,0.67,0.7,4.64
TOI-2346,6480.0,1.38,1.271,4.265
Kepler-260,5250.0,0.862,1.013,4.494
Kepler-41,5750.0,1.29,1.15,4.278
Kepler-94,4781.0,0.76,0.81,4.59
HAT-P-37,5500.0,0.877,0.929,4.52
Kepler-478,5210.0,0.8,0.85,4.56
Kepler-1015,6769.0,1.81,1.49,4.09
Kepler-1789,5436.0,0.888,0.92,4.505
TOI-6564,5943.0,1.7,1.18,4.04
HD 133131 B,5805.0,0.989538,0.93,4.41
GJ 2030,5485.0,2.24104,0.96,3.71944
Kepler-19,5544.0,0.859,0.936,4.51
HD 79181,4862.0,11.06,1.28,2.45
HD 85390,5186.0,0.8,0.758,4.41
Kepler-1727,5349.0,0.82,0.824,4.526
TOI-1238,4089.0,0.58,0.59,4.63
Kapteyn,3550.0,0.291,0.281,4.92351
Kepler-1218,5986.0,1.1,1.06,4.38
HD 27894,4875.0,0.891767,0.81,4.22
Kepler-1541,5282.0,0.81,0.86,4.56
Kepler-531,4893.0,0.75,0.78,4.58
Kepler-727,5441.0,0.86,0.89,4.53
KELT-3,6304.0,1.7,1.96,4.2
Kepler-892,4747.0,0.72,0.75,4.61
Kepler-1891,5516.0,0.827,0.873,4.544
TOI-201,6423.0,1.31,1.32,4.318
Kepler-876,5060.0,0.77,0.81,4.58
HD 81040,5755.0,0.91,0.99,4.54
Kepler-1456,4231.0,0.62,0.64,4.67
GJ 1252,3458.0,0.391,0.381,4.83
Kepler-357,5036.0,0.834,0.794,4.503
Kepler-224,5018.0,0.676,0.777,4.639
Kepler-1366,4070.0,0.6,0.62,4.68
Kepler-23,5828.0,1.548,1.078,4.09
Kepler-1510,6200.0,1.28,1.19,4.29
TOI-2196,5634.0,1.043,1.032,4.42
Kepler-1814,4922.0,0.823,0.79,4.505
HD 66428,5716.0,1.13,1.01,4.33
HIP 8923,5980.0,1.32164,1.01,4.22115
TOI-1411,4115.0,0.614,0.6045,4.64
Kepler-1004,4972.0,3.39,1.11,3.43
TYC 4282-00605-1,4300.0,16.21,0.97,2.0
Kepler-165,5211.0,0.77,0.746,4.542
Kepler-1500,5845.0,1.0,1.0,4.44
Kepler-1911,5721.0,0.972,0.954,4.442
Kepler-371,5666.0,0.992,0.876,4.39
TOI-3023,5760.0,1.668,1.12,4.048
Kepler-46,5309.0,0.79,0.883,4.583
HD 13167,5671.0,2.39,1.35,3.72
HD 148164,6032.0,1.34,1.21,4.1581
HD 207832,5726.0,0.89,1.05,4.48
Kepler-1598,5940.0,1.09,1.07,4.39
K2-224,5620.0,0.84,0.91,4.55
Kepler-256,5551.0,1.301,1.037,4.223
Kepler-1066,5762.0,0.98,0.98,4.45
Kepler-1464,5828.0,1.01,1.02,4.44
HD 187085,6117.0,1.27,1.189,4.279
Kepler-262,5841.0,0.881,0.816,4.541
TOI-1811,4766.0,0.769,0.817,4.579
Kepler-1012,5556.0,0.91,0.95,4.5
Kepler-1221,5194.0,0.82,0.87,4.55
TIC 393818343,5756.0,1.086,1.082,4.402
Kepler-805,6112.0,1.65,1.19,4.08
Kepler-363,5593.0,1.485,1.226,4.152
17 Sco,4157.0,25.92,1.22,1.7
TOI-733,5585.0,0.949,0.956,4.47
Kepler-114,4660.0,0.54,0.56,4.72
Kepler-264,6158.0,1.55,1.426,4.147
Kepler-1084,6113.0,1.28,1.12,4.27
Kepler-1242,4895.0,0.74,0.77,4.6
Kepler-319,5526.0,0.903,0.933,4.487
Kepler-85,5436.0,0.893,0.947,4.494
K2-214,5875.0,1.236,1.03,4.28
HD 93385,5977.0,1.18484,1.04,4.42
TOI-2257,3430.0,0.313,0.328,4.971
Kepler-1802,4245.0,0.637,0.649,4.641
TOI-469,5289.0,0.98,0.901,4.39
Kepler-1437,5557.0,0.9,0.93,4.51
Kepler-1099,5837.0,1.0,1.01,4.45
Kepler-87,5600.0,1.82,1.1,3.96
TOI-3980,5840.0,1.626,1.24,4.106
Kepler-330,5117.0,0.722,0.848,4.636
Kepler-226,5571.0,0.802,0.904,4.586
BD+03 2562,4095.0,32.35,1.14,1.89
Kepler-587,5549.0,0.89,0.92,4.51
Kepler-154,5769.0,0.98,0.98,4.45
Kepler-279,6689.45,1.43,1.164,4.12
K2-197,5667.0,0.93,1.0,4.5
HD 28192,5919.87,1.07094,1.08,4.41196
Kepler-20,5495.0,0.9639,0.948,4.446
TYC 3667-1280-1,5130.0,6.26,1.87,3.11
Kepler-215,5739.0,1.027,0.788,4.364
Kepler-1172,5558.0,0.89,0.92,4.51
Kepler-195,5329.0,0.775,0.867,4.603
K2-240,3810.0,0.54,0.58,4.7
HD 190228,5360.0,2.58658,1.415,4.02
Kepler-442,4402.0,0.598,0.609,4.673
Kepler-1495,5831.0,1.04,1.03,4.42
HD 164509,5859.0,1.11,1.12,4.44
TOI-815,4869.0,0.77,0.776,4.51
Kepler-232,5847.0,0.968,0.97,4.495
HD 141399,5600.0,1.387236,1.07,4.28
Kepler-159,4625.0,0.663,0.628,4.653
HIP 67851,4840.0,5.45,1.28,3.11
KOI-3680,5830.0,0.96,1.01,4.473
Kepler-1463,5679.0,0.95,0.96,4.47
Kepler-712,5148.0,0.78,0.84,4.58
Kepler-1983,5135.0,0.874,0.812,4.464
HATS-36,5950.0,1.1,1.1,4.4
GJ 3138,3717.0,0.5,0.681,4.62872
HIP 57274,4510.0,0.78,0.29,4.11
Kepler-55,4362.0,0.58,0.62,4.7
Kepler-158,4623.0,0.624,0.655,4.66
Kepler-1926,5256.0,0.832,0.768,4.483
TOI-2154,6280.0,1.396,1.233,4.239
HD 116029,4819.0,4.89,0.83,2.98
K2-42,4613.0,0.643,0.702,4.659
TOI-4666,3793.0,0.585,0.576,4.664
K2-32,5271.0,0.86,0.83,4.49
Kepler-1532,5559.0,0.88,0.91,4.51
K2-81,4674.13,0.634663,0.745273,4.668
WASP-160 B,5298.0,0.868,0.87,4.49546
Wolf 1069,3158.0,0.1813,0.167,4.93
TrES-3,5650.0,0.829,0.928,4.4
Kepler-1130,5450.0,0.842,0.944,4.563
HD 5608,4807.0,5.43,1.29,3.06
HIP 39017,7201.0,1.51987,1.52,4.28128
TOI-5027,5909.0,0.92,1.02,4.517
WASP-138,6272.0,1.36,1.22,4.25
Kepler-1185,5622.0,0.87,0.96,4.54
BD-06 1339,4324.0,0.686355,0.7,4.74
TOI-5181 A,6060.0,1.53,1.25,4.163
Kepler-599,5127.0,0.79,0.83,4.57
Kepler-1033,5547.0,0.92,0.94,4.49
TOI-1772,5583.0,0.995,0.99,4.44
HD 37124,5698.64,0.949168,0.85,4.391203
Kepler-730,5620.0,1.411,1.047,4.162
Kepler-158,4895.97,0.668,0.656,4.62
Kepler-513,5849.0,1.06,1.02,4.39
Kepler-1520,4677.0,0.71,0.76,4.61
GJ 3293,3466.0,0.404,0.42,4.78125
TOI-1180,4738.0,0.73,0.75,4.587
TOI-4994,5640.0,1.055,1.005,4.393
Kepler-782,5867.0,1.01,0.98,4.42
Kepler-63,5576.0,0.901,0.984,4.52
Kepler-132,6003.0,1.178,0.929,4.31
Kepler-529,6087.0,1.14,1.07,4.35
11 UMi,4213.0,29.79,2.78,1.93
Kepler-60,5905.0,1.257,1.041,4.26
Kepler-330,5117.0,0.722,0.848,4.636
Kepler-243,5228.0,0.842,0.904,4.565
TOI-1452,3185.0,0.275,0.249,4.95
Kepler-264,6158.0,1.55,1.426,4.147
Kepler-110,5960.0,1.149,0.989,4.327
Kepler-809,5734.0,0.98,0.99,4.45
Kepler-301,5815.0,0.9,1.022,4.525
Kepler-1614,5121.0,0.76,0.79,4.58
HD 136925,5773.19,1.193078,0.875104,4.226014
Kepler-1296,5359.0,0.83,0.87,4.55
Kepler-1114,5374.0,0.83,0.87,4.55
K2-240,3810.0,0.54,0.58,4.7
Kepler-210,4559.0,0.65,0.77,4.663
Kepler-306,4954.0,0.719,0.75,4.611
CoRoT-20,5880.0,1.02,1.14,4.35
WASP-95,5830.0,1.23,1.46,4.36
Kepler-162,5816.0,0.958,1.053,4.436
Kepler-1848,4847.0,0.737,0.756,4.581
K2-187,5438.0,0.83,0.966999,4.6
TOI-375,5259.9,2.9,1.441,3.672
Kepler-197,6004.0,1.12,0.857,4.304
HAT-P-68,4508.0,0.6701,0.6785,4.615
KIC 9663113,6065.0,1.03,0.98,4.42
K2-248,5528.0,0.92,0.88,4.45
HAT-P-58,6078.0,1.53,1.031,4.082
Kepler-1315,4818.0,0.856,0.809,4.481
Kepler-169,4997.0,0.763,0.825,4.582
Kepler-1698,4975.03,0.741698,0.822,4.61249
Kepler-383,4710.0,0.672,0.669,4.624
HD 32518,4580.0,10.22,1.13,2.1
NGTS-12,5690.0,1.589,1.021,4.045
Kepler-933,5346.0,0.84,0.87,4.54
Kepler-1240,5682.0,0.96,0.98,4.47
Kepler-1119,6083.0,1.17,1.11,4.35
TOI-5005,5749.0,0.93,0.97,4.43
TOI-5319,3580.0,0.485,0.5,4.5
WASP-21,5800.0,1.06,1.01,4.277
Kepler-991,4392.0,0.61,0.64,4.67
HD 148156,6308.0,1.21,1.22,4.56
Kepler-79,6389.0,1.316,1.244,4.274
HD 4208,5717.0,0.846,0.883,4.501
Kepler-411,4974.0,0.82,0.87,4.6
HD 188015,5746.0,1.125296,1.09,4.445
GJ 687,3413.0,0.4183,0.4,4.85936
HD 221416,5080.0,2.943,1.212,3.584
HATS-57,5587.0,0.96,1.026,4.484
HD 48948,4593.0,0.679,0.686,4.61
Kepler-390,5166.0,0.776,0.787,4.569
Kepler-603,5808.0,1.01,1.01,4.43
HD 45652,5294.0,0.94,0.92,4.2
Kepler-332,4955.0,0.72,0.743,4.611
Kepler-508,6025.0,1.25,1.16,4.3
HD 191939,5348.0,0.94,0.81,4.3
WASP-31,6302.0,1.252,1.163,4.308
TOI-2368,5360.0,0.846,0.897,4.538
K2-413,4116.0,0.7,0.808,4.656
Kepler-43,6041.0,1.42,1.32,4.26
KOI-55,27730.0,0.203,0.496,5.52
KOI-351,6031.13,1.185,1.242,4.27
TOI-3331 A,5609.0,0.952,1.016,4.487
WASP-85 A,6112.0,0.935,1.09,4.48
YZ Cet,3151.0,0.157,0.142,5.17
HD 222237,4751.0,0.71,0.76,4.61
HD 99492,4929.0,0.822539,0.85,4.57
Kepler-251,5526.0,0.89,0.891,4.486
WASP-195,6300.0,1.578,1.3,4.14
Kepler-359,6248.0,1.086,0.827,4.429
Kepler-830,6037.0,1.11,1.07,4.38
Kepler-672,5627.0,0.92,0.95,4.5
Kepler-198,5574.0,0.94,0.995,4.467
Kepler-444,5046.0,0.752,0.758,4.5625
Kepler-575,5710.0,0.95,0.97,4.47
Kepler-1131,5851.0,1.04,1.03,4.42
Kepler-808,4653.0,0.71,0.76,4.62
LHS 1903,3664.0,0.539,0.538,4.75
DMPP-6,6182.09,1.27,1.079,4.31374
Kepler-885,6187.0,1.35,1.21,4.26
TOI-286,5152.0,0.78,0.832,4.59
TOI-2081,3800.0,0.534,0.54,4.5
KELT-18,6670.0,1.908,1.524,4.0599
HD 152843,6310.0,1.43,1.15,4.19
HD 26161,6057.62,1.455981,1.12,4.163476
Kepler-1323,6169.0,1.4,1.18,4.21
Kepler-151,5460.0,0.83,0.87,4.555
HIP 14810,5544.0,1.07,1.01,4.32
Kepler-80,4540.0,0.678,0.73,4.639
HD 40307,4956.0,0.716684,0.77,4.47
HD 89345,5576.0,1.747,1.157,4.016
HIP 97166,5216.0,0.8418,0.9342,4.557
HD 25463,6353.0,1.4182,1.251,4.227
TOI-2379,3707.0,0.622,0.645,4.653
HD 96167,5733.0,1.94,1.27,3.99
Kepler-571,5527.0,0.9,0.93,4.51
HR 858,6354.0,1.258,1.204,4.3
Kepler-342,6366.0,1.34,1.26,4.28
Kepler-941,5539.0,0.86,0.89,4.53
TOI-4145 A,5281.0,0.859,0.905,4.526
Kepler-709,5071.0,0.77,0.8,4.58
Kepler-1832,5242.0,0.722,0.684,4.556
HAT-P-54,4390.0,0.617,0.645,4.667
Kepler-306,4954.0,0.719,0.75,4.611
Kepler-690,5913.0,1.16,1.11,4.35
Kepler-974,3584.0,0.45,0.46,4.8
Kepler-1217,5905.0,1.08,1.06,4.4
Kepler-1842,5970.0,1.131,1.057,4.355
Kepler-711,5222.0,0.8,0.84,4.56
TOI-3568,4969.0,0.719,0.78,4.63
K2-280,5500.0,1.28,1.03,4.21
Kepler-1080,5956.0,1.16,1.1,4.35
Kepler-1228,5063.0,0.74,0.78,4.59
Kepler-1203,4105.0,0.61,0.64,4.67
TOI-5786,6235.0,1.36,1.23,4.26
Kepler-1501,6229.0,1.3,1.2,4.28
Kepler-1164,5183.0,0.79,0.85,4.57
TOI-1117,5635.0,1.05,0.97,4.41
Kepler-757,6014.0,1.13,1.08,4.37
GJ 720 A,3837.0,0.56,0.57,4.71
Kepler-1850,4239.0,0.6,0.611,4.667
KOI-1783,5922.0,1.143,1.076,4.3
Kepler-229,5120.0,0.728,0.808,4.633
Gl 686,3656.0,0.427,0.426,4.87
HD 44219,5752.0,1.32,1.2,4.21
Kepler-484,5668.0,0.87,0.96,4.54
Kepler-142,5790.0,1.269,0.978,4.262
HD 72659,5929.0,1.36,1.033,4.23
Kepler-257,5180.0,1.037,0.916,4.36
K2-138,5356.3,0.863,0.935,4.54
TOI-2570,5771.0,1.095,1.063,4.385
Kepler-629,5444.0,0.84,0.93,4.55
Kepler-11,5663.0,1.065,0.961,4.366
HD 179949,6168.0,1.266865,1.21,4.341
kap CrB,4840.0,4.68,1.33,3.2
Kepler-1353,4776.0,0.72,0.76,4.61
Kepler-652,5490.0,0.88,0.97,4.54
Kepler-386,5178.0,0.767,0.825,4.558
NGTS-26,5550.0,1.16,0.96,4.1
Kepler-1502,6666.0,1.72,1.44,4.13
Kepler-1548,5706.0,0.97,0.99,4.46
HD 60532,6245.0,2.57,1.5,3.8
Kepler-175,6064.0,1.01,0.969,4.472
Kepler-1861,5855.0,1.373,1.161,4.227
Kepler-398,4557.0,0.67,0.72,4.64
TOI-2295,5730.0,1.459,1.168,4.176
TOI-663,3681.0,0.512,0.514,4.7266
TOI-6448,5910.0,0.897,1.03,4.51
TOI-1064,4734.0,0.726,0.748,4.6
WASP-101,6380.0,1.31,1.41,4.31
Kepler-987,5637.0,0.91,0.97,4.51
Kepler-385,5829.0,1.157,1.05,4.33259
HD 21520,5871.0,1.044,1.09,4.42
HD 28471,5766.0,1.08,0.98,4.38
Kepler-49,4095.6,0.618,0.607,4.68
Kepler-115,5979.0,1.205,1.042,4.306
ome Ser,4724.0,10.99,1.01,2.37
Kepler-79,6389.0,1.316,1.244,4.274
Kepler-777,4043.0,0.56,0.58,4.71
CoRoT-2,5625.0,0.906,0.96,4.53
TYC 1422-614-1,4806.0,6.85,1.15,2.85
Kepler-265,5835.0,1.103,0.97,4.326
Kepler-1384,4919.0,0.74,0.78,4.6
Kepler-343,5807.0,1.433,1.055,4.184
Kepler-1257,5502.0,0.87,0.9,4.52
HD 94890,4867.0,10.71,1.74,2.6
Kepler-967,5178.0,0.8,0.84,4.56
Kepler-100,5825.0,1.49,1.08,4.125
K2-62,4455.0,0.696,0.67,4.57
HD 104067,4952.0,0.78,0.82,4.56
Kepler-1260,5961.0,1.08,1.06,4.39
Kepler-11,5663.0,1.065,0.961,4.366
Kepler-1960,6371.0,1.072,1.117,4.426
Kepler-1252,5949.0,1.09,1.06,4.38
Kepler-217,6341.0,1.76,1.37,4.08
Kepler-1007,4587.0,0.7,0.73,4.62
Kepler-659,4870.0,0.74,0.79,4.6
HD 12661,5645.0,1.2,1.2,4.36
Kepler-305,5090.0,0.792,0.827,4.57
Kepler-609,5971.0,1.14,1.09,4.36
K2-152,4044.0,0.61,0.63,4.67
K2-75,5995.0,1.56,1.16,4.118
HD 40956,4869.0,8.56,2.0,3.02
GJ 27.1,3542.0,0.518887,0.53,4.72092
Kepler-794,5839.0,1.38,1.19,4.23
Kepler-218,5502.0,1.063,1.019,4.391
TOI-4495,6210.0,1.309,1.247,4.29
Kepler-1666,6293.0,1.14586,1.23,4.40971
Kepler-798,6224.0,1.29,1.19,4.29
TOI-2094,3435.0,0.384,0.425,4.89
Kepler-392,5938.0,1.129,0.874,4.323
TOI-1743,3277.0,0.338,0.339,4.909
HD 183263,5948.0,1.23,1.06,4.37
K2-136,4500.0,0.677,0.742,4.68
HD 107148,5797.0,1.169193,1.12,4.446
Kepler-1514,6145.0,1.289,1.196,4.295
Kepler-1837,5966.0,0.961,1.049,4.493
Kepler-1986,5549.0,0.732,0.776,4.6
Kepler-114,4660.0,0.54,0.56,4.72
Kepler-20,5495.0,0.9164,0.929,4.446
Kepler-1093,6166.0,1.2,1.13,4.33
Kepler-934,5001.0,0.77,0.81,4.59
Kepler-946,5665.0,0.93,0.94,4.47
Kepler-696,5903.0,1.08,1.06,4.39
Kepler-1448,5774.0,0.93,0.95,4.49
TOI-4551,4896.0,3.55,1.31,3.48
Kepler-189,5235.0,0.75,0.803,4.619
K2-43,3840.6,0.542,0.571,4.68275
HD 46375,5285.0,0.914196,0.92,4.533
HD 95872,5312.0,0.84,0.7,4.43
Kepler-1754,4723.0,0.747,0.734,4.557
TIC 4672985,5757.0,1.15,1.01,4.32
K2-100,5945.0,1.24,1.15,4.33
Kepler-1387,5046.0,0.77,0.82,4.58
Kepler-1412,5880.0,1.27,1.06,4.25
K2-80,5441.0,0.87,0.9,4.519
Kepler-1222,5239.0,0.8,0.84,4.56
Kepler-760,5322.0,0.85,0.89,4.54
Kepler-463,5661.0,0.9,0.87,4.47
Kepler-186,3788.0,0.472,0.478,4.77
K2-4,4014.73,0.569359,0.635026,4.849
2MASS J19383260+4603591,29564.0,0.203,0.48,5.508
Kepler-446,3359.0,0.24,0.22,5.03245
TOI-2015,3297.0,0.3273,0.3041,5.04
HAT-P-53,5956.0,1.209,1.093,4.31
HD 22946,6169.0,1.117,1.098,4.47
GJ 328,3897.0,0.63,0.65,4.64
TOI-2529,5802.0,1.7,1.11,4.03
HD 139357,4700.0,11.47,2.69,2.9
TOI-3862,5300.0,0.92,0.9,4.4
KOI-1599,5833.0,0.972,1.02,4.472
Kepler-1687,4132.0,0.726119,0.65,4.52897
Kepler-1346,6133.0,1.21,1.14,4.33
TOI-5799,3452.0,0.321,0.325,4.936
Kepler-187,6105.0,1.287,1.081,4.274
TOI-5082,5670.0,0.93,0.99665,4.5
Kepler-364,6108.0,1.284,1.076,4.273
GJ 3021,5540.0,0.9,0.9,4.7
Kepler-361,6169.0,1.343,1.191,4.254
Kepler-286,5580.0,0.863,0.83,4.495
Kepler-47,5636.0,0.936,0.957,4.492
HD 190984,5988.0,1.53,0.91,4.02
Kepler-1042,4815.0,0.72,0.75,4.61
Kepler-516,7099.0,2.02,1.62,4.04
TOI-1260,4227.0,0.672,0.679,4.57
HD 16141,5757.0,1.48,1.11,4.14
Kepler-1343,5759.0,0.93,0.95,4.48
Kepler-119,5595.0,0.839,0.918,4.567
Kepler-1591,6082.0,1.16,1.1,4.35
HD 103720,5017.0,0.73,0.794,4.43
TOI-564,5640.0,1.088,0.998,4.364
Kepler-1057,5987.0,1.1,1.07,4.38
Kepler-1378,4407.0,0.67,0.7,4.63
TOI-481,5735.0,1.66,1.14,4.06
Kepler-847,4940.0,0.77,0.83,4.58
Kepler-742,4642.0,0.71,0.76,4.62
HD 23472,4684.0,0.71,0.67,4.53
HD 73344,6148.0,1.22,1.19,4.36
Kepler-936,5482.0,0.89,0.92,4.51
TOI-257,6095.0,1.867,1.407,4.044
HD 105618,5671.0,1.27399,1.01,4.23206
TOI-1301,4820.0,0.732,0.77,4.6
K2-208,5500.0,0.872,0.881,4.503
Kepler-616,6004.0,0.977,1.061,4.484
Kepler-1497,5675.0,0.95,0.96,4.47
Kepler-981,5718.0,0.96,0.98,4.47
K2-111,5775.0,1.25,0.84,4.25
Kepler-176,5232.0,0.891,0.86,4.474
Kepler-290,5147.0,0.743,0.756,4.622
TOI-544,4169.0,0.623,0.631,4.68
HD 220842,5960.0,1.41647,1.13,4.24
Kepler-726,5452.0,0.85,0.88,4.53
Kepler-1540,4540.0,0.69,0.74,4.63
Kepler-594,5485.0,0.87,0.91,4.52
Kepler-803,5919.0,1.12,1.05,4.36
Kepler-1732,5821.0,1.494,1.043,4.108
61 Vir,5577.0,0.963,0.942,4.34
HD 156668,4903.69,0.774528,0.785167,4.551151
WASP-126,5800.0,1.27,1.12,4.28
Kepler-225,3682.0,0.48,0.593,4.783
Kepler-143,5848.0,1.359,0.982,4.202
Kepler-269,5847.0,0.959,0.92,4.5
Kepler-1759,5017.0,0.797,0.76,4.516
Kepler-927,5743.0,0.99,0.99,4.45
Kepler-1215,5616.0,0.93,0.95,4.48
Kepler-83,4082.0,0.61,0.66,4.69
Kepler-321,5740.0,1.194,1.024,4.302
K2-212,4349.0,0.678,0.622,4.72
Kepler-1733,6320.0,1.252,1.273,4.347
HIP 14810,5544.0,1.07,1.01,4.32
Kepler-367,4710.0,0.695,0.768,4.631
Kepler-176,5295.0,0.83,0.87,4.55
Kepler-357,5036.0,0.834,0.794,4.503
Kepler-462,7500.0,1.57,1.59,4.22
Kepler-865,5570.0,0.92,0.93,4.49
Kepler-194,6089.0,1.025,0.94,4.415
TOI-763,5450.0,0.897,0.917,4.45
Kepler-1244,6680.0,1.77,1.46,4.1
HD 50499,6102.0,1.351,1.253,4.247
HD 108236,5660.0,0.877,0.869,4.49
Kepler-312,6115.0,1.467,1.314,4.191
HD 20794,5368.0,0.93,0.79,4.39
Proxima Cen,2900.0,0.141,0.1221,5.16372
Kepler-374,5977.0,0.911,1.033,4.479
Kepler-744,5594.0,0.93,0.94,4.48
Kepler-1761,3871.0,0.532,0.573,4.744
K2-48,4899.0,0.73,0.77,4.603
GJ 143,4640.0,0.695,0.73,4.613
Kepler-1282,5504.0,0.89,0.92,4.51
Qatar-6,5052.0,0.722,0.822,4.636
Kepler-1595,5203.0,0.8,0.84,4.56
HD 68988,5883.41,1.255733,1.171665,4.309234
Kepler-1479,5796.0,0.98,0.99,4.45
KOI-984,5295.0,0.818,0.928,4.54
HD 99109,5282.0,0.98,0.76,4.34
HD 22532,5038.0,5.69,1.57,3.09
Kepler-194,6089.0,1.025,0.94,4.415
Kepler-157,5866.0,1.03,1.02,4.42
HD 70573,5737.0,0.976919,1.0,4.59
Kepler-1418,4770.0,0.72,0.77,4.61
HD 115404 A,5019.17,0.727007,0.83,4.63407
LHS 3154,2861.0,0.1405,0.1118,5.20031
Kepler-344,5774.0,0.976,0.931,4.451
Kepler-661,4483.0,0.67,0.7,4.64
HD 112570,4750.0,9.85,1.15,2.51
Oph 11,2375.0,0.232692,0.016,4.25
K2-35,4402.71,0.619575,0.701968,4.697
Kepler-1468,5893.0,1.05,1.04,4.42
Kepler-96,5690.0,1.02,1.0,4.421
Kepler-1371,5361.0,0.83,0.87,4.55
Kepler-180,5731.0,1.063,0.95,4.343
Kepler-1468,5893.0,1.05,1.04,4.42
Kepler-1104,6417.0,1.41,1.3,4.25
HATS-22,4803.0,0.689,0.759,4.644
HD 22781,5027.0,0.743475,0.75,4.6
NGTS-6,4730.0,0.754,0.767,4.7
Kepler-1907,5159.0,0.8,0.752,4.508
Kepler-291,6002.0,1.016,1.023,4.472
Kepler-525,5573.0,1.15,0.95,4.29
Kepler-1168,5157.0,0.82,0.87,4.56
TOI-5624,5327.0,0.82,0.858,4.49
HD 18438,3860.0,88.475,1.84,0.9
HD 154088,5374.0,0.95,0.91,4.37
Kepler-148,5172.0,0.81,0.86,4.56
TOI-663,3681.0,0.512,0.514,4.7266
Kepler-1056,6127.0,1.2,1.12,4.33
CoRoT-9,5625.0,0.96,0.96,4.54
Kepler-1180,6077.0,1.14,1.09,4.36
Kepler-1554,5297.0,0.81,0.84,4.56
Kepler-1424,5838.0,1.07,1.02,4.39
Kepler-1768,6050.0,1.572,1.24,4.137
Kepler-1642,5355.0,0.84,0.88,4.54
Kepler-1534,5442.0,0.86,0.9,4.52
Kepler-234,6224.0,1.113,1.129,4.421
HAT-P-35,6096.0,1.435,1.236,4.21
Kepler-1935,5570.0,0.899,0.845,4.458
Kepler-343,5807.0,1.433,1.055,4.184
Kepler-920,5403.0,0.85,0.89,4.54
Kepler-304,4817.0,0.73,0.8,4.61
HD 190360,5560.0,1.14,0.996,4.1
Kepler-1526,4601.0,0.69,0.73,4.62
HAT-P-64,6457.0,1.735,1.298,4.072
HD 92788,5744.0,1.14,1.15,4.39
KOI-3503,6001.0,1.255,0.858,4.547
Kepler-1879,5865.0,1.388,1.023,4.163
Kepler-526,5894.0,1.14,1.15,4.38
Kepler-541,6166.0,2.06,1.41,3.96
CoRoT-23,5900.0,1.61,1.14,4.3
HD 28109,6189.0,1.425,1.227,4.25
K2-11,5433.0,5.15,1.35,4.56
Kepler-246,5206.0,0.831,0.853,4.557
Kepler-22,5596.0,0.869,0.857,4.443
Kepler-818,5638.0,0.92,0.94,4.49
Kepler-1189,6012.0,1.16,1.11,4.36
WASP-182,5638.0,1.34,1.076,4.218
EPIC 249893012,5430.0,1.71,1.05,3.99
WASP-35,5990.0,1.08,1.05,4.4
Kepler-529,6087.0,1.14,1.07,4.35
HD 65216,5612.0,0.88,0.874,4.44
Kepler-313,5727.0,1.536,1.114,4.127
GJ 180,3371.0,0.413049,0.43,4.81473
TOI-3629,3870.0,0.6,0.63,4.67
HD 31527,5898.0,1.073694,0.96,4.45
HAT-P-61,5587.0,0.938,1.004,4.496
TOI-712,4622.0,0.674,0.732,4.645
TOI-2589,5579.0,1.07,0.93,4.35
NGTS-27,5700.0,1.77,1.07,4.05
Kepler-84,6031.0,1.169,1.06,4.323
Kepler-1011,5416.0,0.88,0.91,4.52
HD 137496,5799.0,1.59,1.04,4.05
Kepler-1600,5214.0,0.82,0.86,4.55
Kepler-49,4095.6,0.618,0.607,4.68
HD 24064,4052.0,40.0,1.61,1.44
Kepler-441,4340.0,0.55,0.572,4.715
Kepler-126,6239.0,1.358,1.108,4.247
K2-14,3789.0,0.45,0.47,4.891
Kepler-748,5934.0,1.1,1.07,4.38
Kepler-1349,6086.0,1.28,1.16,4.29
Kepler-394,6398.0,1.101,1.141,4.411
Kepler-619,5980.0,1.11,1.09,4.38
Kepler-253,5208.0,0.786,0.86,4.595
K2-113,5660.0,1.24,1.04,4.27
Kepler-898,4223.0,0.62,0.65,4.66
TOI-2107,5627.0,0.932,0.961,4.484
WASP-58,5800.0,1.22,1.06,4.27
HD 33844,4861.0,5.29,1.78,3.24
Kepler-139,5594.0,1.3,1.078,4.247
G 192-15,2999.0,0.170718,0.132,5.12283
Kepler-641,5713.0,1.13,1.02,4.33
75 Cet,4809.0,10.38,1.92,2.69
HD 164595,5790.0,1.023606,0.99,4.44
Kepler-217,6171.0,1.799,1.342,4.03
Kepler-235,4255.0,0.554,0.581,4.73
Kepler-642,6570.0,1.66,1.4,4.14
KOI-7892,6474.0,1.242,1.148,4.311
HD 180314,4917.0,9.2,2.6,2.98
Kepler-868,5614.0,0.89,0.93,4.51
Kepler-551,4286.0,0.63,0.65,4.66
bet Cnc,4092.1,47.2,1.7,1.4
Kepler-153,5404.0,0.892,0.756,4.446
Kepler-181,5333.0,0.749,0.81,4.619
HD 97037,5874.1,1.26356,1.06,4.26018
Kepler-776,5071.0,0.78,0.83,4.58
HD 30177,5680.0,1.019,0.98,4.417
TOI-712,4622.0,0.674,0.732,4.645
DMPP-2,6500.0,1.78,1.41,4.1
TOI-3288,4072.0,0.672,0.643,4.592
Kepler-1413,5196.0,0.8,0.84,4.57
HIP 5158,4813.0,0.754089,0.78,4.57532
HATS-60,5688.0,1.46,1.097,4.148
Kepler-465,6310.0,1.29,1.23,4.31
Kepler-953,5416.0,0.99,0.95,4.42
HD 189567,5726.0,1.04,0.83,4.41
Wolf 503,4716.0,0.689,0.688,4.62
Kepler-1525,5748.0,1.04,1.07,4.44
Kepler-1009,4027.0,0.57,0.59,4.7
Kepler-250,5160.0,0.805,0.806,4.565
HD 215497,5113.0,0.85,0.92,4.31
Kepler-1420,5187.0,0.79,0.82,4.57
TOI-672,3810.0,0.54,0.54,4.7
TOI-1696,3185.0,0.2775,0.255,4.959
Kepler-1514,6145.0,1.289,1.196,4.295
HD 95089,4918.0,5.08,1.54,3.24
Kepler-1562,5760.0,1.05,1.02,4.41
HD 20781,5256.0,0.833609,0.7,4.37
Kepler-79,6389.0,1.316,1.244,4.274
Kepler-235,4255.0,0.554,0.581,4.73
HATS-31,6050.0,1.87,1.275,4.0
Kepler-20,5495.0,0.9164,0.929,4.446
HD 69830,5385.0,0.886947,0.86,4.490299
TOI-904,3770.2,0.527,0.557,4.61929
DMPP-1,6196.0,1.26,1.21,4.41
TOI-1268,5300.0,0.92,0.96,4.55
Kepler-947,5508.0,0.87,0.9,4.52
TOI-1246,5213.0,0.8649,0.8889,4.51
Kepler-1402,5416.0,0.87,0.9,4.53
HD 204313,5767.0,1.1,1.03,4.37
Kepler-454,5687.0,1.066,1.03,4.4
K2-27,5246.0,0.876,0.88,4.48
gam1 Leo,4330.0,31.88,1.23,1.59
Kepler-689,5518.0,0.88,0.91,4.51
HD 211970,4127.0,0.574175,0.61,4.6921
Kepler-271,5555.0,0.87,0.9,4.52
CoRoT-24,4950.0,0.86,0.91,4.55
K2-21,4222.06,0.646783,0.676023,4.828
Kepler-1205,5226.0,0.81,0.84,4.56
Kepler-1814,4922.0,0.823,0.79,4.505
HD 73526,5601.0,1.53,1.014,4.12
Kepler-1067,5594.0,0.934,0.981,4.489
HD 94771,5631.0,1.903,1.2,3.94
Kepler-336,5867.0,1.304,1.09,4.264
Kepler-252,4208.0,0.549,0.61,4.721
EPIC 201841433,5053.0,0.628461,0.802,4.595
WASP-75,6100.0,1.26,1.14,4.29
Kepler-1181,6176.0,1.3,1.17,4.27
TOI-6884,6330.0,1.84,1.41,4.057
Kepler-423,5560.0,0.95,0.85,4.41
HD 47366,4866.0,7.3,1.81,2.97
Kepler-65,6211.0,1.41,1.25,4.232
K2-79,5897.0,1.269,1.06,4.26
Kepler-1395,6138.0,1.23,1.17,4.33
Kepler-201,6065.0,1.229,1.098,4.294
Kepler-1518,6846.0,1.88,1.54,4.08
Kepler-1383,6370.0,1.44,1.26,4.23
Kepler-229,5120.0,0.728,0.808,4.633
Kepler-800,5315.0,0.82,0.85,4.55
Kepler-561,5646.0,0.94,0.96,4.48
HD 21693,5430.0,0.914378,0.8,4.37
GJ 4276,3387.0,0.407,0.406,4.97
14 Her,5338.0,0.93,0.97,4.45
Kepler-1272,5926.0,1.09,1.06,4.39
GJ 229,3564.0,0.46,0.509,4.69496
Kepler-137,5187.0,0.802,0.85,4.553
HD 47536,4380.0,23.47,2.1,2.13
GJ 414 A,4120.0,0.68,0.65,4.65
Kepler-309,4713.0,0.721,0.816,4.612
GJ 422,3323.0,0.370328,0.35,4.85435
HD 48948,4593.0,0.679,0.686,4.61
Kepler-722,5863.0,1.05,1.03,4.41
HD 220074,3787.0,54.92,2.2,1.3
24 Boo,4816.0,12.19,1.05,2.28
HD 180617,3534.0,0.481,0.484,4.9
HD 74156,6068.0,1.510576,1.1,4.139148
Kepler-1478,5904.0,1.06,1.04,4.41
Kepler-418,5822.0,1.081,0.957,4.351
Kepler-333,4259.0,0.534,0.601,4.732
HD 79498,5748.0,1.05,1.08,4.37
Kepler-203,5821.0,1.114,1.06,4.358
TOI-1203,5737.0,1.179,0.886,4.34
Kepler-238,5751.0,1.43,1.229,4.194
Kepler-221,5243.0,0.821,0.854,4.543
Kepler-745,5849.0,1.04,1.04,4.42
Kepler-810,5803.0,1.04,1.03,4.42
Kepler-1365,5770.0,1.05,1.0,4.39
Kepler-353,3903.0,0.504,0.553,4.751
HD 28109,6189.0,1.425,1.227,4.25
CoRoT-21,6200.0,1.95,1.29,3.7
HD 20003,5494.0,0.921637,0.875,4.41
Kepler-716,5099.0,0.78,0.83,4.58
TOI-4034,5891.0,1.83,1.19,3.87
Kepler-101,5667.0,1.56,1.17,4.12
HAT-P-4,5860.0,1.596,1.248,4.127
Kepler-619,6122.0,0.964,1.041,4.487
Kepler-411,4974.0,0.82,0.87,4.6
Kepler-1601,5869.0,1.07,1.04,4.4
HD 134606,5576.0,1.158,1.046,4.33
K2-66,5887.0,1.67,1.11,4.03
TOI-1691,5759.0,1.0,1.03,4.409
K2-230,5945.0,1.39,1.11,4.2
HD 20003,5494.0,0.921637,0.875,4.41
Kepler-1026,4948.0,0.75,0.79,4.59
Kepler-445,3157.0,0.21,0.18,4.92504
K2-117,3778.0,0.51,0.54,4.75
Kepler-138,3841.0,0.535,0.535,4.71
Kepler-540,5946.0,1.08,1.02,4.38
Kepler-33,5904.0,1.82,1.291,4.027
KELT-10,5948.0,1.209,1.112,4.319
Kepler-583,5523.0,0.91,0.94,4.5
HD 62364,6255.0,1.401,1.19,4.14
Kepler-1649,3240.0,0.2317,0.1977,5.004
Kepler-1167,4971.0,0.75,0.79,4.6
HD 100508,5419.0,1.0179,0.94,4.39
WASP-57,5600.0,0.927,0.886,4.452
Kepler-1779,5730.0,1.056,1.008,4.394
Kepler-1770,5602.0,1.009,0.941,4.404
Kepler-216,6091.0,1.26,1.126,4.28
TOI-2768,4008.0,0.657,0.63,4.5
Kepler-529,6078.0,1.189,1.005,4.29
Kepler-381,6197.0,2.188,1.198,3.837
Kepler-296,3740.0,0.48,0.498,4.774
Kepler-1739,5757.0,0.762,0.865,4.597
Kepler-278,4965.0,2.861,1.227,3.58
Kepler-615,4655.0,0.69,0.73,4.62
TOI-6383 A,3444.0,0.457,0.458,4.81
K2-268,5106.0,0.78,0.84,4.58
Kepler-1638,5710.0,0.95,0.97,4.47
Kepler-1254,4985.0,0.75,0.78,4.59
Kepler-752,5373.0,0.83,0.87,4.54
Kepler-1692,5146.0,0.866139,0.87,4.50241
K2-45,4103.0,0.445,0.503,4.824
Kepler-148,5272.0,0.851,0.86,4.546
Kepler-1760,5229.0,0.903,0.821,4.441
HD 167768,4851.0,9.7,1.08,2.5
Kepler-6,5647.0,1.391,1.209,4.236
Kepler-1756,4915.0,0.812,0.781,4.512
Kepler-299,5617.0,1.032,1.004,4.394
Kepler-1064,5153.0,0.79,0.85,4.57
Kepler-766,5992.0,1.15,1.1,4.36
HD 96700,5845.0,1.16,0.89,4.39
Kepler-373,5787.0,0.845,0.981,4.562
GJ 876,3293.74,0.3,0.32,4.87177
HD 164604,4663.0,0.78,0.77,4.49
Kepler-208,6092.0,1.314,1.082,4.265
HATS-13,5523.0,0.887,0.962,4.524
Kepler-1146,4692.0,0.7,0.74,4.62
TOI-5300,4610.0,0.65,0.67,4.64
WASP-100,6900.0,1.57,0.77,4.35
Kepler-1643,4916.0,0.855,0.845,4.502
XO-4,6397.0,1.45,1.1,4.18
Kepler-1969,6046.0,1.007,1.111,4.478
WASP-13,5950.0,1.37,0.72,4.06
TOI-5799,3452.0,0.321,0.325,4.936
Kepler-1963,5726.0,0.979,0.915,4.418
Kepler-48,5190.0,0.836,0.916,4.487
Kepler-426,5725.0,0.92,0.91,4.471
Kepler-82,5401.0,0.898,0.91,4.49
NGTS-33,7437.0,1.47,1.6,4.26
HD 113337,6774.0,1.5,1.41,4.21
Kepler-1834,4821.0,0.788,0.765,4.529
GJ 411,3719.0,0.3685,0.3899,4.895
Kepler-122,6050.0,1.216,0.982,4.299
Kepler-1276,6188.0,1.21,1.14,4.33
Kepler-1653,4807.0,0.693,0.719,4.618
Kepler-1410,4092.0,0.6,0.63,4.67
Kepler-1864,5854.0,0.979,1.03,4.469
Kepler-1750,5644.0,0.969,0.981,4.457
WASP-24,6075.0,1.42,1.43,4.26
Kepler-304,4731.0,0.687,0.737,4.635
HD 331093,5544.0,1.1112,1.03,4.2
K2-110,5010.0,0.713,0.738,4.61
K2-32,5271.0,0.86,0.83,4.49
Kepler-1101,5614.0,0.91,0.94,4.5
Kepler-58,6099.0,1.127,1.024,4.372
Kepler-1090,5321.0,0.82,0.86,4.55
DMPP-1,6196.0,1.26,1.21,4.41
Kepler-1110,4781.0,0.7,0.73,4.62
HD 67087,6330.0,1.55,1.36,4.19
Kepler-334,5828.0,1.068,1.022,4.385
HD 204941,5026.0,0.78,0.58,4.42
TOI-1470,3709.0,0.469,0.471,4.77
TOI-4342,3866.0,0.598,0.587,4.652
HD 68988,5932.0,1.19,1.28,4.4
TOI-2207,6101.0,1.564,1.296,4.161
HD 48265,5805.0,2.05,1.38,4.06
K2-3,3844.0,0.546,0.549,4.704
OGLE-TR-182,5924.0,1.14,1.14,4.47
HD 96700,5845.0,1.16,0.89,4.39
Kepler-208,6092.0,1.314,1.082,4.265
Kepler-1129,5831.0,1.0,1.0,4.44
Kepler-1553,5288.0,0.81,0.85,4.56
Kepler-1374,5323.0,0.81,0.85,4.56
HD 4113,5688.0,1.077514,1.008,4.4
Kepler-639,5896.0,1.29,1.14,4.27
Kepler-655,6170.0,1.24,1.15,4.31
Kepler-1461,4919.0,0.74,0.79,4.6
GJ 251,3342.0,0.36,0.35,4.87
NGTS-23,6057.0,1.24,1.01,4.04
HD 13808,5035.0,0.781,0.771,4.57546
HD 108874,5600.0,1.05,1.1,4.44
Kepler-340,6620.0,1.85,1.65,4.063
Kepler-252,4208.0,0.549,0.61,4.721
HD 125271,4703.93,0.751364,0.75,4.56143
WASP-93,6700.0,1.524,1.334,4.197
Kepler-299,5617.0,1.032,1.004,4.394
Kepler-276,6105.0,1.046,0.845,4.453
Kepler-958,5421.0,0.86,0.91,4.53
Kepler-381,6152.0,1.568,1.144,4.12
Kepler-202,4668.0,0.667,0.683,4.65
K2-187,5438.0,0.83,0.966999,4.6
Kepler-1624,3768.0,0.552,0.541,4.685
TOI-198,3801.0,0.418,0.417,4.81
Kepler-963,5461.0,0.87,0.91,4.52
Kepler-846,5579.0,0.91,0.94,4.5
YZ Cet,3151.0,0.157,0.142,5.17
K2-271,5644.0,0.99,0.83,4.37
WASP-188,6850.0,1.83,1.5,4.1
K2-36,4916.0,0.718,0.79,4.621
WASP-97,5640.0,1.08,1.18,4.45
Kepler-1798,3967.0,0.587,0.593,4.674
TOI-2992,6000.0,1.545,1.21,4.139
TOI-4201,3794.0,0.63,0.61,4.64
HD 168863,4905.0,0.777826,0.8,4.55939
Kepler-495,5392.0,1.087,0.888,4.314
Kepler-268,6081.0,1.274,1.109,4.287
K2-268,5106.0,0.78,0.84,4.58
Kepler-1584,6069.0,1.13,1.1,4.37
Kepler-1368,5906.0,1.08,1.07,4.4
Kepler-924,6167.0,1.23,1.14,4.32
Kepler-1542,5564.0,0.99,0.94,4.41
Kepler-331,4347.0,0.492,0.653,4.768
Kepler-1096,4306.0,0.63,0.66,4.66
TOI-615,6850.0,1.732,1.449,4.2
Kepler-303,3944.0,0.485,0.575,4.768
HD 150010,4153.0,16.2,1.3,2.1
WASP-99,6150.0,1.64,1.21,4.3
HD 56414,8500.0,1.751,1.89,4.25979
Kepler-1388,4098.0,0.61,0.63,4.67
GJ 514,3728.0,0.5,0.51,4.76
TOI-628,6250.0,1.345,1.311,4.3
Kepler-92,5883.0,1.7,1.21,4.05
Kepler-552,5863.0,1.04,1.03,4.42
MASCARA-4,7800.0,1.79,1.75,4.1
Kepler-1846,4825.0,0.732,0.785,4.603
HD 82943,5935.0,1.1826,1.08,4.32582
HD 147873,5972.0,2.29,1.38,3.86
HAT-P-24,6373.0,1.38,1.37,4.27
NGTS-24,5820.0,1.64,1.26,4.09
Qatar-8,5738.0,1.315,1.029,4.214
Kepler-288,5918.0,1.091,0.842,4.353
alf Ari,4553.0,13.9,1.5,2.33
GJ 160.2,4347.0,0.655173,0.69,4.61312
HIP 5763,4352.0,0.750378,0.72,4.52002
Kepler-1258,5839.0,0.99,0.99,4.45
TOI-159,7287.0,1.62,1.661,4.23
TOI-6628,5463.0,1.01,0.97,4.416
NSVS 14256825,40000.0,0.188,0.419,5.49946
TOI-2093,4426.0,0.729,0.745,4.87
Kepler-33,5904.0,1.82,1.291,4.027
HD 233604,4791.0,10.9,1.5,2.55
TOI-715,3075.0,0.24,0.225,5.0
TOI-1266,3563.0,0.4232,0.437,4.826
TOI-1836,6380.0,1.577,1.307,4.159
Kepler-1103,6092.0,1.15,1.11,4.36
Kepler-32,3900.0,0.53,0.58,4.64
HD 167677,5474.0,0.95271,0.96,4.43
Kepler-1915,6020.0,1.057,1.03,4.403
K2-275,4841.0,0.69,0.77,4.65
Kepler-968,4598.0,0.7,0.76,4.63
HD 93963 A,5908.0,1.0311,1.0844,4.445
Kepler-1734,6061.0,0.97,1.05,4.486
Kepler-1669,4224.0,0.603,0.609,4.662
Kepler-993,3843.0,0.54,0.57,4.72
Kepler-288,5918.0,1.091,0.842,4.353
Kepler-215,5739.0,1.027,0.788,4.364
Kepler-1867,5693.0,0.816,0.911,4.57
EPIC 212737443,4684.0,0.673,0.69,4.622
K2-270,4877.0,0.77,0.85,4.59
HD 4203,5596.0,1.42,1.25,4.23
Kepler-48,5194.0,0.89,0.88,4.487
Kepler-550,5322.0,0.83,0.87,4.55
HD 111232,5512.0,0.9,0.96,4.45
Kepler-215,5739.0,1.027,0.788,4.364
TOI-2169 A,6270.0,1.82,1.42,4.069
Kepler-763,4999.0,0.843,0.8,4.49
K2-268,5106.0,0.78,0.84,4.58
HATS-50,5990.0,1.117,1.168,4.411
Kepler-407,5476.0,1.01,1.0,4.426
Kepler-1134,5281.0,0.81,0.84,4.56
Kepler-1989,6032.0,1.06,0.999,4.387
HD 18015,5603.0,3.13,1.49,3.64
Kepler-211,5123.0,0.816,0.867,4.547
TOI-1798,5165.0,0.78,0.87,4.572
Kepler-567,5148.0,0.79,0.84,4.57
TOI-2019,5626.0,1.7457,1.1832,4.025
Kepler-24,6028.0,1.099,1.06,4.33
HD 103774,6489.0,1.581047,1.335,4.26
Kepler-161,5078.0,0.806,0.853,4.553
GJ 3293,3466.0,0.404,0.42,4.78125
HD 40307,4956.0,0.716684,0.77,4.47
Kepler-1670,5838.0,1.51889,1.05,4.0962
K2-225,5520.0,1.7,1.482,4.148
Kepler-1308,3468.0,0.34,0.35,4.92
47 UMa,5872.0,1.21334,1.06,4.29541
HD 142022 A,5421.0,1.04,0.9,4.35
Kepler-24,6028.0,1.099,1.06,4.33
Kepler-404,5654.0,0.884,0.86,4.543
Kepler-1254,4985.0,0.75,0.78,4.59
WASP-135,5675.0,0.96,0.98,4.47
HATS-15,5311.0,0.922,0.871,4.449
HD 37124,5698.64,0.949168,0.85,4.391203
Ross 128,3192.0,0.1967,0.168,5.04705
WASP-3,6400.0,1.44,1.62,4.25
Kepler-170,5679.0,1.035,1.066,4.445
Kepler-1936,6501.0,1.854,1.419,4.054
KELT-1,6516.0,1.471,1.335,4.228
Kepler-640,5653.0,0.94,1.01,4.5
Kepler-1045,5301.0,0.82,0.86,4.55
Kepler-1862,5644.0,0.806,0.9,4.575
HD 103197,5250.0,0.88,0.8,4.45
psi1 Dra B,6212.0,1.255735,1.19,4.2
Kepler-990,5948.0,1.08,1.05,4.39
Kepler-50,6225.0,1.58,1.24,4.132
K2-260,6860.0,1.755,1.637,4.161
WASP-144,5200.0,0.81,0.81,4.53
Kepler-1304,5259.0,0.81,0.85,4.56
Kepler-1128,5543.0,0.91,0.94,4.5
Kepler-1537,5079.0,0.77,0.81,4.58
HATS-70,7930.0,1.881,1.78,4.167
Kepler-1043,5629.0,0.9,0.92,4.5
NGTS-35,4717.0,0.753,0.789,4.57
Kepler-368,5502.0,2.019,1.165,3.903
Kepler-479,5247.0,0.81,0.86,4.56
Kepler-1404,5261.0,0.8,0.84,4.56
Kepler-1987,4769.0,0.714,0.799,4.622
K2-99,6069.0,2.55,1.44,3.783
Kepler-1085,6000.0,1.14,1.11,4.37
HD 156668,4850.0,0.72,0.772,4.598
TOI-1728,3980.0,0.6243,0.646,4.657
Kepler-28,4499.3,0.664,0.684,4.62
Kepler-1135,5656.0,0.94,0.96,4.47
HD 30856,4895.0,4.4,1.17,3.2
Kepler-173,6031.0,0.949,1.067,4.404
TOI-6038 A,6110.0,1.648,1.291,4.118
SPECULOOS-3,2800.0,0.123,0.1009,5.265
Kepler-1445,6150.0,1.26,1.13,4.28
Kepler-796,5475.0,1.09,0.93,4.33
XO-2 S,5325.0,1.02,0.98,4.42
Kepler-1095,5658.0,0.92,0.94,4.48
Kepler-1105,4299.0,0.68,0.71,4.62
TIC 257060897,5993.0,1.863,1.187,3.972
Kepler-181,5333.0,0.749,0.81,4.619
Kepler-1748,5774.0,0.864,0.916,4.526
K2-29,5358.0,0.86,0.94,4.54
Kepler-1347,5193.0,0.79,0.82,4.57
Kepler-336,5867.0,1.304,1.09,4.264
OGLE-TR-56,6050.0,1.363,1.228,4.258
Kepler-1616,6266.0,1.34,1.21,4.26
14 And,4888.0,11.55,1.78,2.55
xi Aql,4841.0,10.86,1.74,2.61
Kepler-37,5357.0,0.789,0.79,4.5667
HD 69830,5385.0,0.886947,0.86,4.490299
Kepler-719,5777.0,0.98,0.99,4.45
HAT-P-28,5680.0,1.103,1.025,4.36
TOI-1232,5823.0,1.072,1.058,4.403
Kepler-667,5327.0,0.87,0.91,4.53
Kepler-772,5714.0,1.11,0.98,4.33
Kepler-4,5857.0,1.487,1.223,4.17
WASP-56,5600.0,0.96,0.71,4.5
Kepler-557,6068.0,1.16,1.11,4.35
Kepler-374,5977.0,0.911,1.033,4.479
Kepler-186,3755.0,0.523,0.544,4.736
HD 147513,5883.0,0.98,1.11,4.51
Kepler-351,5643.0,0.854,0.81,4.556
HD 93385,5977.0,1.18484,1.04,4.42
TOI-5007,3793.0,0.656,0.632,4.604
rho CrB,5817.0,1.3617,1.0,4.121
GPX-1,7000.0,1.56,1.68,4.27
EPIC 249893012,5430.0,1.71,1.05,3.99
Kepler-310,5797.0,0.876,0.854,4.521
Kepler-1585,5538.0,0.91,0.94,4.5
HD 23596,6040.0,1.53,1.1,4.23
TOI-6041,5445.0,0.879,0.885,4.498
Kepler-161,5078.0,0.806,0.853,4.553
Kepler-553,5191.0,0.902,0.889,4.48
Kepler-1169,6191.0,1.23,1.24,4.35
HD 25015,5160.0,0.83,0.86,4.4
Kepler-861,5047.0,0.78,0.82,4.58
TOI-269,3514.0,0.398,0.3917,4.831
IC 4651 9122,4740.1,10.267424,2.1,2.52
K2-115,5870.0,0.855,0.918,4.538
Kepler-489,5014.0,0.76,0.82,4.59
Kepler-839,6058.0,1.31,1.22,4.29
HD 11506,6123.0,1.24,1.22,4.39
TOI-5542,5700.0,1.058,0.89,4.2
Kepler-960,4755.0,0.72,0.77,4.61
Kepler-261,5098.0,0.794,0.834,4.561
Kepler-348,6177.0,1.359,1.189,4.244
18 Del,4980.0,8.8,2.1,2.87
HD 208897,4860.0,4.98,1.25,3.13
Kepler-1386,5733.0,1.03,1.02,4.41
Kepler-528,5807.0,1.06,1.01,4.39
TOI-5573,3790.0,0.594,0.619,4.68
HATS-26,6071.0,2.04,1.299,3.936
Kepler-1533,6431.0,1.51,1.31,4.2
Kepler-102,4909.0,0.724,0.803,4.6
Kepler-215,5739.0,1.027,0.788,4.364
Kepler-394,6402.0,1.132,0.87,4.408
Kepler-820,6260.0,1.36,1.23,4.25
K2-259,6059.0,1.13,1.14,4.39
Kepler-1942,5834.0,0.797,0.852,4.566
Kepler-416,5718.0,1.075,1.0,4.42
Kepler-401,6117.0,1.333,1.173,4.254
HD 202206,5766.0,1.04,1.07,4.5
Kepler-769,6186.0,1.28,1.19,4.3
Kepler-417,5177.0,0.806,0.9,4.57
Kepler-1483,6337.0,1.4,1.25,4.24
HD 13931,5867.0,1.25,1.3,4.36
Kepler-608,5820.0,1.01,1.0,4.43
Kepler-59,6074.0,0.94,1.04,4.51
GJ 433,3461.0,0.5,0.48,4.81
Kepler-193,6335.0,1.147,1.051,4.403
Kepler-888,5875.0,0.9,0.97,4.52
NGTS-3 A,5600.0,0.93,1.017,4.44807
Kepler-1972,5818.0,1.384,1.12,4.2
HD 86065,4927.56,0.780347,0.81,4.56198
Kepler-799,5588.0,1.593,1.031,4.047
HD 171028,5671.0,2.47,1.53,3.84
Kepler-228,6043.0,1.014,1.006,4.467
HIP 19976,4316.0,0.772319,0.67,4.48855
HD 89744,6291.0,2.13257,1.86,4.07
HD 96992,4725.0,7.43,0.96,2.76
Kepler-1875,6161.0,0.862,0.95,4.545
Kepler-326,5105.0,0.801,0.91,4.556
bet Pic,8038.68,1.54416,1.789,4.35072
Kepler-1642,5355.0,0.84,0.88,4.54
K2-355,5790.0,0.92,0.96,4.49
Kepler-125,3810.0,0.512,0.542101,4.744
HD 33142,5025.4,4.17,1.52,3.375
Kepler-174,4880.0,0.622,0.602,4.679
K2-162,4842.0,0.69,0.75,4.63
WASP-1,6110.0,1.47,1.24,4.207
Wendelstein-1,4251.0,0.61,0.65,4.54826
Kepler-1752,5446.0,0.821,0.824,4.525
KOI-351,6080.0,1.2,1.2,4.4
K2-138,5356.3,0.863,0.935,4.54
Kepler-1615,5865.0,1.05,1.04,4.42
Kepler-1289,6080.0,1.17,1.1,4.35
HD 34445,5836.0,1.38,1.07,4.21
WASP-41,5545.0,0.83,0.81,4.53
Kepler-963,5169.47,0.928,0.821,4.52
Kepler-327,3799.0,0.492,0.591913,4.758
Kepler-722,5863.0,1.05,1.03,4.41
TOI-1803,4687.0,0.715,0.756,4.62
HD 164922,5390.0,0.946,0.926,4.46
TOI-2485,6016.4,1.72,1.163,4.01
HATS-28,5498.0,0.922,0.929,4.476
Kepler-1186,5635.0,0.93,0.95,4.49
Kepler-618,5860.0,1.08,1.05,4.39
WASP-192,5910.0,1.32,1.09,4.236
Kepler-342,6175.0,1.472,1.213,4.187
HD 108236,5660.0,0.877,0.869,4.49
TOI-1758,5169.0,0.81,0.88,4.53
HD 98649,5759.0,1.01,0.97,4.38
HR 858,6354.0,1.258,1.204,4.3
HD 59686 A,4658.0,13.2,1.9,2.49
Kepler-979,5310.0,0.83,0.87,4.54
TOI-1135,6320.0,1.202,1.119,4.328
TOI-2193 A,5966.0,1.248,1.082,4.278
Kepler-1492,4712.0,0.72,0.77,4.62
K2-16,4742.0,0.66,0.68,4.51
HATS-74 A,3776.9,0.5758,0.601,4.696
TOI-4479,3400.0,0.451,0.452,4.5
Kepler-222,5433.0,0.869,0.933,4.551
Kepler-1568,5956.0,1.19,1.09,4.32
Kepler-1207,5909.0,1.06,1.06,4.41
HATS-23,5780.0,1.199,1.121,4.328
Kepler-1636,5797.0,1.02,1.01,4.43
Kepler-1822,5165.0,0.702,0.782,4.633
HD 28678,4972.0,6.48,1.53,3.06
Kepler-164,5888.0,1.148,1.036,4.331
HD 20781,5256.0,0.833609,0.7,4.37
Kepler-712,5148.0,0.78,0.84,4.58
Kepler-208,6092.0,1.314,1.082,4.265
K2-192,5222.0,0.81,0.9,4.57
Kepler-1123,5500.0,0.9,0.93,4.5
TOI-1238,4089.0,0.58,0.59,4.63
K2-282,5499.0,1.0,0.94,4.5
HD 121504,6027.0,1.07,1.62,4.59
WASP-133,5700.0,1.44,1.16,4.18
Kepler-255,5431.0,0.86,0.9,4.53
HD 63454,4812.0,0.77,0.42,4.28
HD 6718,5746.0,1.02,0.96,4.48
Kepler-483,6346.0,1.47,1.28,4.21
BD+20 594,5766.0,1.08,1.67,4.5
TYC 0434-04538-1,4679.0,9.99,1.04,2.49
Kepler-1243,5667.0,0.94,0.96,4.48
HD 73534,4917.0,2.58,1.16,3.6
Kepler-1494,5659.0,0.94,0.96,4.48
Kepler-186,3788.0,0.472,0.478,4.77
24 Sex,5098.0,4.9,1.54,3.5
TIC 87422071,6150.0,1.489,1.239,4.183
GJ 3988,3273.0,0.19734,0.1842,4.92
HD 9446,5793.0,1.0,1.0,4.53
HD 35843,5666.0,0.897,0.94,4.47
Kepler-116,6142.0,1.454,1.198,4.196
K2-284,4140.0,0.607,0.63,4.67
Kepler-1958,5749.0,0.864,0.961,4.547
HD 152581,5027.0,5.14,1.3,3.29
Kepler-74,6000.0,1.12,1.18,4.44
Kepler-87,5600.0,1.82,1.1,3.96
Kepler-812,6761.0,1.71,1.45,4.13
Kepler-80,4540.0,0.678,0.73,4.639
TOI-2266,3200.0,0.24,0.23,4.97167
WASP-23,5150.0,0.765,0.78,4.4
Kepler-1265,4630.0,0.69,0.71,4.63
NGTS-1,3916.0,0.573,0.617,4.71
Kepler-1187,5975.0,1.09,1.06,4.39
Kepler-164,5888.0,1.097,0.966,4.342
Kepler-184,5788.0,0.873,0.872,4.51
HD 332231,6128.0,1.266,1.1642,4.296
TOI-1199,5710.0,1.45,1.23,4.19
TOI-4961,5380.0,0.912,0.912,4.479
Kepler-75,5200.0,0.89,0.91,4.5
HD 39091,5998.0,1.17,1.07,4.43
HAT-P-3,5185.0,0.87,1.06,4.56
HD 30562,5882.0,1.61,1.12,4.07
Kepler-233,5360.0,0.758,0.855,4.614
BD-10 3166,5393.0,0.91,1.47,4.69
Kepler-1834,4821.0,0.788,0.765,4.529
Kepler-207,5920.0,1.588,1.313,4.129
Kepler-118,5274.0,1.094,0.811,4.321
HATS-55,6214.0,1.126,1.1955,4.4121
Kepler-822,5928.0,1.08,1.06,4.4
Kepler-292,5299.0,0.826,0.865,4.536
Kepler-444,5046.0,0.752,0.758,4.5625
bet Pic,8038.68,1.54416,1.789,4.35072
HD 183263,5948.0,1.23,1.06,4.37
Kepler-654,5865.0,1.11,1.04,4.36
91 Aqr,4665.0,11.0,1.4,2.52
Kepler-864,5754.0,1.0,1.0,4.44
Kepler-1628,3724.0,0.52,0.55,4.74
Kepler-944,5409.0,0.83,0.86,4.54
HD 181720,5736.0,1.5,1.03,4.09
Kepler-322,5388.0,0.89,0.908,4.501
Kepler-1394,6481.0,2.55,1.64,3.84
HD 109246,5844.0,1.07,1.2,4.46
Kepler-1672,6131.95,1.08841,1.16,4.42894
Kepler-1744,5986.0,0.85,0.886,4.527
TOI-4515,5433.0,0.86,0.949,4.48
Ross 176,4041.0,0.569,0.577,5.07
CoRoT-31,5700.0,2.15,1.25,3.85
TOI-1775,5284.0,0.8288,0.9218,4.565
K2-73,5867.0,1.058,1.02,4.39
Kepler-129,5770.0,1.653,1.178,4.08
Kepler-1267,6096.0,1.2,1.15,4.33
Kepler-1795,4500.0,0.688,0.768,4.638
Kepler-903,5682.0,0.97,0.98,4.46
GJ 3293,3466.0,0.404,0.42,4.78125
TOI-5713,3225.0,0.2992,0.2653,4.91
K2-285,4975.0,0.787,0.83,4.4
TOI-4184,3238.0,0.2347,0.2109,5.01
Kepler-220,4632.0,0.666,0.729,4.652
Kepler-880,6761.0,1.74,1.46,4.12
HD 35843,5666.0,0.897,0.94,4.47
HATS-68,6147.0,1.748,1.351,4.083
Kepler-324,5194.0,0.84,0.901,4.53
Kepler-1547,6078.0,1.18,1.12,4.34
Kepler-116,6142.0,1.454,1.198,4.196
Kepler-1076,4868.0,0.74,0.79,4.6
nu Oph,4887.0,12.24,2.61,2.64
Kepler-170,5679.0,1.035,1.066,4.445
HD 134987,5585.0,1.25,1.1,4.31
Kepler-530,5697.0,0.89,0.97,4.53
Kepler-1596,5706.0,0.92,0.95,4.49
Kepler-396,5656.0,1.06,0.85,4.32
WASP-88,6430.0,1.8,0.94,3.96
Kepler-1438,5530.0,0.96,0.97,4.46
GJ 15 A,3607.0,0.38,0.38,4.87
TOI-157,5404.0,1.167,0.948,4.281
K2-114,4899.0,0.832,0.863,4.534
Kepler-100,5837.0,1.51,1.13,4.1
tau Gem,4388.0,26.8,2.3,1.96
Kepler-265,5835.0,1.103,0.97,4.326
Kepler-1921,6120.0,2.0,1.251,3.934
CoRoT-19,6090.0,1.65,1.21,4.07
HD 110537,5718.0,1.16626,1.02,4.31308
Kepler-788,6159.0,1.23,1.16,4.32
Kepler-336,5867.0,1.304,1.09,4.264
HIP 48714,4015.5,0.595456,0.58,4.65505
Kepler-154,5690.0,1.001,0.933,4.415
Kepler-1225,6140.0,1.19,1.13,4.34
Kepler-332,4955.0,0.72,0.743,4.611
WASP-173 A,5800.0,1.11,1.05,4.37
WASP-71,6050.0,1.82,0.76,3.9
Kepler-66,5962.0,0.966,1.038,4.484
Kepler-755,5043.0,0.77,0.82,4.58
Kepler-1785,5618.0,0.996,0.911,4.401
GJ 9773,3528.0,0.362,0.358,4.84674
Kepler-247,5100.0,0.768,0.887,4.608
Kepler-1552,5202.0,0.78,0.85,4.58
Kepler-549,5360.0,0.84,0.88,4.54
Kepler-130,5884.0,1.127,0.927,4.304
HD 24040,5776.49,1.387296,1.10394,4.197486
Kepler-304,4731.0,0.687,0.737,4.635
Kepler-2000,3757.0,0.576,0.581,4.681
Kepler-327,3799.0,0.492,0.591913,4.758
LSPM J2116+0234,3475.0,0.431,0.43,4.95
Kepler-1371,5361.0,0.83,0.87,4.55
BD+20 274,4296.0,17.3,0.8,1.99
Kepler-538,5534.0,0.8717,0.892,4.51
HD 189567,5726.0,1.04,0.83,4.41
HAT-P-62,5629.0,1.17,1.023,4.312
Kepler-443,4723.0,0.706,0.738,4.614
TOI-530,3659.0,0.54,0.53,4.7
GJ 676 A,3734.0,0.69,0.626,4.62
WASP-175,6229.0,1.204,1.212,4.359
Kepler-127,6106.0,1.359,1.248,4.265
HD 1605,4915.0,3.49,1.33,3.4
HIP 14810,5544.0,1.07,1.01,4.32
LHS 1678,3490.0,0.329,0.345,4.89044
Kepler-42,3068.0,0.17,0.13,5.11
HD 141937,5870.0,1.03,1.09,4.45
TOI-1518,7299.0,1.942,1.88,4.136
Kepler-388,4498.0,0.586,0.635,4.69
TOI-2458,6005.0,1.31,1.05,4.2
HD 18599,5145.0,0.767,0.863,4.54
Kepler-1301,5188.0,0.81,0.85,4.56
Kepler-879,5456.75,1.022,0.974,4.42
HD 73583,4511.0,0.65,0.73,4.62
Kepler-784,5676.0,1.487,1.016,4.1
Kepler-1216,5743.0,0.98,0.99,4.46
Kepler-149,5381.0,0.953,1.013,4.465
HD 33142,5025.4,4.17,1.52,3.375
Kepler-1896,6122.0,0.996,1.07,4.471
Kepler-653,5665.0,1.19,1.02,4.29
Kepler-714,5995.0,1.12,1.09,4.37
Kepler-1458,5653.0,0.94,0.96,4.48
TOI-4364,3528.0,0.4684,0.487,4.785
K2-57,4413.0,0.671,0.699,4.629
Kepler-481,5802.0,1.09,1.01,4.36
Kepler-1419,5796.0,1.01,1.01,4.43
HD 95338,5097.0,0.868,0.848,4.44
Kepler-1112,6496.0,1.54,1.34,4.19
Kepler-345,4504.0,0.623,0.61,4.683
KOI-142,5466.0,0.897,0.99,4.528
HD 148427,5025.0,3.86,1.64,3.48
Kepler-271,5555.0,0.87,0.9,4.52
Pr0211,5300.0,0.827,0.935,4.51
Kepler-372,6509.0,1.137,1.202,4.405
Kepler-338,5923.0,1.735,1.105,4.017
GJ 3998,3726.0,0.5,0.52,4.75
HD 137388,5181.0,0.88,0.68,4.39
Kepler-1673,6014.95,1.13166,1.11,4.37596
Kepler-1868,4658.0,0.686,0.743,4.632
HD 87883,4980.0,0.798557,0.8,4.54862
Kepler-740,5438.0,0.87,0.91,4.52
Kepler-1322,5704.0,0.804,0.897,4.575
Kepler-379,6054.0,1.306,1.125,4.273
HD 216435,5999.0,1.800029,1.3,4.154
HATS-76,4016.0,0.6259,0.662,4.665
Kepler-1211,5705.0,0.94,0.96,4.48
HAT-P-33,6446.0,1.79,1.82,4.15
HD 12235,5986.0,1.80185,1.1,3.96802
CoRoT-26,5590.0,1.79,1.09,3.99
Kepler-1161,4253.0,0.57,0.59,4.7
Kepler-224,5018.0,0.676,0.777,4.639
mu Leo,4538.2,11.4,1.5,2.4
WASP-176,5941.0,1.925,1.345,3.995
WASP-65,5600.0,1.01,0.93,4.4
K2-282,5499.0,1.0,0.94,4.5
HD 60292,4348.0,27.0,1.7,1.9
HD 2685,6801.0,1.56,1.43,4.21
HIP 12961,3901.0,0.65,0.69,4.65
K2-53,5263.0,0.807,0.851,4.555
WASP-117,6040.0,1.22,1.29,4.28
Kepler-363,5593.0,1.485,1.226,4.152
K2-37,5352.0,0.809,0.84,4.53
Kepler-1594,5946.0,1.08,1.06,4.39
HD 4917,4802.0,5.01,1.32,2.97
HIP 65407,5460.0,0.952252,0.93,4.47
Kepler-1149,5833.0,1.01,1.02,4.43
Gaia-1,5470.0,0.952,0.949,4.43994
Kepler-1527,6224.0,1.32,1.21,4.27
Kepler-986,5642.0,0.98,0.96,4.43
Kepler-1070,6261.0,1.32,1.21,4.27
HD 31527,5898.0,1.073694,0.96,4.45
Kepler-286,5580.0,0.863,0.83,4.495
Kepler-1141,5791.0,1.07,1.01,4.38
Kepler-1980,5819.0,0.99,1.049,4.468
Kepler-733,5418.0,0.86,0.9,4.53
Kepler-1845,4703.0,0.701,0.686,4.582
HD 168443,5491.0,1.711479,0.98,3.987745
TOI-5938,4650.0,0.712,0.744,4.59
Kepler-1034,5198.0,0.8,0.83,4.57
Kepler-1286,5753.0,0.98,1.0,4.45
K2-189,5442.0,0.879,0.85,4.51
HD 13724,5835.31,1.04198,1.004,4.42354
Kepler-643,4908.0,2.52,1.0,3.64
CoRoT-7,5256.0,0.864273,0.899,4.51853
Kepler-318,5746.0,1.189,1.073,4.325
HD 185269,5923.0,2.0,1.3,3.92
Kepler-47,5636.0,0.936,0.957,4.492
HD 156098,6419.19,2.75716,1.29,3.66773
HD 190007,4610.0,0.79,0.77,4.58
HD 155358,5900.0,1.38,0.92,4.16
Kepler-1603,6241.0,1.31,1.21,4.28
Kepler-732,3631.0,0.46,0.49,4.79
HATS-27,6438.0,1.74,1.415,4.107
HD 32963,5727.0,1.111044,0.94,4.41
Kepler-1860,5420.0,0.868,0.874,4.502
HD 29399,4845.0,4.5,1.17,3.25
XO-3,6970.0,1.523,1.449,4.234
Kepler-1040,5694.0,0.96,0.98,4.47
TOI-5882,5920.0,2.26,1.334,3.856
KOI-134,6160.0,1.667,1.407,4.11
Kepler-542,5526.0,0.9,0.93,4.5
Kepler-1683,5429.0,0.900327,0.95,4.50699
HD 23472,4684.0,0.71,0.67,4.53
Kepler-285,5411.0,0.808,0.915,4.584
HD 17092,4326.0,13.58,6.73,3.0
Kepler-339,5631.0,0.802,0.87,4.586
Kepler-310,5797.0,0.876,0.854,4.521
HD 1690,4374.0,21.66,1.86,2.04
Kepler-1398,6126.0,1.18,1.13,4.34
NGTS-8,5241.0,0.98,0.89,4.41
HD 3765,5049.8,0.83061,0.851785,4.527285
KOBE-1,4135.0,0.619,0.629,5.07
TOI-6420,6020.0,1.312,1.165,4.268
Kepler-970,4290.0,0.71,0.67,4.618
TOI-5388,3440.0,0.3,0.292,4.99
HD 45364,5466.0,0.89,0.82,4.38
HAT-P-70,8450.0,1.858,1.89,4.181
Kepler-69,5638.0,0.93,0.81,4.4
HD 218566,4730.0,0.85,0.76,4.46
Kepler-454,5687.0,1.066,1.03,4.4
BD+63 1405,5000.0,0.804724,0.816,4.2
Kepler-311,5905.0,1.188,0.994,4.308
Kepler-943,5612.0,0.91,0.93,4.5
HD 113538,4462.0,0.53,0.585,3.79
Kepler-836,5895.0,1.04,1.03,4.41
TOI-122,3403.0,0.334,0.312,4.88
Kepler-223,5803.0,1.72,1.125,4.46
Kepler-137,5187.0,0.802,0.85,4.553
HD 27894,4875.0,0.891767,0.8,4.22
TOI-5076,4780.0,0.844,0.789,4.483
HD 196067,6072.0,1.71,1.16,4.09
HATS-52,6010.0,1.046,1.111,4.445
K2-241,5262.0,0.75,0.71,4.54
Kepler-250,5160.0,0.805,0.806,4.565
HD 240237,3926.0,71.23,8.76,1.67
TOI-1601,5982.0,2.195,1.5055,3.928
Kepler-1298,6339.0,2.0,1.45,4.0
HD 4732,4898.0,5.03,1.39,3.17
TOI-237,3212.0,0.211,0.179,5.04
TOI-1694,5005.0,0.812,0.828,4.536
K2-155,4258.0,0.58,0.65,4.6
Kepler-289,5990.0,1.0,1.08,4.47
HIP 109600,5530.0,0.971958,0.87,4.45
HAT-P-44,5295.0,0.949,0.942,4.46
eps Ind A,4700.0,0.713,0.8,5.25
Kepler-407,5487.0,1.04,0.99,4.3
HD 48265,5733.0,1.901,1.312,3.97
Kepler-263,5265.0,0.785,0.793,4.576
Kepler-1219,5944.0,1.94,1.25,3.97
Kepler-9,5774.0,0.958,1.022,4.49
Kepler-1574,5892.0,1.08,1.06,4.4
Kepler-1411,5664.0,0.92,0.95,4.49
TOI-3353,6365.0,1.0207,1.332089,4.54516
TOI-2180,5695.0,1.636,1.111,4.057
61 Vir,5577.0,0.963,0.942,4.34
Kepler-1050,6010.0,1.13,1.09,4.37
Kepler-1306,5727.0,0.97,0.98,4.45
K2-285,4975.0,0.787,0.83,4.4
Kepler-201,6065.0,1.229,1.098,4.294
K2-291,5520.0,0.899,0.934,4.5
HD 220773,5940.0,1.679696,1.16,4.24
BD-11 4672,4550.0,0.639,0.651,4.642
TOI-169,5880.0,1.288,1.147,4.278
Kepler-1564,5528.0,0.9,0.93,4.5
GJ 536,3641.0,0.529,0.528,4.713
K2-243,6570.0,1.39,1.29,4.26
Kepler-332,4955.0,0.72,0.743,4.611
Kepler-26,3914.0,0.512,0.544,4.68
Kepler-102,4909.0,0.724,0.803,4.6
Kepler-1147,5941.0,1.14,1.09,4.36
Kepler-10,5708.0,1.065,0.91,4.344
HD 94834,4798.0,4.2,1.11,3.22
Kepler-271,5555.0,0.87,0.9,4.52
HD 108236,5660.0,0.877,0.869,4.49
K2-292,5725.0,1.09,1.0,4.33
K2-157,5334.0,0.86,0.89,4.45
Kepler-736,5217.0,0.81,0.86,4.56
HD 221585,5620.0,1.850575,1.19,4.05
XO-2 N,5290.0,0.998,0.96,4.43
4 UMa,4415.0,18.11,1.234,1.8
Kepler-1318,4598.0,0.7,0.73,4.62
K2-69,4127.0,0.491,0.551,4.786
HD 43197,5508.0,1.0,0.96,4.31
TOI-712,4622.0,0.674,0.732,4.645
NGTS-18,5610.0,1.392,1.003,4.16
Kepler-1046,5913.0,1.04,1.04,4.42
Kepler-1361,5131.0,0.79,0.83,4.57
Kepler-1454,5448.0,0.86,0.9,4.53
K2-58,5413.0,0.86,0.89,4.522
Kepler-301,5815.0,0.9,1.022,4.525
K2-229,5315.0,0.79,0.87,4.6
Kepler-536,5524.0,0.89,0.92,4.51
Kepler-971,5431.0,0.85,0.88,4.54
Kepler-1148,5054.0,0.77,0.81,4.58
Kepler-1927,6056.0,2.481,1.408,3.797
Kepler-619,5980.0,1.11,1.09,4.38
Kepler-844,4128.0,0.57,0.59,4.7
K2-99,6069.0,2.55,1.44,3.783
Kepler-124,4984.0,0.636,0.706,4.669
Kepler-1433,6097.0,1.19,1.14,4.34
Kepler-419,6430.0,1.74,1.39,4.1
Kepler-81,4385.0,0.59,0.64,4.7
HD 142,6245.0,1.47,1.21,4.62
Kepler-713,5785.0,0.99,0.98,4.44
Wolf 1061,3342.0,0.307,0.294,4.90218
Kepler-107,5854.0,1.447,1.238,4.21
Kepler-238,5800.0,0.96,1.06,4.49
HD 176986,4931.0,0.782,0.789,4.44
Kepler-758,6228.0,1.42,1.16,4.19
WASP-41,5545.0,0.87,0.93,4.53
GJ 1148,3287.0,0.358519,0.344045,4.86566
Kepler-1029,5030.0,0.77,0.82,4.58
Kepler-897,5839.0,1.04,1.03,4.41
TOI-2040,5132.0,0.87,0.92,4.515
K2-223,5859.0,1.0,1.06,4.5
Kepler-317,5497.0,0.941,0.865,4.493
Kepler-435,6161.0,3.21,1.538,3.613
Kepler-65,6211.0,1.41,1.25,4.232
Kepler-901,4184.0,0.57,0.59,4.7
HAT-P-9,6350.0,1.338,1.281,4.293
7 CMa,4826.0,4.87,1.34,3.19
Kepler-345,4504.0,0.623,0.61,4.683
Kepler-186,3788.0,0.472,0.478,4.77
Kepler-1487,6541.0,1.63,1.38,4.16
Kepler-539,5820.0,0.952,1.048,4.502
TOI-5916,3613.0,0.48,0.477,4.755
Kepler-150,5560.0,0.939,0.956,4.466
HD 33844,4861.0,5.39,1.84,3.24
Kepler-1928,5720.0,0.92,1.01,4.533
Kepler-373,5787.0,0.845,0.981,4.562
Kepler-394,6402.0,1.132,0.87,4.408
HD 136352,5664.0,1.058,0.87,4.39
HD 213240,5979.0,1.51,1.57,4.27
K2-183,5482.0,0.87,0.942219,4.6
HD 22496,4385.0,0.674,0.684,4.69
Kepler-517,5690.0,0.98,0.95,4.43
Kepler-1640,6324.0,1.43,1.27,4.23
Kepler-217,6171.0,1.799,1.342,4.03
TOI-4153,6860.0,1.605,1.572,4.224
Kepler-589,5372.0,0.916,0.832,4.434
WASP-73,6030.0,2.55,2.52,3.93
Kepler-647,6020.0,1.07,1.03,4.39
Kepler-1784,5442.0,0.974,0.887,4.409
Kepler-126,6239.0,1.358,1.108,4.247
Kepler-1559,5316.0,0.82,0.86,4.55
HATS-39,6572.0,1.621,1.379,4.158
Kepler-815,5028.0,3.42,1.25,3.46
HD 210277,5538.0,1.07,1.01,4.38
Kepler-783,5411.49,0.872088,0.94,4.53007
Kepler-602,6062.0,1.13,1.08,4.37
TOI-532,3927.0,0.612,0.639,4.669
Kepler-372,6509.0,1.137,1.202,4.405
Kepler-174,4880.0,0.622,0.602,4.679
Kepler-178,5676.0,1.066,0.852,4.334
TOI-2411,4099.0,0.68,0.65,4.59
Kepler-107,5854.0,1.447,1.238,4.21
Kepler-1348,5911.0,1.04,1.04,4.42
Kepler-1117,5612.0,0.93,0.95,4.49
Kepler-1604,4976.0,0.76,0.81,4.59
Kepler-984,5610.0,0.93,0.96,4.49
HD 22946,6169.0,1.117,1.098,4.47
K2-118,4726.29,0.734626,0.756446,4.53371
Kepler-11,5663.0,1.065,0.961,4.366
Kepler-632,5322.0,0.84,0.91,4.55
Kepler-57,5187.9,0.826,0.859,4.54
HD 141399,5600.0,1.387236,1.07,4.28
Kepler-277,5946.0,1.69,1.12,4.03
Kepler-461,5634.0,0.91,0.98,4.51
Kepler-1098,5794.0,0.99,0.99,4.45
HD 184010,4971.0,4.86,1.35,3.18
Kepler-450,6197.21,1.64162,1.19,4.08307
HD 231701,6101.0,1.53,1.21,4.31
Kepler-1736,6085.0,0.973,0.976,4.451
Kepler-1888,5557.0,1.249,0.897,4.198
TYC 3318-01333-1,4776.0,5.9,1.19,2.97
WASP-70 A,5763.0,1.215,1.106,4.314
TOI-1798,5165.0,0.78,0.87,4.572
GJ 317,3496.0,0.403,0.402,4.822436
TOI-1117,5635.0,1.05,0.97,4.41
NGTS-39,6053.0,1.16,1.16,4.419
Kepler-1409,5160.0,0.79,0.83,4.57
Kepler-1017,5473.0,0.87,0.93,4.53
Kepler-467,5809.0,1.37,1.05,4.18
Kepler-1364,6805.0,1.79,1.49,4.1
HD 118203,5742.0,2.04,1.27,3.92
Kepler-964,5427.0,0.84,0.93,4.55
Kepler-1097,5211.0,0.79,0.82,4.57
HD 110113,5732.0,0.968,0.997,4.46
Kepler-220,4632.0,0.666,0.729,4.652
TOI-1386,5735.0,1.0235,1.0363,4.431
TOI-3486,4930.0,0.788,0.837,4.569
Kepler-315,5796.0,1.037,0.831,4.377
Kepler-1078,5612.0,0.92,0.94,4.49
Kepler-1452,6101.0,2.06,1.41,3.95
Kepler-1055,5723.0,0.94,0.98,4.49
Kepler-60,5905.0,1.257,1.041,4.26
HD 99706,4891.0,5.4,1.72,3.2
WASP-14,6475.0,1.4,1.62,4.07
Kepler-402,6090.0,1.264,1.072,4.278
Kepler-1109,5893.0,1.06,1.05,4.41
Kepler-1262,5771.0,0.98,0.99,4.45
Kepler-122,6050.0,1.216,0.982,4.299
BEBOP-3,6033.0,1.414,1.083,4.203
Kepler-1677,6013.72,1.24959,1.11,4.28986
WASP-180 A,6600.0,1.19,1.3,4.42
GJ 163,3500.0,0.409738,0.4,4.81775
Kepler-1071,5215.0,0.81,0.86,4.56
TOI-1855,5359.0,1.041,0.987,4.397
WTS-2,5000.0,0.752,0.82,4.6
Kepler-779,3804.0,0.44,0.46,4.81
TOI-1806,3272.0,0.401575,0.392935,4.82521
Kepler-1809,4901.0,0.716,0.807,4.618
K2-242,3459.0,0.37,0.38,4.89
Kepler-1929,5786.0,1.471,1.006,4.106
Kepler-1081,5345.0,0.84,0.88,4.54
GJ 685,3816.0,0.54,0.55,4.72
TOI-469,5289.0,0.98,0.901,4.39
TOI-5398,6000.0,1.051,1.146,4.44
Kepler-603,5808.0,1.01,1.01,4.43
omi CrB,4769.0,11.87,1.3,2.36
TOI-2818,5721.0,1.229,0.977,4.25
Kepler-1214,5130.0,0.8,0.85,4.57
TOI-2128,5968.0,1.1174,1.0251,4.349
TOI-3321,5850.0,1.549,1.041,4.076
Kepler-1051,6675.0,1.73,1.43,4.12
Kepler-649,5871.0,0.94,0.97,4.48
HAT-P-55,5804.0,1.105,1.028,4.363
TAP 26,4620.0,1.17,1.04,4.5
Kepler-912,5998.0,1.11,1.07,4.37
HD 205739,6176.0,1.33,1.22,4.29
Kepler-939,5471.0,0.85,0.88,4.54
Kepler-1291,5216.0,0.8,0.84,4.56
Kepler-1002,6144.0,1.57,1.22,4.13
Kepler-344,5774.0,0.976,0.931,4.451
HIP 65891,5000.0,8.93,2.5,2.9
Kepler-992,4944.0,0.74,0.8,4.6
Kepler-246,5206.0,0.831,0.853,4.557
WASP-62,6230.0,1.23,1.11,4.45
GJ 4274,3228.0,0.19,0.18,5.26
Kepler-1111,6077.0,1.15,1.1,4.36
HATS-45,6450.0,1.315,1.272,4.305
Kepler-923,5988.0,1.26,1.11,4.28
Kepler-1273,5566.0,0.91,0.94,4.5
Kepler-36,5979.0,1.634,1.034,4.1
Kepler-172,5526.0,1.085,1.081,4.375
HD 307842,5558.0,0.907,0.91,4.48
HATS-7,4985.0,0.815,0.849,4.545
HATS-37 A,5326.0,0.877,0.843,4.478
Kepler-183,5888.0,0.958,0.99,4.502
K2-139,5370.0,0.88,0.96,4.54
Kepler-258,4942.0,0.915,0.82,4.441
Kepler-1311,5748.0,1.4,1.05,4.16
K2-233,4796.0,0.71,0.79,4.53
Kepler-902,5647.0,0.93,0.95,4.49
Kepler-171,5642.0,0.839,0.978,4.566
Kepler-894,5603.0,0.85,0.87,4.53
HD 64121,5078.0,5.44,1.64,3.19
Kepler-1794,5052.0,0.816,0.773,4.503
iot Dra,4504.0,11.79,1.54,2.48
Kepler-817,5861.0,1.03,1.03,4.42
Kepler-298,4465.0,0.582,0.66,4.709
K2-268,5106.0,0.78,0.84,4.58
Kepler-1165,6080.0,1.18,1.13,4.34
Kepler-1693,5553.0,1.098,0.941,4.33
Kepler-1894,5772.0,0.901,0.999,4.528
Kepler-1669,4224.0,0.603,0.609,4.662
TOI-1064,4734.0,0.726,0.748,4.6
HD 216520,5103.0,0.76,0.82,4.54
HD 93083,5033.8,0.837,0.836,4.23
Kepler-884,5715.0,0.94,1.0,4.49
K2-140,5585.0,1.06,0.96,4.4
K2-71,4006.0,0.426,0.477,4.852
Kepler-191,5282.0,0.789,0.857,4.594
HD 224018,5784.0,1.147,1.013,4.32
Kepler-1019,4433.0,0.67,0.7,4.64
Kepler-904,6160.0,1.25,1.16,4.31
HD 192310,5166.0,0.857922,0.8,4.51
Kepler-97,5779.0,0.98,0.94,4.43
Kepler-1909,4935.0,0.685,0.663,4.589
Kepler-169,4997.0,0.763,0.825,4.582
HD 134606,5576.0,1.158,1.046,4.33
Kepler-905,5461.0,0.86,0.95,4.55
WASP-28,6084.0,1.083,0.993,4.37
GJ 3341,3526.0,0.439,0.47,4.76852
KOI-55,27730.0,0.203,0.496,5.52
WASP-113,5890.0,1.608,1.318,4.2
Kepler-558,5242.0,0.81,0.85,4.56
TOI-1736,5636.0,1.4286,1.0373,4.142
Kepler-5,6297.0,1.793,1.374,3.96
Kepler-1263,5213.0,0.8,0.84,4.56
BD-17 63,4714.0,0.74,0.741,4.26
Kepler-130,5884.0,1.127,0.927,4.304
WASP-172,6900.0,1.91,1.49,4.05
TOI-4552,3258.0,0.2869,0.2619,4.94
Kepler-1843,5422.0,1.782,1.02,3.945
GJ 1289,3296.0,0.245012,0.21,4.9931
Kepler-1741,3683.0,0.424,0.454,4.84
Kepler-955,5350.0,0.84,0.89,4.54
Kepler-223,5803.0,1.72,1.125,4.46
Kepler-224,5018.0,0.676,0.777,4.639
HD 184010,4971.0,4.86,1.35,3.18
Kepler-365,6012.0,1.048,1.02,4.434
Kepler-532,5192.0,0.79,0.87,4.58
TOI-2714,5665.0,1.25,1.07,4.25
Kepler-403,6090.0,1.329,1.299,4.266
Kepler-474,5785.0,1.08,0.99,4.36
TOI-1472,5100.0,0.84,0.87,4.5
Kepler-555,5894.0,1.04,1.03,4.42
TIC 245076932,6130.0,1.288,1.117,4.267
Kepler-683,5703.0,0.95,0.96,4.47
Kepler-272,5297.0,0.929,0.91,4.426
HATS-10,5880.0,1.105,1.101,4.392
Kepler-229,5120.0,0.728,0.808,4.633
Kepler-1977,4805.0,0.688,0.769,4.633
Kepler-814,6162.0,1.22,1.15,4.33
WASP-2,5180.0,0.866,0.895,4.514
Kepler-1038,5335.0,0.83,0.87,4.55
Kepler-1802,4245.0,0.637,0.649,4.641
Kepler-56,4840.0,4.23,1.32,3.31
bet Pic,8038.68,1.54416,1.789,4.35072
Kepler-97,5779.0,0.98,0.94,4.43
HD 171238,5467.0,1.01,0.92,4.43
Kepler-595,5138.5,0.821,0.93,4.54
HD 137496,5799.0,1.59,1.04,4.05
WASP-145 A,4900.0,0.68,0.76,4.65
TOI-3785,3576.0,0.5,0.52,4.747
TOI-244,3433.0,0.426,0.428,4.66
HD 40307,4956.0,0.716684,0.77,4.47
HD 113538,4462.0,0.53,0.585,3.79
Kepler-1138,5582.0,0.92,0.95,4.49
HIP 21152,6655.0,1.59186,1.4,4.3
K2-9,3390.0,0.31,0.3,4.816
PDS 70,4109.0,1.26,0.982,4.23
TOI-5344,3747.0,0.588,0.612,4.686
TOI-2382,6033.0,1.417,1.26,4.235
TOI-2010,5929.0,1.079,1.112,4.417
WASP-136,6250.0,2.39014,1.41,3.9
HD 11977,4970.0,10.09,1.91,2.9
HD 102272,4790.0,10.3,1.45,2.58
Kepler-1949,6028.0,1.454,1.194,4.189
Kepler-1496,6182.0,1.27,1.18,4.29
HD 128311,4965.0,0.76,0.828,4.61
Kepler-1954,5840.0,0.849,0.942,4.553
HD 181342,4945.0,4.71,1.69,3.28
Kepler-362,5788.0,0.722,0.904,4.639
K2-204,5783.0,1.253,1.076,4.273
Kepler-366,6209.0,1.048,1.088,4.452
Kepler-416,5670.0,1.022,0.949,4.397
KOI-2513,5900.0,1.2,0.91,4.3
K2-233,4796.0,0.71,0.79,4.53
WASP-187,6150.0,2.83,1.54,3.722
Kepler-1587,5933.0,1.22,1.08,4.3
eps CrB,4406.0,21.0,1.7,1.94
EPIC 201595106,5679.0,0.98,0.958,4.435
Kepler-1398,6126.0,1.18,1.13,4.34
WASP-169,6110.0,2.011,1.337,3.958
WASP-83,5510.0,1.05,1.11,4.44
HD 564,5902.0,1.01,0.961,4.53
HD 116029,4951.0,4.6,1.33,3.4
Kepler-301,5815.0,0.9,1.022,4.525
TOI-521,3544.0,0.421,0.42,4.97
HD 211403,6273.0,1.206,1.2,4.3
HR 8799,7204.58,1.49338,1.5,4.29656
Kepler-282,5656.0,0.89,0.97,4.53
HD 10180,5911.0,1.109,1.06,4.39
TOI-4602,5966.0,1.08,0.9,4.34
HD 8535,6136.0,1.19,1.13,4.46
tau Cet,5310.0,0.83,0.783,4.52
Kepler-380,6045.0,1.224,0.99,4.293
Kepler-756,5282.0,0.79,0.82,4.57
HD 110014,4445.0,20.9,2.17,2.1
EPIC 229004835,5868.0,0.999,0.97,4.47031
Kepler-1283,6175.0,1.25,1.16,4.31
TOI-1439,5841.0,1.6184,1.2313,4.106
HAT-P-8,6200.0,1.57,1.27,4.15
Kepler-1705,6312.0,1.259,1.139,4.298
K2-295,4444.0,0.7,0.74,4.63
Kepler-1899,4791.0,0.742,0.759,4.577
TOI-2567,5611.0,1.686,1.13,4.044
Kepler-600,5279.0,0.81,0.84,4.56
GJ 1061,2953.0,0.156,0.12,5.15856
iot Dra,4504.0,11.79,1.54,2.48
HD 99492,4929.0,0.822539,0.85,4.57
Qatar-9,4309.0,0.696,0.719,4.61
HD 10697,5641.0,1.863076,0.99,3.957761
Kepler-1453,5665.0,0.94,0.97,4.48
Kepler-951,4834.0,0.73,0.77,4.6
G 264-012,3326.0,0.305,0.297,4.85
Kepler-108,5854.0,2.192,1.247,3.895
HD 191939,5348.0,0.94,0.81,4.3
Kepler-302,5740.0,1.22,1.021,4.286
WASP-44,5420.0,0.906,0.935,4.494
Kepler-213,5696.0,1.195,1.07,4.31
Kepler-1702,5093.0,0.725742,0.85,4.64592
Kepler-827,5602.0,0.91,0.93,4.5
Kepler-26,4486.0,0.571,0.593,4.733
Kepler-1359,4709.0,0.72,0.78,4.62
Kepler-1512,4372.0,0.67,0.73,4.64
HD 206610,4842.0,6.12,1.55,3.22
Kepler-99,4782.0,0.73,0.79,4.605
Kepler-158,4623.0,0.624,0.655,4.66
Kepler-1010,5253.0,0.82,0.86,4.55
Kepler-1233,6198.0,1.25,1.16,4.3
Kepler-1230,5961.0,1.08,1.06,4.4
Kepler-300,5986.0,0.9,1.07,4.532
GJ 3779,3324.0,0.281,0.27,5.05
K2-80,5377.0,0.841458,0.913111,4.65
TOI-1422,5840.0,1.019,0.9903,4.412
Kepler-920,5403.0,0.85,0.89,4.54
TOI-1386,5735.0,1.0235,1.0363,4.431
Kepler-687,4841.0,0.73,0.77,4.6
TOI-1669,5497.0,1.0561,0.9867,4.382
HD 111232,5512.0,0.9,0.96,4.45
Kepler-1991,5478.0,1.053,0.914,4.354
70 Vir,5495.0,1.89,1.09,3.95
HD 134060,5966.0,1.164285,1.095,4.43
HIP 116454,5048.0,0.758,0.8,4.582
Kepler-1646,3299.0,0.26,0.24,5.01
Kepler-1637,5789.0,1.02,1.02,4.43
Kepler-50,6225.0,1.58,1.24,4.132
Kepler-1990,5751.0,1.071,1.028,4.391
Kepler-804,5817.0,1.05,1.01,4.4
HD 160691,5773.0,1.33,1.13,4.2
HD 191806,6010.0,1.40223,1.07,4.45
Kepler-985,5434.0,0.85,0.91,4.54
GJ 9714,4263.0,0.662662,0.67,4.62156
Kepler-930,6335.0,1.4,1.25,4.24
Kepler-834,4554.0,0.66,0.7,4.64
HATS-46,5495.0,0.853,0.917,4.542
K2-249,6504.0,1.57,1.32,4.16
Kepler-1887,5749.0,0.864,0.961,4.547
HD 5891,4673.0,10.64,1.93,2.67
Kepler-454,5687.0,1.066,1.03,4.4
Kepler-1565,4940.0,0.73,0.76,4.6
Kepler-355,6184.0,1.066,0.933,4.441
Kepler-1632,6137.0,1.19,1.12,4.33
K2-266,4285.0,0.703,0.686,4.581
HD 93963 A,5908.0,1.0311,1.0844,4.445
Kepler-103,6047.0,1.492,1.212,4.17
Kepler-85,5436.0,0.893,0.947,4.494
HD 154672,5743.0,1.32,1.18,4.27
Kepler-938,5533.0,0.89,0.92,4.51
GJ 163,3500.0,0.409738,0.4,4.81775
TOI-620,3708.0,0.55,0.577,4.718
Kepler-1457,5866.0,1.01,1.01,4.43
GJ 3512,3141.0,0.139,0.123,5.1582
HD 45184,5869.0,1.075139,1.03,4.47
K2-148,4079.0,0.632,0.65,4.653
Kepler-1943,6032.0,0.973,1.055,4.485
GJ 3138,3717.0,0.5,0.681,4.62872
Kepler-27,5400.0,0.59,0.65,5.4
HAT-P-2,6412.0,1.416,1.33,4.16
HD 114783,5135.0,0.840622,0.9,4.525599
NGTS-9,6330.0,1.38,1.34,4.37
Kepler-584,6195.0,1.24,1.17,4.31
Kepler-799,5681.0,0.93,0.95,4.49
Kepler-132,6003.0,1.178,0.929,4.31
Kepler-1961,5401.0,0.777,0.871,4.593
K2-153,3845.0,0.53,0.55,4.73
TOI-1224,3326.0,0.404,0.4,4.893
HIP 54597,4799.0,0.66,0.8,4.43
WASP-5,5700.0,1.029,0.96,4.395
HD 195019,5751.0,1.48,1.21,4.18
HD 75289,6117.0,1.23,1.29,4.37
Kepler-102,4909.0,0.724,0.803,4.6
Kepler-334,5828.0,1.068,1.022,4.385
Kepler-623,5443.0,0.86,0.9,4.53
Kepler-248,5190.0,0.831,0.838,4.573
K2-180,5365.0,0.719,0.735,4.591
K2-122,4009.0,0.59,0.63,4.69
Kepler-424,5460.0,0.94,1.01,4.5
TOI-654,3521.0,0.43,0.419,4.793
Kepler-295,5603.0,0.898,0.89,4.444
Kepler-1689,5731.43,0.996208,1.023,4.45124
HD 73583,4511.0,0.65,0.73,4.62
TOI-2445,3333.0,0.27,0.25,4.97
55 Cnc,5198.0,0.98,1.015,4.3
55 Cnc,5198.0,0.98,1.015,4.3
55 Cnc,5198.0,0.98,1.015,4.3
55 Cnc,5172.0,0.943,0.905,4.43
55 Cnc,5198.0,0.98,1.015,4.3
GJ 1214,3101.0,0.2162,0.182,5.0286
GJ 436,3586.11,0.455,0.47,4.792
HAT-P-12,4650.0,0.701,0.733,4.61
HAT-P-13,5653.0,1.756,1.32,4.07
HAT-P-13,5653.0,1.756,1.32,4.07
HAT-P-14,6600.0,1.82,2.65,4.25
HAT-P-17,5246.0,0.87,0.99,4.53
HAT-P-17,5336.96,0.838682,0.92,4.55466
HAT-P-18,4803.0,0.749,0.77,4.57
HAT-P-1,5980.0,1.174,1.151,4.359
HAT-P-26,5079.0,0.87,1.12,4.56
HAT-P-30,6304.0,1.31,1.55,4.36
HAT-P-32,6001.0,1.367,1.132,4.22
HD 149026,6179.0,1.41,1.42,4.37
HD 189733,5052.0,0.75,0.79,4.49
HD 209458,6091.0,1.19,1.23,4.45
HD 80606,5565.0,1.05,1.05,4.42
HD 86226,5863.0,1.053,1.019,4.4
TrES-4,6200.0,1.66,1.08,4.06
WASP-12,6265.0,1.69,1.325,4.11
WASP-15,6300.0,1.48,1.18,4.35
WASP-17,6550.0,1.49,2.28,4.2
WASP-18,6432.0,1.319,1.294,4.31
WASP-19,5616.0,1.006,0.965,4.417
WASP-25,5697.0,0.884,0.962,4.529
WASP-39,5485.0,0.939,0.913,4.453
WASP-43,4400.0,0.6,0.58,4.65
WASP-6,5438.0,0.79,0.854,4.565
GJ 3470,3600.0,0.547,0.539,4.695
WASP-47,5565.0,1.156,1.058,4.3437
WASP-63,5550.0,1.86,1.28,4.01
WASP-52,5000.0,0.79,0.87,4.582
WASP-77 A,5617.0,0.91,0.903,4.476
WASP-80,4143.0,0.586,0.577,4.663
WASP-103,6110.0,1.436,1.22,4.22
WASP-96,5540.0,1.05,1.06,4.42
WASP-94 A,6170.0,1.48,1.67,4.27
WASP-94 B,6040.0,1.35,1.24,4.26
WASP-69,4792.0,0.801,0.83,4.57
WASP-84,5280.0,0.768,0.853,4.598
WASP-20,5940.0,1.242,1.2,4.231
HATS-6,3724.0,0.57,0.574,4.683
KELT-7,6768.0,1.81,1.76,4.5
K2-18,3457.0,0.411,0.359,4.7864
KELT-8,5754.0,1.46,0.81,4.08
WASP-47,5565.0,1.156,1.058,4.3437
WASP-47,5565.0,1.156,1.058,4.3437
WASP-47,5565.0,1.156,1.058,4.3437
GJ 1132,3229.0,0.2211,0.1945,5.037
WASP-76,6329.0,1.756,1.458,4.196
KELT-4 A,6206.0,1.603,1.201,4.108
TRAPPIST-1,2566.0,0.1192,0.0898,5.2396
TRAPPIST-1,2566.0,0.1192,0.0898,5.2396
TRAPPIST-1,2566.0,0.1192,0.0898,5.2396
K2-34,6168.0,1.42,1.16,4.2
WASP-121,6628.0,1.461,1.33,4.251
HIP 41378,6290.0,1.3,1.22,4.298
HIP 41378,6290.0,1.3,1.22,4.298
HIP 41378,6290.0,1.3,1.22,4.298
HIP 41378,6290.0,1.3,1.22,4.298
HIP 41378,6290.0,1.3,1.22,4.298
HD 3167,5338.0,0.871,0.864,4.504
HD 3167,5338.0,0.871,0.864,4.504
HAT-P-65,5872.0,1.666,1.297,4.1079
WASP-131,5990.0,1.561,1.06,4.075
WASP-139,5310.0,0.8,0.92,4.59
WASP-127,5620.0,1.333,0.95,4.18
TRAPPIST-1,2566.0,0.1192,0.0898,5.2396
TRAPPIST-1,2566.0,0.1192,0.0898,5.2396
TRAPPIST-1,2566.0,0.1192,0.0898,5.2396
TRAPPIST-1,2566.0,0.1192,0.0898,5.2396
HD 106315,6327.0,1.296,1.091,4.252
HD 106315,6327.0,1.296,1.091,4.252
LHS 1140,3096.0,0.2159,0.1844,5.041
KELT-11,5375.0,2.69,1.44,3.7
KELT-9,9270.0,2.418,2.32,4.037
HD 3167,5338.0,0.871,0.864,4.504
WASP-107,4425.0,0.657,0.683,4.633
GJ 9827,4236.0,0.58,0.62,4.719
GJ 9827,4236.0,0.58,0.62,4.719
GJ 9827,4236.0,0.58,0.62,4.7
KELT-20,8720.0,1.565,1.76,4.29
K2-18,3457.0,0.411,0.359,4.7864
K2-141,4570.0,0.681,0.708,4.62
K2-141,4570.0,0.681,0.708,4.62
K2-232,6154.0,1.161,1.188,4.379
GJ 1132,3090.0,0.226,0.198,5.02
HAT-P-11,4653.0,0.683,0.811,4.663
NGTS-2,6478.0,1.702,1.64,4.197
WASP-164,5806.0,0.932,0.946,4.45645
LHS 1140,3096.0,0.2159,0.1844,5.041
K2-287,5695.0,1.07,1.056,4.398
LHS 3844,3080.0,0.189,0.151,5.07
HD 15337,5131.0,0.855,0.829,4.48
HD 15337,5131.0,0.855,0.829,4.48
L 98-59,3415.0,0.3155,0.2923,4.91
L 98-59,3415.0,0.3155,0.2923,4.91
L 98-59,3415.0,0.3155,0.2923,4.91
V1298 Tau,4970.0,1.32,1.1,4.227
WASP-166,6050.0,1.22,1.19,4.34
TOI-270,3506.0,0.38,0.386,4.872
TOI-270,3506.0,0.38,0.386,4.872
TOI-270,3506.0,0.38,0.386,4.872
GJ 357,3505.0,0.337,0.342,4.94
GJ 357,3505.0,0.337,0.342,4.94
GJ 357,3505.0,0.337,0.342,4.94
LTT 1445 A,3562.0,0.271,0.257,4.97389
WASP-178,9360.0,1.67,2.07,4.31
V1298 Tau,4970.0,1.32,1.1,4.227
V1298 Tau,4970.0,1.32,1.1,4.227
V1298 Tau,4970.0,1.32,1.1,4.227
LP 791-18,2960.0,0.182,0.139,5.115
LP 791-18,2960.0,0.182,0.139,5.115
TOI-125,5320.0,0.848,0.859,4.516
TOI-125,5320.0,0.848,0.859,4.516
L 168-9,3842.0,0.604,0.614,4.84
TOI-125,5320.0,0.848,0.859,4.516
HATS-48 A,4546.0,0.7152,0.7279,4.5909
HATS-72,4656.1,0.7214,0.7311,4.5853
NGTS-10,4600.0,0.697,0.696,4.595
TOI-1130,4360.0,0.697,0.745,4.55
TOI-1130,4360.0,0.697,0.745,4.55
TOI-677,6295.0,1.28,1.181,4.291
LTT 3780,3358.0,0.38,0.381,4.85
LTT 3780,3358.0,0.38,0.381,4.85
TOI-1338 A,5723.2,1.313,1.0936,4.0
AU Mic,3540.0,0.862,0.635,4.37
WASP-148,5555.0,0.912,0.954,4.496
WASP-148,5555.0,0.912,0.954,4.496
NGTS-11,5050.0,0.832,0.862,4.5
TOI-849,5257.0,0.97,0.97,4.48
TOI-700,3459.0,0.421,0.415,4.809
TOI-700,3459.0,0.421,0.415,4.809
TOI-700,3459.0,0.421,0.415,4.809
HIP 67522,5675.0,1.38,1.22,4.0
TOI-1899,3926.0,0.607,0.632,4.672
HD 86226,5863.0,1.053,1.019,4.4
WD 1856+534,4710.0,0.0131,0.518,7.915
LTT 9779,5443.0,0.949,1.02,4.35
TOI-824,4600.0,0.695,0.71,4.605
TOI-421,5291.0,0.866,0.833,4.48
TOI-421,5291.0,0.866,0.833,4.48
GJ 3473,3347.0,0.364,0.36,4.81
GJ 3473,3347.0,0.364,0.36,4.81
WASP-107,4425.0,0.657,0.683,4.633
TOI-776,3725.0,0.547,0.542,4.8
TOI-776,3725.0,0.547,0.542,4.8
TOI-561,5342.0,0.843,0.806,4.47
TOI-561,5342.0,0.843,0.806,4.47
TOI-561,5342.0,0.843,0.806,4.47
TOI-561,5342.0,0.843,0.806,4.47
TOI-451,5490.0,0.85,0.93,4.53
TOI-451,5490.0,0.85,0.93,4.53
TOI-451,5490.0,0.85,0.93,4.53
TOI-178,4316.0,0.662,0.647,4.45
TOI-178,4316.0,0.662,0.647,4.45
TOI-178,4316.0,0.662,0.647,4.45
TOI-178,4316.0,0.662,0.647,4.45
TOI-178,4316.0,0.662,0.647,4.45
TOI-178,4316.0,0.662,0.647,4.45
GJ 486,3317.0,0.3243,0.312,4.9111
LHS 1478,3381.0,0.246,0.236,4.87
TOI-1231,3553.0,0.476,0.485,4.767
TOI-674,3514.0,0.42,0.42,4.81
TOI-1685,3470.0,0.462,0.466,4.68
TOI-1807,4914.0,0.746,0.8048,4.598
TOI-2076,5187.0,0.758,0.849,4.608
TOI-2076,5187.0,0.758,0.849,4.608
TOI-2076,5187.0,0.758,0.849,4.608
AU Mic,3540.0,0.862,0.635,4.37
TOI-431,4850.0,0.731,0.78,4.6
TOI-431,4850.0,0.731,0.78,4.6
TOI-431,4850.0,0.731,0.78,4.6
L 98-59,3415.0,0.3155,0.2923,4.91
HD 63935,5513.0,0.9598,0.9406,4.445
HD 63935,5513.0,0.9598,0.9406,4.445
GJ 367,3535.0,0.457,0.451,4.776
TOI-2109,6540.0,1.698,1.453,4.139
HATS-75,3790.4,0.5848,0.6017,4.6831
LTT 1445 A,3340.0,0.265,0.257,4.97389
TOI-500,4440.0,0.678,0.74,4.618
TOI-1075,3875.0,0.581,0.604,4.69
TOI-1442,3330.0,0.31,0.29,4.92
TOI-2260,5534.0,0.94,0.99,4.62
GJ 3929,3384.0,0.32,0.313,4.89
WASP-189,8000.0,2.36,2.03,3.9
TOI-1670,6170.0,1.316,1.21,4.29
TOI-1670,6170.0,1.316,1.21,4.29
TOI-500,4440.0,0.678,0.74,4.618
TOI-500,4440.0,0.678,0.74,4.618
TOI-500,4440.0,0.678,0.74,4.618
HD 260655,3803.0,0.439,0.439,5.2
HD 260655,3803.0,0.439,0.439,5.2
TOI-3714,3660.0,0.51,0.53,4.75
GJ 3929,3384.0,0.32,0.313,4.89
GJ 3090,3707.0,0.516,0.519,4.727
TOI-181,4994.0,0.745,0.822,4.608
TOI-199,5255.0,0.82,0.936,4.582
TOI-700,3459.0,0.421,0.415,4.809
TOI-771,3370.0,0.232,0.22,4.8
TOI-836,4552.0,0.665,0.678,4.743
TOI-836,4552.0,0.665,0.678,4.743
LHS 475,3300.0,0.2789,0.262,5.0
TOI-1136,5770.0,0.968,1.022,4.47
TOI-1136,5770.0,0.968,1.022,4.47
TOI-1136,5770.0,0.968,1.022,4.47
TOI-1136,5770.0,0.968,1.022,4.47
TOI-1173,5350.0,0.934,0.911,4.45
TOI-1416,4884.0,0.793,0.798,4.52
TOI-1420,5510.0,0.923,0.987,4.502
TOI-1468,3376.0,0.3714,0.3527,4.846
TOI-1468,3376.0,0.3714,0.3527,4.846
HIP 9618,5649.0,0.9593,0.942,4.445
HIP 9618,5649.0,0.9593,0.942,4.445
TOI-1801,3863.0,0.547,0.556,4.78
TOI-1823,4927.0,0.8049,0.8414,4.548
TOI-2031 A,6490.0,1.241,1.174,4.32
TOI-2134,4580.0,0.709,0.744,4.8
TOI-2134,4580.0,0.709,0.744,4.8
TOI-2374,5002.0,0.711,0.802,4.638
TOI-2431,4109.0,0.651,0.661,4.68
TOI-3235,3388.8,0.3697,0.3939,4.8976
TOI-3757,3913.0,0.62,0.64,4.68
TOI-3884,3180.0,0.302,0.298,4.97
TOI-3984 A,3476.0,0.47,0.49,4.81
TOI-4010,4960.0,0.83,0.88,4.54
TOI-4010,4960.0,0.83,0.88,4.54
TOI-4010,4960.0,0.83,0.88,4.54
TOI-4336 A,3307.0,0.326,0.306,4.897
HD 20329,5596.0,1.13,0.9,4.4
Kepler-167,4884.0,0.749,0.777,4.579
TOI-5205,3430.0,0.394,0.392,4.84
Kepler-167,4884.0,0.749,0.777,4.579
TOI-5293 A,3586.0,0.52,0.54,4.77
KOI-94,6182.0,1.52,1.277,4.181
HD 3167,5338.0,0.871,0.864,4.504
TOI-1136,5770.0,0.968,1.022,4.47
TOI-1136,5770.0,0.968,1.022,4.47
TOI-1338 A,5723.2,1.313,1.0936,4.0
WASP-84,5280.0,0.768,0.853,4.598
TOI-6109,5660.0,1.021,1.03,4.45
WASP-193,6080.0,1.213,1.018,4.28
LP 791-18,2960.0,0.182,0.139,5.115
HD 207496,4819.0,0.769,0.8,4.507
TOI-4010,4960.0,0.83,0.88,4.54
GJ 367,3522.0,0.458,0.455,4.776
GJ 367,3522.0,0.458,0.455,4.776
TOI-6109,5660.0,1.021,1.03,4.45
TOI-199,5255.0,0.82,0.936,4.582
AU Mic,3665.0,0.82,0.6,4.52
AU Mic,3678.0,0.744,0.51,4.404
GJ 806,3600.0,0.4144,0.413,4.98
GJ 806,3600.0,0.4144,0.413,4.98
HD 110067,5266.0,0.788,0.798,4.54
HD 110067,5266.0,0.788,0.798,4.54
HD 110067,5266.0,0.788,0.798,4.54
HD 110067,5266.0,0.788,0.798,4.54
HD 110067,5266.0,0.788,0.798,4.54
HD 110067,5266.0,0.788,0.798,4.54
TOI-6894,3007.0,0.2276,0.207,5.039
IRAS 04125+2902,4080.0,1.45,0.7,3.84689
HIP 67522,5675.0,1.38,1.22,4.0
Kepler-51,5674.0,0.87,0.96,4.7
TOI-771,3370.0,0.232,0.22,4.8
TOI-2076,5187.0,0.758,0.849,4.608
L 98-59,3415.0,0.3155,0.2923,4.91
HIP 41378,6290.0,1.3,1.22,4.298
55 Cnc B,3286.0,0.274,0.26,4.86
55 Cnc B,3286.0,0.274,0.26,4.86
GJ 3090,3707.0,0.516,0.519,4.727
TOI-4336 A,3307.0,0.326,0.306,4.897
TOI-260,4026.0,0.607,0.616,4.45
Kepler-12,5947.0,1.483,1.166,4.175
KOI-94,6182.0,1.52,1.277,4.181
Kepler-167,4884.0,0.749,0.777,4.579
Kepler-51,6018.0,0.94,1.04,4.51
Kepler-51,6018.0,0.94,1.04,4.51
Kepler-51,6018.0,0.94,1.04,4.51
Kepler-167,4884.0,0.749,0.777,4.579
KOI-94,6182.0,1.52,1.277,4.181
KOI-94,6182.0,1.52,1.277,4.181
PH2,5734.0,0.949,0.966,4.47
HAT-P-11,4653.0,0.683,0.811,4.663
LP 714-47,4123.0,0.536,0.542,4.6
TOI-4438,3501.0,0.365,0.345,4.67
TOI-4504,5315.0,0.93,0.875,4.443
TOI-4504,5315.0,0.93,0.875,4.443
TOI-5628 A,3310.0,0.35,0.36,4.438
TOI-4504,5315.0,0.93,0.875,4.443
K2-24,5726.0,1.185,1.091,4.48
K2-24,5726.0,1.185,1.091,4.48
HD 114082,6651.0,1.49,1.47,4.19
CoRoT-1,5950.0,1.11,0.95,4.25
Qatar-4,5215.0,0.849,0.896,4.533
TOI-762 A,3266.0,0.425,0.442,4.827
TOI-2384,3943.0,0.6113,0.635,4.66
TOI-5292 A,3919.0,0.611,0.596,4.642
TIC 46432937,3572.0,0.5299,0.563,4.74
HD 60779,6081.0,1.129,1.05,4.356
HD 60779,6081.0,1.129,1.05,4.356
